input_id,model,quant_level,n_pairs,n_skipped_pairs,nli_contradiction_max_mean,nli_contradiction_max_mean_std,nli_contradiction_mean_mean,nli_contradiction_mean_mean_std,nli_contradiction_q90_mean,nli_contradiction_q90_mean_std
MAIN-001,Gemma-3-4B-it,Q3_K_M,190,0,0.9747018157278872,0.020595469928639,0.2079008646123231,0.021049761817608,0.8059224143882886,0.0613670475644334
MAIN-001,Gemma-3-4B-it,Q4_K_M,190,0,0.9842919178114062,0.0259200852305677,0.2537508806178703,0.0407024345680479,0.8525147418129414,0.0926412295935925
MAIN-001,Gemma-3-4B-it,Q5_K_M,190,0,0.9927622526437548,0.0105065338014195,0.2215092989424243,0.0232145081115491,0.8263787749086632,0.0606763619161398
MAIN-001,Gemma-3-4B-it,Q6_K,190,0,0.9804522009347288,0.0196063921244871,0.244664636150203,0.0311304467113968,0.827440353403414,0.0642427504391524
MAIN-001,Phi-4-mini-instruct,Q3_K_M,190,0,0.4918280809219156,0.1941330272149636,0.0836445071277346,0.0417691826287998,0.2548368486105489,0.1425248486697618
MAIN-001,Phi-4-mini-instruct,Q4_K_M,190,0,0.44792874259993,0.2179685631416477,0.0819873159802642,0.0438561619917628,0.2459934888052478,0.1448776196058457
MAIN-001,Phi-4-mini-instruct,Q5_K_M,190,0,0.3597853628617637,0.213855253941484,0.0603602122658203,0.0418532172298699,0.1793123469549628,0.1455890073438485
MAIN-001,Phi-4-mini-instruct,Q6_K,190,0,0.2394738327530068,0.1892529350473314,0.0440346080523574,0.0376926588677365,0.1291215601476748,0.1160866116995744
MAIN-001,Qwen-MediCare-BD,Q3_K_M,190,0,0.8258667361150285,0.1630462652320149,0.2277640844450823,0.0746667636894905,0.6284386201937453,0.1670738618750747
MAIN-001,Qwen-MediCare-BD,Q4_K_M,190,0,0.653711053611982,0.1942275102103838,0.1838037953796195,0.0717183325469147,0.4967867984606363,0.1788279465809779
MAIN-001,Qwen-MediCare-BD,Q5_K_M,190,0,0.6744530019888264,0.1916947928598959,0.2060931367941839,0.0732447898574554,0.5373786834580793,0.1716199608518996
MAIN-001,Qwen-MediCare-BD,Q6_K,190,0,0.7283660810943143,0.1323638920669208,0.2063883122736152,0.0581395657351469,0.5688752530853567,0.1258461771277418
MAIN-002,Gemma-3-4B-it,Q3_K_M,0,190,,,,,,
MAIN-002,Gemma-3-4B-it,Q4_K_M,190,0,0.8398598542784259,0.065512833437431,0.1334154057832157,0.0210291732409461,0.4521856593427079,0.0872023186765962
MAIN-002,Gemma-3-4B-it,Q5_K_M,190,0,0.815290574759868,0.0544691542380346,0.1400885666923041,0.014361132445539,0.4925674929654249,0.0686079281789846
MAIN-002,Gemma-3-4B-it,Q6_K,190,0,0.8151937938893097,0.076020407391244,0.1271281688657569,0.0199288718351798,0.4624060844927883,0.0894865172357319
MAIN-002,Phi-4-mini-instruct,Q3_K_M,190,0,0.5945437533855883,0.2055731608672817,0.1425068959045736,0.0581291027391179,0.4042634254774477,0.1647864260275069
MAIN-002,Phi-4-mini-instruct,Q4_K_M,190,0,0.5059052749507336,0.1792139834310317,0.0882007440882338,0.0390064501748637,0.2484118946014883,0.1282171718253009
MAIN-002,Phi-4-mini-instruct,Q5_K_M,190,0,0.6213875652556314,0.1893993548473292,0.1220877097902489,0.0428138952385524,0.3617334948332895,0.1388603170079565
MAIN-002,Phi-4-mini-instruct,Q6_K,190,0,0.7229773819618724,0.18185909722846,0.1228189203412698,0.0348008280584548,0.3932587290280041,0.1219214091271411
MAIN-002,Qwen-MediCare-BD,Q3_K_M,190,0,0.4886726760367552,0.242217296417919,0.1246624674088845,0.0691476220559001,0.3316151563328602,0.1859161991854055
MAIN-002,Qwen-MediCare-BD,Q4_K_M,190,0,0.5715194707387949,0.202284397334113,0.1606735920769982,0.0743222611007096,0.4074592021249657,0.1692910627287773
MAIN-002,Qwen-MediCare-BD,Q5_K_M,190,0,0.4633538894542802,0.2609455334988969,0.1321421729775446,0.1097873721492805,0.3169696295866009,0.1942099969263389
MAIN-002,Qwen-MediCare-BD,Q6_K,190,0,0.4625165300794512,0.2695431011068633,0.1540245158621933,0.097701330759699,0.3647117636633249,0.2227500577073199
MAIN-003,Gemma-3-4B-it,Q3_K_M,190,0,0.9603485286728666,0.0391376720173274,0.1679463224570742,0.0245110062414005,0.6810008447406314,0.1089270832453505
MAIN-003,Gemma-3-4B-it,Q4_K_M,190,0,0.9867292094719804,0.0189526840011376,0.2203479443809454,0.0197776839451246,0.8147597090782202,0.0513697178166221
MAIN-003,Gemma-3-4B-it,Q5_K_M,171,19,0.9932966324200848,0.0109598094092884,0.2505109506931718,0.0312000309253306,0.861623434781082,0.0510336175728877
MAIN-003,Gemma-3-4B-it,Q6_K,190,0,0.976913939706409,0.0243664675006175,0.21471099047044,0.0294723362453299,0.7987420885051218,0.0834329018728107
MAIN-003,Phi-4-mini-instruct,Q3_K_M,190,0,0.3667090951143142,0.2357480356590031,0.0757690714152905,0.0544791730168454,0.212333778722787,0.1593458509576844
MAIN-003,Phi-4-mini-instruct,Q4_K_M,190,0,0.3468926533476156,0.2390038296320005,0.0801067826299202,0.0698940515256498,0.213747369879025,0.1721420036307394
MAIN-003,Phi-4-mini-instruct,Q5_K_M,190,0,0.2194160140386986,0.2359660251342545,0.0646304549796745,0.0884721347941941,0.1457470879053748,0.1750342819243605
MAIN-003,Phi-4-mini-instruct,Q6_K,190,0,0.4027632581246527,0.290988352862559,0.1424235353303989,0.1223209704665798,0.3189811313618519,0.2502718413583608
MAIN-003,Qwen-MediCare-BD,Q3_K_M,190,0,0.4914261539086214,0.3252158296644589,0.2398286199655451,0.2136080316799119,0.405971326606857,0.2812005109073399
MAIN-003,Qwen-MediCare-BD,Q4_K_M,190,0,0.7510017562346658,0.1652960284094031,0.184279503367313,0.0634600897425041,0.5408083397320447,0.1745551036185024
MAIN-003,Qwen-MediCare-BD,Q5_K_M,190,0,0.5061175115410248,0.3166778898252682,0.19637596767962,0.1206090999103924,0.4212914689296519,0.2655162476325565
MAIN-003,Qwen-MediCare-BD,Q6_K,190,0,0.692213959764646,0.1941430377138031,0.1875257682038401,0.0721122407091828,0.5195387828790833,0.1914402385381119
MAIN-004,Gemma-3-4B-it,Q3_K_M,190,0,0.940647593042502,0.0503222247198579,0.2178119078739713,0.0289135136283071,0.7145418459910184,0.0859102529683696
MAIN-004,Gemma-3-4B-it,Q4_K_M,190,0,0.704068889532244,0.1247555891828766,0.1401300052312462,0.0358476354291173,0.4438463065429445,0.1323330450941729
MAIN-004,Gemma-3-4B-it,Q5_K_M,190,0,0.9628356835817614,0.0302825753626705,0.2202094575851149,0.034841158149682,0.724877704528687,0.0976309488325936
MAIN-004,Gemma-3-4B-it,Q6_K,190,0,0.9010258630554688,0.0466655213289373,0.1823470249225204,0.0279784490520568,0.5833027096470716,0.0798113889169961
MAIN-004,Phi-4-mini-instruct,Q3_K_M,190,0,0.5792200030208571,0.1331668171024543,0.1171313804444916,0.0369488823123107,0.3537564979764293,0.1183476288695258
MAIN-004,Phi-4-mini-instruct,Q4_K_M,190,0,0.5904870685477992,0.163733184919525,0.1090935616964065,0.0343391113988336,0.3244522314024652,0.1232111204160096
MAIN-004,Phi-4-mini-instruct,Q5_K_M,190,0,0.5412309113241323,0.2153777156043831,0.0926725448219974,0.044170882704728,0.2806690457347721,0.1491672755638715
MAIN-004,Phi-4-mini-instruct,Q6_K,190,0,0.6265389257361477,0.1612938795688808,0.1125711294067953,0.0363300437753302,0.3467223620974278,0.1311948539597429
MAIN-004,Qwen-MediCare-BD,Q3_K_M,190,0,0.7475536733128589,0.1972061751855159,0.1800480435090707,0.061540748068931,0.5270360518576627,0.1844240138011514
MAIN-004,Qwen-MediCare-BD,Q4_K_M,190,0,0.6187519658366581,0.2244073486647007,0.1475682631651552,0.0686291234257126,0.3999832626247045,0.1807406228078573
MAIN-004,Qwen-MediCare-BD,Q5_K_M,190,0,0.5806847286908663,0.2204239252430477,0.1689995447077578,0.0843607387502036,0.4217867482877149,0.185730536058342
MAIN-004,Qwen-MediCare-BD,Q6_K,190,0,0.5499795163799623,0.2560721760191037,0.1587127487667732,0.0859649634487471,0.3918116737431556,0.2044893486894815
MAIN-005,Gemma-3-4B-it,Q3_K_M,0,190,,,,,,
MAIN-005,Gemma-3-4B-it,Q4_K_M,190,0,0.8920967295577441,0.0691077196564642,0.2241746105838722,0.0406569882499879,0.6689024525927816,0.1163629561586138
MAIN-005,Gemma-3-4B-it,Q5_K_M,190,0,0.8538143817074947,0.0651956274075335,0.2052216586930587,0.0270129911156451,0.631827164398788,0.094574838736752
MAIN-005,Gemma-3-4B-it,Q6_K,190,0,0.8222691070205147,0.0809025495842167,0.1898299499861449,0.0333400385488315,0.5946123306281742,0.1140533008553365
MAIN-005,Phi-4-mini-instruct,Q3_K_M,190,0,0.5941697226799093,0.1649503566444491,0.1413093934291689,0.0519925054226186,0.4048824924318193,0.1299320571796904
MAIN-005,Phi-4-mini-instruct,Q4_K_M,190,0,0.501339877201972,0.15130602846044,0.0896690800214688,0.0318804457166412,0.2607028063945604,0.0971191387431859
MAIN-005,Phi-4-mini-instruct,Q5_K_M,190,0,0.6100260480693359,0.1349452969168041,0.1069542808713534,0.0321817904762131,0.3143988555932658,0.1060749394060534
MAIN-005,Phi-4-mini-instruct,Q6_K,190,0,0.5370217806669357,0.183513413903736,0.1160233882264163,0.0429145032194795,0.3279737764513334,0.1281787320709843
MAIN-005,Qwen-MediCare-BD,Q3_K_M,190,0,0.8055091291380234,0.1828535070824241,0.2238104570893506,0.0808461063283873,0.645718536430796,0.2000789522114789
MAIN-005,Qwen-MediCare-BD,Q4_K_M,190,0,0.571974621983424,0.1942225096522939,0.1644814280336311,0.0696199243023776,0.4258869076102798,0.1615542050995807
MAIN-005,Qwen-MediCare-BD,Q5_K_M,190,0,0.4382862575718185,0.2432144063594098,0.1304547564011016,0.0829842977456193,0.3293088123882898,0.1984931554709248
MAIN-005,Qwen-MediCare-BD,Q6_K,190,0,0.4133475007367145,0.2779589549237651,0.1243723869013991,0.0935813337113679,0.3053386871188686,0.2174152485539503
MAIN-006,Gemma-3-4B-it,Q3_K_M,190,0,0.9700827146731648,0.0442042657157048,0.1772740703480501,0.0254700470228057,0.7242053913709071,0.1048854661224521
MAIN-006,Gemma-3-4B-it,Q4_K_M,190,0,0.9937579061336744,0.0087619307245613,0.2634601164022361,0.0364575086483135,0.8899507035480883,0.0448675507153147
MAIN-006,Gemma-3-4B-it,Q5_K_M,190,0,0.9925983896429827,0.0102047480764851,0.2555590046474308,0.0303710898018586,0.8565686473558287,0.0634989206132792
MAIN-006,Gemma-3-4B-it,Q6_K,190,0,0.9794877938809587,0.0204922393424497,0.2752789768545466,0.0373768718223498,0.8678790664078486,0.0538456989284099
MAIN-006,Phi-4-mini-instruct,Q3_K_M,190,0,0.4829423160670338,0.1667616060416884,0.0844476361009021,0.0402481758488657,0.2338980608447655,0.1156311162712604
MAIN-006,Phi-4-mini-instruct,Q4_K_M,190,0,0.656519373922143,0.1283749118200752,0.114952799317088,0.0393278398794111,0.3481259755041659,0.1367383875590562
MAIN-006,Phi-4-mini-instruct,Q5_K_M,190,0,0.4821712569861737,0.1850546877834129,0.0959099193337192,0.0404648712462775,0.2768923431467948,0.128782357603538
MAIN-006,Phi-4-mini-instruct,Q6_K,190,0,0.5529841061970714,0.2062191095866195,0.1341909386468464,0.129471444655547,0.324978092685134,0.1527488170813655
MAIN-006,Qwen-MediCare-BD,Q3_K_M,190,0,0.6013715655899264,0.2520437289805779,0.2079241302521557,0.1623042427773011,0.4744743092072468,0.230859505021111
MAIN-006,Qwen-MediCare-BD,Q4_K_M,190,0,0.6816782586510568,0.1742294744258789,0.1773827456220474,0.0590410991134891,0.4733208879710968,0.1496959500050526
MAIN-006,Qwen-MediCare-BD,Q5_K_M,190,0,0.526487847573327,0.3379638841913081,0.2135554646638194,0.1742670873047612,0.4235242806710397,0.2828536206841267
MAIN-006,Qwen-MediCare-BD,Q6_K,190,0,0.5844515019780903,0.2936396091404344,0.1943357507902875,0.1690283794040418,0.4360430623431207,0.2435719339801436
MAIN-007,Gemma-3-4B-it,Q3_K_M,190,0,0.8937577878113173,0.0560239659746946,0.1632744306128062,0.0238924940292388,0.5614382057067345,0.0815551695822315
MAIN-007,Gemma-3-4B-it,Q4_K_M,190,0,0.9328047535054784,0.0449268895629867,0.1900857080986474,0.021383574726539,0.6287442170967533,0.0724213590544405
MAIN-007,Gemma-3-4B-it,Q5_K_M,190,0,0.9210812654918862,0.0438679526734569,0.1761967068965797,0.0152342732212475,0.5805429100283718,0.0425296701891861
MAIN-007,Gemma-3-4B-it,Q6_K,190,0,0.8816155709490416,0.0533438546111706,0.1396026187058944,0.0143493534596336,0.4905795588379115,0.0536262592227483
MAIN-007,Phi-4-mini-instruct,Q3_K_M,190,0,0.2798568771641164,0.1879603821055061,0.0537107793917567,0.0365334433322962,0.1529287472569521,0.1096662882226604
MAIN-007,Phi-4-mini-instruct,Q4_K_M,190,0,0.3719232236141883,0.2057293749336266,0.0617195844704343,0.0364748872658831,0.1771386691970078,0.1143997421441723
MAIN-007,Phi-4-mini-instruct,Q5_K_M,190,0,0.4109545206660796,0.1538580508875937,0.0793111130795538,0.0358544781553454,0.2153603160633433,0.1073097970776296
MAIN-007,Phi-4-mini-instruct,Q6_K,190,0,0.4086771740324654,0.1421373119870989,0.0823320336938714,0.0350111091313941,0.2316246711331893,0.1076376240710468
MAIN-007,Qwen-MediCare-BD,Q3_K_M,190,0,0.5045471777850793,0.276935328759016,0.1261797864429652,0.0770917275575643,0.3420164828351081,0.208936808768198
MAIN-007,Qwen-MediCare-BD,Q4_K_M,190,0,0.4831476050915996,0.2827603350954289,0.1576529470404973,0.148310296922045,0.3555855209478744,0.2229446137559542
MAIN-007,Qwen-MediCare-BD,Q5_K_M,190,0,0.3468664572255354,0.2985521241130626,0.099525531997903,0.1081082938245597,0.2466672193484199,0.2250481678838764
MAIN-007,Qwen-MediCare-BD,Q6_K,190,0,0.3708555319456982,0.2910719494956624,0.1154243302764823,0.0954645053096802,0.2822353804792116,0.2319033629647755
MAIN-008,Gemma-3-4B-it,Q3_K_M,190,0,0.9688810544186108,0.0252092528337967,0.2442667909806641,0.0321581927585351,0.790668208360971,0.0683391164966595
MAIN-008,Gemma-3-4B-it,Q4_K_M,190,0,0.9488851861295832,0.0422591836169846,0.2803475277526786,0.0324922225193488,0.8202834572784926,0.073268981390149
MAIN-008,Gemma-3-4B-it,Q5_K_M,190,0,0.985931028830328,0.0259724873738479,0.3276119281113487,0.0406493476373659,0.9142796342550716,0.0564666185553944
MAIN-008,Gemma-3-4B-it,Q6_K,190,0,0.9903603264511875,0.0138584157819895,0.2923480167635233,0.0324513988215618,0.8922466616164552,0.0485411628178052
MAIN-008,Phi-4-mini-instruct,Q3_K_M,190,0,0.6779604880443589,0.1369875630515217,0.139697642549021,0.0309033978156408,0.4415707942841594,0.111001795269931
MAIN-008,Phi-4-mini-instruct,Q4_K_M,190,0,0.6311611809477105,0.1535217021461893,0.115029006080355,0.0360473327564261,0.3455313057733772,0.123840487568761
MAIN-008,Phi-4-mini-instruct,Q5_K_M,190,0,0.7072161499859374,0.1731235681787747,0.1372455884686813,0.0463348498135896,0.4209585334397519,0.1407471768683171
MAIN-008,Phi-4-mini-instruct,Q6_K,190,0,0.6509908294066938,0.2213627837048773,0.1384479810993975,0.0560034528245715,0.4323101549403491,0.1804603952131347
MAIN-008,Qwen-MediCare-BD,Q3_K_M,190,0,0.8260538926433224,0.1341748558462285,0.2369894785139261,0.0829662698474484,0.6431159417472633,0.1682512864643435
MAIN-008,Qwen-MediCare-BD,Q4_K_M,190,0,0.6696039459545013,0.260571430740801,0.1980997457674443,0.0984805045377193,0.500780693297921,0.2164378144091011
MAIN-008,Qwen-MediCare-BD,Q5_K_M,190,0,0.6350032883059707,0.2420621483750044,0.165826980665364,0.0760504011799378,0.4449528630324703,0.2022665729188444
MAIN-008,Qwen-MediCare-BD,Q6_K,190,0,0.5582188838521334,0.2205602455790336,0.1574564065325941,0.076231892326589,0.3982253933729942,0.1732390877934223
MAIN-009,Gemma-3-4B-it,Q3_K_M,190,0,0.9151148397682848,0.0609470762190975,0.1489114663435128,0.0225667232747603,0.4862921723516075,0.1069717716692872
MAIN-009,Gemma-3-4B-it,Q4_K_M,190,0,0.9956209295409444,0.0112077900852548,0.2545647788152204,0.0321336993549527,0.8620285623398337,0.0852401036819053
MAIN-009,Gemma-3-4B-it,Q5_K_M,190,0,0.8979449248877882,0.1006347249473421,0.1403165506390115,0.0427012863619223,0.4660469384506917,0.1831430228814402
MAIN-009,Gemma-3-4B-it,Q6_K,190,0,0.9694624030285142,0.0395676300785725,0.1738454327269682,0.026577981698176,0.622616382952091,0.1234882227065552
MAIN-009,Phi-4-mini-instruct,Q3_K_M,190,0,0.2173938066417113,0.1712514458234733,0.0392446313144662,0.0307241776455465,0.1051035447080208,0.0840973971453306
MAIN-009,Phi-4-mini-instruct,Q4_K_M,190,0,0.2546254918098691,0.1693747408476067,0.0418583124449489,0.0275937740724557,0.1125366886925967,0.0792754183827057
MAIN-009,Phi-4-mini-instruct,Q5_K_M,190,0,0.2459424881625661,0.1754582639364644,0.0361233260939759,0.0293896821705966,0.0944598376285244,0.0892586384078585
MAIN-009,Phi-4-mini-instruct,Q6_K,190,0,0.2245783796306611,0.1977908146750638,0.0351217213192934,0.0312067028861349,0.0977663713495344,0.0953178530858945
MAIN-009,Qwen-MediCare-BD,Q3_K_M,190,0,0.7367808520130656,0.2018801824423259,0.1968921557351511,0.0851288259927822,0.5457505088468733,0.1962400353769315
MAIN-009,Qwen-MediCare-BD,Q4_K_M,190,0,0.2951272641122341,0.3096475523551157,0.1851688653659402,0.228212993515775,0.2641544350146463,0.2790456568109287
MAIN-009,Qwen-MediCare-BD,Q5_K_M,190,0,0.3683387932241113,0.391568128858856,0.1821662584422205,0.2217365141657787,0.313207345382848,0.3410054617607057
MAIN-009,Qwen-MediCare-BD,Q6_K,190,0,0.0795914739736339,0.1946252260989171,0.0468538459569041,0.128369263553453,0.0681344109439013,0.1675148705975213
MAIN-010,Gemma-3-4B-it,Q3_K_M,0,190,,,,,,
MAIN-010,Gemma-3-4B-it,Q4_K_M,190,0,0.3473451449443596,0.1397344024686073,0.0676336685152447,0.0231806978328198,0.1722233261780803,0.060457431966153
MAIN-010,Gemma-3-4B-it,Q5_K_M,190,0,0.5258087126944759,0.1489160432470399,0.0856125285484959,0.0253799528478002,0.2262015725489508,0.0858890064783219
MAIN-010,Gemma-3-4B-it,Q6_K,190,0,0.5938680868520976,0.1500206251313887,0.0962205899404853,0.0336822541185121,0.2591260628283047,0.1110291804648372
MAIN-010,Phi-4-mini-instruct,Q3_K_M,190,0,0.1618855433851954,0.1397701468795282,0.0505770207871938,0.0544621947931009,0.1124649086248257,0.0985283993015528
MAIN-010,Phi-4-mini-instruct,Q4_K_M,190,0,0.316197763253548,0.2054121153726811,0.0840663147387538,0.0633215052887576,0.2067423428514896,0.1474598685078833
MAIN-010,Phi-4-mini-instruct,Q5_K_M,190,0,0.4748621997496253,0.2390318489822986,0.1248357861714213,0.0813750898126561,0.3055577529055583,0.1690720557374821
MAIN-010,Phi-4-mini-instruct,Q6_K,190,0,0.2924150871909352,0.2814458262501727,0.1083572093156433,0.1182156909694465,0.2228021880828759,0.2224613200014808
MAIN-010,Qwen-MediCare-BD,Q3_K_M,190,0,0.5959897573267762,0.2929732338797057,0.2104064029719164,0.1272457166767474,0.4881284253208164,0.259059827358764
MAIN-010,Qwen-MediCare-BD,Q4_K_M,190,0,0.6283333404113226,0.253075616117599,0.2586393915671865,0.1528602818010534,0.5306129268381305,0.241436448939979
MAIN-010,Qwen-MediCare-BD,Q5_K_M,190,0,0.4016516210953965,0.3387292601074266,0.1568903823828226,0.1743249126385503,0.3181414682317103,0.2774452974404582
MAIN-010,Qwen-MediCare-BD,Q6_K,190,0,0.3931527809884613,0.3159568363966346,0.1431459204443484,0.1203330588195856,0.3110011598699,0.2567880292920802
MAIN-011,Gemma-3-4B-it,Q3_K_M,190,0,0.9684130877692374,0.0284701643268291,0.2551595315972393,0.0334953893923857,0.8246663536874885,0.0689885870232969
MAIN-011,Gemma-3-4B-it,Q4_K_M,190,0,0.9756412805834036,0.0217885139407305,0.2545712613939602,0.0234506644395523,0.8304269092241007,0.0458816745507365
MAIN-011,Gemma-3-4B-it,Q5_K_M,190,0,0.9700340146088,0.0199465366101597,0.2387828271686819,0.0196842868021548,0.8146113984370666,0.0363813309528515
MAIN-011,Gemma-3-4B-it,Q6_K,190,0,0.9874755792379368,0.0152586321434003,0.2597631265197355,0.0216184373939717,0.8531818332594374,0.0451947304917742
MAIN-011,Phi-4-mini-instruct,Q3_K_M,190,0,0.6467666920417245,0.232444282291501,0.1202192096466056,0.0588305120177002,0.3793327990795802,0.1637663193367168
MAIN-011,Phi-4-mini-instruct,Q4_K_M,190,0,0.6572701524905049,0.2149147290717236,0.1474925355247628,0.0695730244517176,0.4312570907614584,0.1922032351748814
MAIN-011,Phi-4-mini-instruct,Q5_K_M,190,0,0.5563007831288556,0.193870350874316,0.093045341528791,0.0418358941908526,0.2974227716645046,0.1586798063278473
MAIN-011,Phi-4-mini-instruct,Q6_K,190,0,0.495944424587465,0.204702247759725,0.097439028935559,0.0485862884088388,0.2847582782186543,0.1501528841944619
MAIN-011,Qwen-MediCare-BD,Q3_K_M,190,0,0.655537656765538,0.3201094911366793,0.2478769352282075,0.1508857089101728,0.5293411830378258,0.2766867818644377
MAIN-011,Qwen-MediCare-BD,Q4_K_M,190,0,0.8013484826631713,0.1394943405102491,0.2518464424888554,0.0655239257553612,0.6241793101090087,0.1284943970813584
MAIN-011,Qwen-MediCare-BD,Q5_K_M,190,0,0.5549953001520699,0.3070921178086944,0.1795309608261506,0.122107002133117,0.4251935873282267,0.2465386876745834
MAIN-011,Qwen-MediCare-BD,Q6_K,190,0,0.6501475776641387,0.2331919710993252,0.2205703899585701,0.1419196850295548,0.5068400984877195,0.2001328016229853
MAIN-012,Gemma-3-4B-it,Q3_K_M,190,0,0.9503319377729924,0.0281495805813608,0.1858967001758945,0.0256982915954245,0.7394108883978161,0.0843859366732351
MAIN-012,Gemma-3-4B-it,Q4_K_M,190,0,0.9748795887808172,0.0213264579762062,0.2033816074468752,0.0242388599213452,0.7972806170393073,0.0568732944440907
MAIN-012,Gemma-3-4B-it,Q5_K_M,190,0,0.9657122060419998,0.0294982425644131,0.1905722681356708,0.0239778790714489,0.7450778450352054,0.0756985652829974
MAIN-012,Gemma-3-4B-it,Q6_K,190,0,0.9547968429275802,0.0293124960446671,0.188347024119023,0.0183162607975622,0.7301757258186515,0.0629697636717741
MAIN-012,Phi-4-mini-instruct,Q3_K_M,190,0,0.5132762688389048,0.215152238403011,0.0944861226301167,0.0587553756415302,0.27668586422318,0.1785177637157114
MAIN-012,Phi-4-mini-instruct,Q4_K_M,190,0,0.4645711775209886,0.2302915315892478,0.0833592089709919,0.0524799925957062,0.2537348932482209,0.1709082753934016
MAIN-012,Phi-4-mini-instruct,Q5_K_M,190,0,0.5356760449749056,0.1576040977715881,0.0813819690004717,0.0342296275552161,0.2355206668859034,0.1322266999909397
MAIN-012,Phi-4-mini-instruct,Q6_K,190,0,0.5315157232410397,0.1687547403955554,0.0924235834357777,0.0338657995469857,0.2842962761661639,0.1235930061777069
MAIN-012,Qwen-MediCare-BD,Q3_K_M,190,0,0.5318327117234026,0.3729966788926361,0.2271785363333902,0.1792319196928676,0.452482453211132,0.3223872777452182
MAIN-012,Qwen-MediCare-BD,Q4_K_M,190,0,0.6578640377673616,0.2330389284222809,0.1913490155647122,0.0820474990051204,0.5015149648638164,0.2148048589232594
MAIN-012,Qwen-MediCare-BD,Q5_K_M,190,0,0.6747318299159631,0.2932773293673544,0.2448224074012772,0.1273309716836311,0.5402430303506839,0.2417313558201919
MAIN-012,Qwen-MediCare-BD,Q6_K,190,0,0.7330545394942974,0.1951623035891601,0.2074922973781749,0.0854927569465917,0.5614640753636316,0.1912858008012793
MAIN-013,Gemma-3-4B-it,Q3_K_M,0,190,,,,,,
MAIN-013,Gemma-3-4B-it,Q4_K_M,190,0,0.7533243893598123,0.0998732643375664,0.125204241483861,0.0245755032057912,0.3466972650988198,0.0976656057947693
MAIN-013,Gemma-3-4B-it,Q5_K_M,190,0,0.6232937463140681,0.111896196573855,0.0951306582969634,0.0216957504067525,0.2157100798154822,0.0596610989764973
MAIN-013,Gemma-3-4B-it,Q6_K,190,0,0.6912293564092281,0.0798969548912187,0.1090272816726227,0.0188215861213548,0.2651910897953871,0.0842682190997188
MAIN-013,Phi-4-mini-instruct,Q3_K_M,190,0,0.5437194618134953,0.2260118474672589,0.1119082843620533,0.0714963081709215,0.3098777823292132,0.173930893167535
MAIN-013,Phi-4-mini-instruct,Q4_K_M,190,0,0.376709696000129,0.210474351003244,0.0572154970684124,0.0337634185131919,0.1576024264220183,0.114378831644931
MAIN-013,Phi-4-mini-instruct,Q5_K_M,190,0,0.3925744282671031,0.1951137119475166,0.054777651674328,0.0318399772192447,0.1381060911002232,0.1002030276326535
MAIN-013,Phi-4-mini-instruct,Q6_K,190,0,0.3058807989774442,0.1951210398358429,0.0470692527757096,0.0292502723910554,0.1384515049876451,0.0956608298421159
MAIN-013,Qwen-MediCare-BD,Q3_K_M,190,0,0.7899145823206075,0.2921418319046585,0.2660630582975408,0.1174265232799866,0.6642120774232054,0.2555596983469392
MAIN-013,Qwen-MediCare-BD,Q4_K_M,190,0,0.81781954862027,0.1591434017095451,0.241264823346212,0.0758222977755487,0.6367243768342384,0.1769949300947803
MAIN-013,Qwen-MediCare-BD,Q5_K_M,190,0,0.5595439903638517,0.3600459268878103,0.326073183047829,0.2426906098455838,0.5005811820225408,0.3212180668132582
MAIN-013,Qwen-MediCare-BD,Q6_K,190,0,0.7462301619053576,0.1699828449899683,0.2068001394364575,0.0568276215092052,0.5549320880783822,0.1589539584843522
MAIN-014,Gemma-3-4B-it,Q3_K_M,190,0,0.972743630944498,0.0259119739797979,0.248733269741423,0.0290066655130839,0.7819729243673069,0.0643532037893907
MAIN-014,Gemma-3-4B-it,Q4_K_M,190,0,0.99672556270325,0.0064113560385272,0.3172957343214352,0.0282246185994899,0.9254205588611022,0.0377622954988796
MAIN-014,Gemma-3-4B-it,Q5_K_M,190,0,0.996011054127834,0.0073478567144984,0.3270448437238953,0.0194903837227368,0.9125264542904408,0.0288803560442529
MAIN-014,Gemma-3-4B-it,Q6_K,190,0,0.9975593280459194,0.0054338257091633,0.3257078851724201,0.0268108627387191,0.9373439596018964,0.0349349443762492
MAIN-014,Phi-4-mini-instruct,Q3_K_M,190,0,0.7573606685311476,0.1061999954105851,0.1424457534247066,0.0318387666691857,0.4748382236839196,0.1268208430988099
MAIN-014,Phi-4-mini-instruct,Q4_K_M,190,0,0.589883499486857,0.1811219968760453,0.1123671503952951,0.0396490945260983,0.3522254408511004,0.1408173618544204
MAIN-014,Phi-4-mini-instruct,Q5_K_M,190,0,0.6293904429363818,0.1531434176412139,0.1118573598980696,0.0341747902403953,0.3438134475787918,0.1210471340763693
MAIN-014,Phi-4-mini-instruct,Q6_K,190,0,0.6655912302638298,0.1181865526985097,0.1144086685440528,0.0351866431101877,0.3649278223131022,0.1422212543403369
MAIN-014,Qwen-MediCare-BD,Q3_K_M,190,0,0.7863734579971884,0.1649043514697969,0.2367762117242641,0.0779683933162915,0.6249864105638525,0.1735328542471983
MAIN-014,Qwen-MediCare-BD,Q4_K_M,190,0,0.5275905688043525,0.2936038885979616,0.1992273005708653,0.1623711995622502,0.4304065564020833,0.2536281747495807
MAIN-014,Qwen-MediCare-BD,Q5_K_M,190,0,0.5427679276740243,0.2550345387006276,0.1554651338864234,0.0841693632816056,0.3950010829015558,0.2090703093223452
MAIN-014,Qwen-MediCare-BD,Q6_K,190,0,0.6562174585114183,0.2429175776301418,0.2002938777696728,0.1000884905730956,0.4940351091751166,0.1921985350144653
MAIN-015,Gemma-3-4B-it,Q3_K_M,190,0,0.9106565603552148,0.0787624651356763,0.1086031148130544,0.0206313509724698,0.3316933643998456,0.1075557243985436
MAIN-015,Gemma-3-4B-it,Q4_K_M,190,0,0.954443673043232,0.0327270717454758,0.1305757743421272,0.0193923045359836,0.4552896182141914,0.1024854433433076
MAIN-015,Gemma-3-4B-it,Q5_K_M,190,0,0.9469701969155336,0.0407829748254806,0.1292187357387589,0.0173033326702758,0.4844616753998672,0.101168182722225
MAIN-015,Gemma-3-4B-it,Q6_K,190,0,0.9363224264184784,0.0310939918654602,0.1114981360546392,0.0149709359940657,0.3734786364780982,0.0788191800108397
MAIN-015,Phi-4-mini-instruct,Q3_K_M,190,0,0.5113715437800173,0.192369337742884,0.0777538279772679,0.0387790723180646,0.2219758872067465,0.1363474991296721
MAIN-015,Phi-4-mini-instruct,Q4_K_M,190,0,0.3148549574426475,0.1518918573770137,0.0388569367074263,0.0206184004624322,0.0871099494993512,0.068268054323684
MAIN-015,Phi-4-mini-instruct,Q5_K_M,190,0,0.4203090492778136,0.2127290144159409,0.0543324453429842,0.0365800249936596,0.1289308114476556,0.1084788291090221
MAIN-015,Phi-4-mini-instruct,Q6_K,190,0,0.300613772941711,0.2104956075266022,0.038547987674785,0.0290493266803526,0.0965233241176223,0.0983746148610033
MAIN-015,Qwen-MediCare-BD,Q3_K_M,190,0,0.6482294715255441,0.2928617877988673,0.2678338663594478,0.1642525588501838,0.5377520313880334,0.2698432027828987
MAIN-015,Qwen-MediCare-BD,Q4_K_M,190,0,0.6083992838860804,0.2697764731479308,0.147363190258111,0.0844306244433334,0.397880259141438,0.1992009929644339
MAIN-015,Qwen-MediCare-BD,Q5_K_M,190,0,0.7461338400085408,0.2563985218014598,0.2730113607039767,0.1406506745356131,0.610467311159508,0.2295543132963786
MAIN-015,Qwen-MediCare-BD,Q6_K,190,0,0.7335100607565838,0.2526154748383922,0.254142958924335,0.1386473354369299,0.5806453123721502,0.2188631080757803
MAIN-016,Gemma-3-4B-it,Q3_K_M,190,0,0.9135988257787816,0.0274059165625515,0.2330907997947947,0.0242716842602319,0.7526162164239124,0.0515903238956493
MAIN-016,Gemma-3-4B-it,Q4_K_M,190,0,0.8982167300266704,0.0871616963640239,0.1818552934931024,0.054486210839084,0.6187320811518057,0.1565344736773694
MAIN-016,Gemma-3-4B-it,Q5_K_M,190,0,0.9831659140017732,0.0164384503676143,0.288022812080789,0.0346101800405867,0.8710820970401026,0.0461684375987172
MAIN-016,Gemma-3-4B-it,Q6_K,190,0,0.9708648467999398,0.023483653322155,0.2651079042458626,0.0301651735396013,0.8477687531563476,0.0721536346535574
MAIN-016,Phi-4-mini-instruct,Q3_K_M,190,0,0.5851028407429539,0.1681736314424648,0.1592314929933848,0.0643060902852005,0.4186159186438667,0.1602737799950301
MAIN-016,Phi-4-mini-instruct,Q4_K_M,190,0,0.555819228001546,0.1792265265831921,0.0928174641013436,0.0342226893373607,0.2852556961719939,0.1343813263155512
MAIN-016,Phi-4-mini-instruct,Q5_K_M,190,0,0.5550685493439896,0.2067925763860067,0.0956335364211612,0.0381034590751026,0.3048118198723662,0.1365275967263745
MAIN-016,Phi-4-mini-instruct,Q6_K,190,0,0.433108482424587,0.1807903643094934,0.0729646816172362,0.0330378448216994,0.226871036711814,0.123070902454404
MAIN-016,Qwen-MediCare-BD,Q3_K_M,190,0,0.6701115228282707,0.2051307288746872,0.1490255947242722,0.057167960417438,0.4387393062085495,0.169757828231322
MAIN-016,Qwen-MediCare-BD,Q4_K_M,190,0,0.5248502618751743,0.2535191115849686,0.174520762538657,0.1286419567348607,0.4094910520971005,0.2187148434723239
MAIN-016,Qwen-MediCare-BD,Q5_K_M,190,0,0.2605106559324832,0.2635188955890419,0.1219005161517159,0.164846950099991,0.1993317234817528,0.2050616408269092
MAIN-016,Qwen-MediCare-BD,Q6_K,190,0,0.3240492676695187,0.2493433089617928,0.1674848255604854,0.1908716250167378,0.2682865901275685,0.2154739550059564
MAIN-017,Gemma-3-4B-it,Q3_K_M,190,0,0.579973270378427,0.0768996482035443,0.0547232605173919,0.0103868002102841,0.1404813180724948,0.046587883302554
MAIN-017,Gemma-3-4B-it,Q4_K_M,190,0,0.8928758393532387,0.0937091102501617,0.1386270446007808,0.0240979137864006,0.5050606878986644,0.1094467326463303
MAIN-017,Gemma-3-4B-it,Q5_K_M,190,0,0.8692107534085198,0.0759532004099427,0.1250125041407642,0.0212273098293692,0.4421460322724822,0.1008591011295903
MAIN-017,Gemma-3-4B-it,Q6_K,190,0,0.7997659017119334,0.1033068853289295,0.1177150546941837,0.0284278989010761,0.4103588222452108,0.1168057238472698
MAIN-017,Phi-4-mini-instruct,Q3_K_M,190,0,0.2255216139028338,0.1575390734945114,0.0382436077650032,0.0291012406365024,0.1057012328988561,0.0869903370821326
MAIN-017,Phi-4-mini-instruct,Q4_K_M,190,0,0.2554865153356136,0.144510252201155,0.0376024137453241,0.0241258150709589,0.1015617664725922,0.0731251801043836
MAIN-017,Phi-4-mini-instruct,Q5_K_M,190,0,0.1293888214633877,0.1384391802759824,0.0204528249418325,0.021596131299137,0.0529668839312436,0.0621852307653838
MAIN-017,Phi-4-mini-instruct,Q6_K,190,0,0.1369954134585241,0.1226225116077263,0.0250278737689467,0.0226306559607407,0.06309022498369,0.0584395313185227
MAIN-017,Qwen-MediCare-BD,Q3_K_M,190,0,0.6104152527579059,0.2535026520065121,0.269219006736561,0.1815043377136784,0.5198548046480738,0.2371460910497682
MAIN-017,Qwen-MediCare-BD,Q4_K_M,190,0,0.593749432756115,0.2368683074410255,0.1879959056638554,0.0943920406419764,0.4679428310758413,0.2097257823122141
MAIN-017,Qwen-MediCare-BD,Q5_K_M,190,0,0.4044422091447819,0.3393721894516358,0.1759062008693707,0.1585730005544438,0.3230380798978241,0.2680468143386195
MAIN-017,Qwen-MediCare-BD,Q6_K,190,0,0.574383732249825,0.2435523028374344,0.2259848536263558,0.1923698106874694,0.4749366137327948,0.2276242246394294
MAIN-018,Gemma-3-4B-it,Q3_K_M,190,0,0.9791105239270234,0.0232311030726666,0.1875833554240295,0.026862841031339,0.6570588269509156,0.1306805271844259
MAIN-018,Gemma-3-4B-it,Q4_K_M,190,0,0.9697024655429594,0.0243671511980632,0.1829863082720243,0.0216143114654647,0.6423970338889976,0.084433598565256
MAIN-018,Gemma-3-4B-it,Q5_K_M,190,0,0.96354725390999,0.0368496815033912,0.1774603190486524,0.0290247558397231,0.5312153189561253,0.1403511665116581
MAIN-018,Gemma-3-4B-it,Q6_K,190,0,0.9830519776761024,0.0224832971351607,0.1770676507702189,0.0181089294292236,0.5554402741650981,0.0925706365600562
MAIN-018,Phi-4-mini-instruct,Q3_K_M,190,0,0.1723135582910992,0.170051233811721,0.0470516426411782,0.0691673780286896,0.1065156263978335,0.1178338955131611
MAIN-018,Phi-4-mini-instruct,Q4_K_M,190,0,0.0776379691504421,0.1247908003574724,0.0182032465608264,0.0309422972974044,0.0421103310047795,0.0693459242960738
MAIN-018,Phi-4-mini-instruct,Q5_K_M,190,0,0.2546285465733773,0.1759177408018909,0.0521380063199125,0.0422698446057732,0.1387112075256288,0.1143271412063688
MAIN-018,Phi-4-mini-instruct,Q6_K,190,0,0.3386556871575222,0.2127998688787306,0.0669042705272624,0.0483258847438611,0.1693111090956256,0.1254902623513279
MAIN-018,Qwen-MediCare-BD,Q3_K_M,190,0,0.5268681491898274,0.2664649970035335,0.1856689498727472,0.1167685709225835,0.4300779146192103,0.2469070244029263
MAIN-018,Qwen-MediCare-BD,Q4_K_M,190,0,0.3546573012225997,0.3395375923412606,0.1355331833839577,0.1284624732681977,0.2907382265518994,0.2802359163288491
MAIN-018,Qwen-MediCare-BD,Q5_K_M,190,0,0.40740461031361,0.3717640336457802,0.2454665012090758,0.2651681987433956,0.3699423480407808,0.3370604760585304
MAIN-018,Qwen-MediCare-BD,Q6_K,190,0,0.343367486738459,0.2978734855854983,0.1366602453507772,0.1385638016838737,0.2761042486790166,0.2505653658794313
MAIN-019,Gemma-3-4B-it,Q3_K_M,190,0,0.5609192647113621,0.1068577986639142,0.1127970008146206,0.0277935793354942,0.327609155665298,0.0918619035181732
MAIN-019,Gemma-3-4B-it,Q4_K_M,190,0,0.649446657358246,0.1185470751825839,0.1097159304242606,0.0303848311624016,0.3304433541514316,0.1034888463455155
MAIN-019,Gemma-3-4B-it,Q5_K_M,190,0,0.685434726015771,0.0889264761424893,0.1272380450010959,0.0160862993788895,0.4268263013434585,0.0662939072490463
MAIN-019,Gemma-3-4B-it,Q6_K,190,0,0.6947231570550553,0.0840176901787419,0.1227520344325375,0.017069530977328,0.4341331155254109,0.0646856384687047
MAIN-019,Phi-4-mini-instruct,Q3_K_M,190,0,0.3419516002799485,0.15183484412764,0.0894806357330898,0.0397997250885618,0.2359603852519926,0.1001982697256369
MAIN-019,Phi-4-mini-instruct,Q4_K_M,190,0,0.2975596507416266,0.1416779603582389,0.0716646637950874,0.0348106033564362,0.1883456163095291,0.0932683216518459
MAIN-019,Phi-4-mini-instruct,Q5_K_M,190,0,0.4295612592292439,0.1402383081186256,0.09295474741388,0.033931493148919,0.2679814998844321,0.0984851752084643
MAIN-019,Phi-4-mini-instruct,Q6_K,190,0,0.3599911773381336,0.1730604932282896,0.0763463538006957,0.0349071204433364,0.2220922433706213,0.1182200980792852
MAIN-019,Qwen-MediCare-BD,Q3_K_M,190,0,0.5434230006715218,0.3590954837669976,0.2284241340625796,0.2170257243044315,0.4218984647679548,0.3044807087121673
MAIN-019,Qwen-MediCare-BD,Q4_K_M,190,0,0.4343738640951372,0.3230580009291431,0.1652314566309607,0.1879781054507127,0.3112354514187025,0.2556289306274267
MAIN-019,Qwen-MediCare-BD,Q5_K_M,190,0,0.6191621950147227,0.2120916523630875,0.1537836283048235,0.0629884778132338,0.4242847230916075,0.1732581734009387
MAIN-019,Qwen-MediCare-BD,Q6_K,190,0,0.6215342395305711,0.1797683900383449,0.1559939689718451,0.0579893471603273,0.4175945955820511,0.143867134172055
MAIN-020,Gemma-3-4B-it,Q3_K_M,190,0,0.9532009139511528,0.0418959968155574,0.1503664084602204,0.021917500597661,0.6002431692486226,0.0978260081136908
MAIN-020,Gemma-3-4B-it,Q4_K_M,190,0,0.9691620772371056,0.0320941219995509,0.200075876521226,0.0390104557103988,0.7479915942883143,0.120106384707538
MAIN-020,Gemma-3-4B-it,Q5_K_M,190,0,0.9758339911674648,0.033433860569942,0.1953514488323255,0.0303759074225803,0.7526655915399657,0.112927673503158
MAIN-020,Gemma-3-4B-it,Q6_K,190,0,0.9597902778960588,0.0304744614811818,0.152738584512283,0.0241096189271658,0.6089747606103799,0.1108637950288796
MAIN-020,Phi-4-mini-instruct,Q3_K_M,190,0,0.4825945070414911,0.2690817993643332,0.0928727256285449,0.0972576405847852,0.2581881433990369,0.1955419242470813
MAIN-020,Phi-4-mini-instruct,Q4_K_M,190,0,0.475885123123825,0.2315806963457655,0.0925358644298254,0.0525817335624906,0.2609649345928082,0.1587267908004002
MAIN-020,Phi-4-mini-instruct,Q5_K_M,190,0,0.477150232842459,0.1838558613090349,0.0736283626474232,0.0339928226789762,0.2139538673725362,0.1214265997064575
MAIN-020,Phi-4-mini-instruct,Q6_K,190,0,0.415239802162418,0.2389929201530558,0.0778545467854227,0.0506277028327139,0.2418587978057589,0.1643244346635286
MAIN-020,Qwen-MediCare-BD,Q3_K_M,190,0,0.5838011129870202,0.3018880330068026,0.2284775577437515,0.1898396546201639,0.4589944399186412,0.2683661753436357
MAIN-020,Qwen-MediCare-BD,Q4_K_M,190,0,0.7760100523305865,0.1388969128738044,0.1829974969021343,0.0451860149895775,0.53919117896768,0.1297747195786335
MAIN-020,Qwen-MediCare-BD,Q5_K_M,190,0,0.6118545980230521,0.3577276972119009,0.2736706583672754,0.1690602398018723,0.5300600514700259,0.3075325256108292
MAIN-020,Qwen-MediCare-BD,Q6_K,190,0,0.5745047488314415,0.3140691247952026,0.1921696972771239,0.135936926588846,0.4254552564137088,0.2517495830066314
MAIN-021,Gemma-3-4B-it,Q3_K_M,190,0,0.962813688986506,0.02801417128592,0.19457206226036,0.0231088715443776,0.7410872640984313,0.0637182471887233
MAIN-021,Gemma-3-4B-it,Q4_K_M,190,0,0.9453442585450405,0.0419862945634003,0.1745859906326582,0.0310655717987814,0.6636380343558842,0.1136607290549545
MAIN-021,Gemma-3-4B-it,Q5_K_M,190,0,0.9579888415831984,0.0281170982671491,0.1875541232103421,0.0222648238078504,0.717080750431664,0.0866399946513649
MAIN-021,Gemma-3-4B-it,Q6_K,190,0,0.975603574171455,0.0264421679210241,0.196625630560026,0.0252848907812985,0.7655961868688465,0.0818126038139701
MAIN-021,Phi-4-mini-instruct,Q3_K_M,190,0,0.4672910089288897,0.2016505885588402,0.0976052820659043,0.0499230361320649,0.2885836470177964,0.1523880094462357
MAIN-021,Phi-4-mini-instruct,Q4_K_M,190,0,0.3682650827932199,0.2015543899387601,0.0650218173049302,0.03805244090783,0.1839183438218575,0.1167525118763623
MAIN-021,Phi-4-mini-instruct,Q5_K_M,190,0,0.5192421811882426,0.2198234226046968,0.0878156182689669,0.0470951880149138,0.2606193140923819,0.1577958756835305
MAIN-021,Phi-4-mini-instruct,Q6_K,190,0,0.581026011819791,0.1847302135753395,0.0937964671725887,0.0350171149036307,0.2911264935172968,0.1260826335971568
MAIN-021,Qwen-MediCare-BD,Q3_K_M,190,0,0.5792062402030479,0.2208087290675455,0.2338934180127023,0.1108537850197215,0.4771827859346977,0.1986915593343114
MAIN-021,Qwen-MediCare-BD,Q4_K_M,190,0,0.7655738241112383,0.198239833261206,0.2271028463991091,0.0725252294191205,0.598379581327266,0.1977768334053106
MAIN-021,Qwen-MediCare-BD,Q5_K_M,190,0,0.7076007259496446,0.2167955362380465,0.2942493468548781,0.1829111402941465,0.5912304941732981,0.2097393827961385
MAIN-021,Qwen-MediCare-BD,Q6_K,190,0,0.6198816981904791,0.2325775195596729,0.2020699117380897,0.0907218957896437,0.5159710321984475,0.2145611585522459
MAIN-022,Gemma-3-4B-it,Q3_K_M,190,0,0.9704546389754592,0.0281413452536573,0.1872755753214469,0.0216799847538723,0.704136053370546,0.085559695577726
MAIN-022,Gemma-3-4B-it,Q4_K_M,190,0,0.9693398455987778,0.027562396753724,0.2101458297097556,0.0292782118758394,0.7504072459117436,0.0828980417456375
MAIN-022,Gemma-3-4B-it,Q5_K_M,190,0,0.9796401363690924,0.0193742416021676,0.2314905087145546,0.0336343963564404,0.8186491434853395,0.090394437494602
MAIN-022,Gemma-3-4B-it,Q6_K,190,0,0.9789332312399166,0.0225864443328652,0.2191116119864574,0.0262082941692912,0.7619058158569371,0.0760366205815785
MAIN-022,Phi-4-mini-instruct,Q3_K_M,190,0,0.5702461261592627,0.1830068822568249,0.1103663844175486,0.0413971231167151,0.3317826491786852,0.1524014578319115
MAIN-022,Phi-4-mini-instruct,Q4_K_M,190,0,0.4727297241508354,0.2054482945968212,0.0807369549883637,0.034735236517909,0.239365679623988,0.1190038819844963
MAIN-022,Phi-4-mini-instruct,Q5_K_M,190,0,0.5495464118921711,0.197821437316753,0.1008523420348832,0.0456811049251519,0.3010356992418253,0.1493505856100367
MAIN-022,Phi-4-mini-instruct,Q6_K,190,0,0.500366784145638,0.2078487619344623,0.0813389179681052,0.039388977881024,0.2525870895735183,0.1459367978602891
MAIN-022,Qwen-MediCare-BD,Q3_K_M,190,0,0.8847005533201896,0.113609111704441,0.2557674874611224,0.0705323791371084,0.7093135570056907,0.1493407364826838
MAIN-022,Qwen-MediCare-BD,Q4_K_M,190,0,0.667816100940934,0.2006845242013,0.1893588092041205,0.0671790363783693,0.4860913141992202,0.1768271042136678
MAIN-022,Qwen-MediCare-BD,Q5_K_M,190,0,0.4928718977164167,0.2712446975451481,0.2270939904952502,0.2050873547477267,0.3994495607327315,0.233669264095122
MAIN-022,Qwen-MediCare-BD,Q6_K,190,0,0.5503510602415355,0.2051607745750267,0.1572443650522409,0.067148528017088,0.4136450678484457,0.172285300692958
MAIN-023,Gemma-3-4B-it,Q3_K_M,3,187,0.8389003646919151,0.0666943462293259,0.1453679972744195,0.0143871741262981,0.5881135389695761,0.0811705511824152
MAIN-023,Gemma-3-4B-it,Q4_K_M,190,0,0.9219789440580886,0.042548600274839,0.1587221900626345,0.0202729172223023,0.6017125105588623,0.0903075675196291
MAIN-023,Gemma-3-4B-it,Q5_K_M,190,0,0.8832379380302852,0.0624040475586104,0.1813437338880389,0.0310738786870754,0.6419077034432061,0.0892427229401627
MAIN-023,Gemma-3-4B-it,Q6_K,190,0,0.8945147633387653,0.051832942399846,0.1678767789300064,0.0162854144216852,0.6144655467136798,0.06462831588385
MAIN-023,Phi-4-mini-instruct,Q3_K_M,190,0,0.756578719828131,0.1516546067443727,0.1658197114864469,0.0866447336501239,0.4729454920582523,0.1627298429996848
MAIN-023,Phi-4-mini-instruct,Q4_K_M,190,0,0.7756149581803643,0.1619093575040485,0.1984024160845773,0.0819055061238792,0.5292195060703024,0.172303315803269
MAIN-023,Phi-4-mini-instruct,Q5_K_M,190,0,0.7397463564447162,0.1766160217070026,0.1727841994766264,0.066719965633981,0.5148541429840435,0.1735143538965594
MAIN-023,Phi-4-mini-instruct,Q6_K,190,0,0.7593201880752941,0.1360637778473471,0.1660766306346031,0.0472446658873917,0.515700195254596,0.1612015966278256
MAIN-023,Qwen-MediCare-BD,Q3_K_M,190,0,0.6662896112477115,0.3990475270322113,0.347466102039493,0.2925309594683859,0.5986826199145945,0.3668974011724685
MAIN-023,Qwen-MediCare-BD,Q4_K_M,190,0,0.76696548365486,0.1757527068501377,0.2449033995985919,0.0839126284377742,0.6114111903990521,0.1753205568092752
MAIN-023,Qwen-MediCare-BD,Q5_K_M,190,0,0.6456775850500778,0.3027373814921509,0.2569610203984271,0.140888312459543,0.5438042638617346,0.2651761343160381
MAIN-023,Qwen-MediCare-BD,Q6_K,190,0,0.808429100927753,0.1428330096489898,0.2634530576201165,0.0601003969935526,0.665006064875302,0.1358722344909467
MAIN-024,Gemma-3-4B-it,Q3_K_M,0,190,,,,,,
MAIN-024,Gemma-3-4B-it,Q4_K_M,190,0,0.8470055842899288,0.1181994738306987,0.1530442710354346,0.0334781109017815,0.5542945118398237,0.1304993164067448
MAIN-024,Gemma-3-4B-it,Q5_K_M,190,0,0.9573482586300488,0.0430483237715779,0.1566448863581943,0.0269944895562865,0.5550839509177705,0.1319015663454348
MAIN-024,Gemma-3-4B-it,Q6_K,190,0,0.9370076095925012,0.0513389858178603,0.1378587730940419,0.0170484395404326,0.4737376419976089,0.0931679758364242
MAIN-024,Phi-4-mini-instruct,Q3_K_M,190,0,0.2119020782623689,0.208252294689778,0.037305860553137,0.0373844119131249,0.1064258818160169,0.1198448458843711
MAIN-024,Phi-4-mini-instruct,Q4_K_M,190,0,0.2234977675909013,0.1844308674671656,0.0513130446572647,0.0437121571101241,0.1407146748782586,0.122288719622338
MAIN-024,Phi-4-mini-instruct,Q5_K_M,190,0,0.2836059488971226,0.2445930840605252,0.0775644685180946,0.0750788592293297,0.1942594518463851,0.1770240202343098
MAIN-024,Phi-4-mini-instruct,Q6_K,190,0,0.3277017733163403,0.2120156103430184,0.0796575736878708,0.0645224574884291,0.2168065691576429,0.1646089288556592
MAIN-024,Qwen-MediCare-BD,Q3_K_M,190,0,0.3971885671799905,0.3192686779362748,0.151235061027925,0.12629858896732,0.3245695926223756,0.2632859957919455
MAIN-024,Qwen-MediCare-BD,Q4_K_M,190,0,0.5347138673217627,0.3070255548846899,0.1717257556728464,0.1460654511469228,0.3910061545401887,0.2492648545505634
MAIN-024,Qwen-MediCare-BD,Q5_K_M,190,0,0.532086037991626,0.3241836985845118,0.3186442512057024,0.2766523440573592,0.4795174735498334,0.304771393596378
MAIN-024,Qwen-MediCare-BD,Q6_K,190,0,0.3976227094168869,0.2941758470462253,0.166618662783357,0.1529310402028839,0.3306610680837333,0.2495384221467637
MAIN-025,Gemma-3-4B-it,Q3_K_M,0,190,,,,,,
MAIN-025,Gemma-3-4B-it,Q4_K_M,190,0,0.7946853042391663,0.1143005257668012,0.1453816782195007,0.0274180511679705,0.4545582984380987,0.1192060535606795
MAIN-025,Gemma-3-4B-it,Q5_K_M,190,0,0.7757856114367983,0.127384480593698,0.1324039718960903,0.0305720238820204,0.4205622634339335,0.1265848259260809
MAIN-025,Gemma-3-4B-it,Q6_K,190,0,0.7576491223405643,0.1235383415684937,0.1410344968303702,0.0325388700183004,0.4247100985652464,0.1271390797437592
MAIN-025,Phi-4-mini-instruct,Q3_K_M,190,0,0.2841065361285897,0.2419679366668116,0.0652373703114291,0.0581500592605406,0.1593298331068593,0.1540065371309073
MAIN-025,Phi-4-mini-instruct,Q4_K_M,190,0,0.2295793782874398,0.2118957233021566,0.0495700570944082,0.0489090273938106,0.1229033477108521,0.1338167995011582
MAIN-025,Phi-4-mini-instruct,Q5_K_M,190,0,0.3204005673776071,0.2655931008211618,0.0700660616366486,0.0639893887169243,0.1866707733509658,0.1693831010502817
MAIN-025,Phi-4-mini-instruct,Q6_K,190,0,0.4338794380188749,0.2190876178283335,0.1000834410056987,0.0584970177289598,0.2707605425098316,0.161733730678803
MAIN-025,Qwen-MediCare-BD,Q3_K_M,190,0,0.8427473953568982,0.1411448897214837,0.2716082916849088,0.0986652611625692,0.6881641051034962,0.1747275054725479
MAIN-025,Qwen-MediCare-BD,Q4_K_M,190,0,0.4004474155233243,0.3555023808325402,0.1733690060049605,0.1674249390813229,0.3382602773328734,0.30155468481687
MAIN-025,Qwen-MediCare-BD,Q5_K_M,190,0,0.5991062994797255,0.2914523239529856,0.2192162642312443,0.1334044726189436,0.4828743627206526,0.2492775726773875
MAIN-025,Qwen-MediCare-BD,Q6_K,190,0,0.0628571918136195,0.1592381664888106,0.039625091621078,0.0980922808381987,0.0544858163841685,0.1326209969074809
MAIN-026,Gemma-3-4B-it,Q3_K_M,190,0,0.9281382948585666,0.0468468436836914,0.150138147830166,0.0206070301125265,0.6128071448626479,0.1036231438066168
MAIN-026,Gemma-3-4B-it,Q4_K_M,190,0,0.9758829894691696,0.0219617959838264,0.2086820918189343,0.0313689889951327,0.8018693434960686,0.0934074630612536
MAIN-026,Gemma-3-4B-it,Q5_K_M,190,0,0.909621237673974,0.0671403905679033,0.1637966793212024,0.0269262162164033,0.6299743084139794,0.1116500201286477
MAIN-026,Gemma-3-4B-it,Q6_K,190,0,0.9897922255494084,0.0145445552914861,0.2383687171226726,0.0275159978931117,0.8773134000385563,0.062415663795331
MAIN-026,Phi-4-mini-instruct,Q3_K_M,190,0,0.5870672735067834,0.2146591914358852,0.1246857279163309,0.0747857872379103,0.355221473699939,0.1885948394192473
MAIN-026,Phi-4-mini-instruct,Q4_K_M,190,0,0.4883858993025177,0.2143903117531964,0.0776540332706054,0.0378550047033987,0.2244292285191697,0.1255459684251881
MAIN-026,Phi-4-mini-instruct,Q5_K_M,190,0,0.4584120716842538,0.1841583469423404,0.1228980489244107,0.0637605446793525,0.3064225156110587,0.1374094371224612
MAIN-026,Phi-4-mini-instruct,Q6_K,190,0,0.4821855274967004,0.2145124310253726,0.1070396488869027,0.0535689237053593,0.2884649686516599,0.1512364002530874
MAIN-026,Qwen-MediCare-BD,Q3_K_M,190,0,0.750031560931997,0.2690884251081145,0.3192135897285611,0.1747959446983889,0.6244138513689526,0.2578638921738329
MAIN-026,Qwen-MediCare-BD,Q4_K_M,190,0,0.8649721080087069,0.1252892646376902,0.238093629745846,0.0499415890055247,0.6860523218634542,0.1286385438237658
MAIN-026,Qwen-MediCare-BD,Q5_K_M,190,0,0.5317109277856495,0.3541890438708673,0.2033236479235378,0.1407235196126067,0.4306287366289719,0.2837897250643018
MAIN-026,Qwen-MediCare-BD,Q6_K,190,0,0.7982242500919177,0.2133833843954257,0.2696947747957667,0.1252206310647437,0.6292754378994957,0.1967631280072557
MAIN-027,Gemma-3-4B-it,Q3_K_M,190,0,0.9651796163196158,0.0366088447076662,0.2136017441661373,0.0314369442032746,0.746773319486948,0.1030926435420613
MAIN-027,Gemma-3-4B-it,Q4_K_M,190,0,0.7994727744654233,0.1316034755274003,0.1374837582022488,0.0409370198242658,0.4793312553074939,0.1813596231995318
MAIN-027,Gemma-3-4B-it,Q5_K_M,190,0,0.972532866484778,0.0377377195521827,0.1974684197490013,0.023986310389975,0.7570191363215025,0.087482745551564
MAIN-027,Gemma-3-4B-it,Q6_K,190,0,0.9912548566639312,0.0119758241867865,0.2219246405452132,0.0214928123302081,0.8412917977870803,0.0569129016061764
MAIN-027,Phi-4-mini-instruct,Q3_K_M,190,0,0.4930663699969811,0.168986002019013,0.1015911636494861,0.0480457636043486,0.2861387934632531,0.141100091660042
MAIN-027,Phi-4-mini-instruct,Q4_K_M,190,0,0.4802809214919495,0.1707337374165142,0.0963975119458674,0.0466318012534733,0.2882949026009048,0.1465574500470479
MAIN-027,Phi-4-mini-instruct,Q5_K_M,190,0,0.4802627191150739,0.1908487815596312,0.1016603154681852,0.0503013400112531,0.2958028775659739,0.1606507317595163
MAIN-027,Phi-4-mini-instruct,Q6_K,190,0,0.5492020316009931,0.2270919728898865,0.1307619211523774,0.1202682515988046,0.353787055289968,0.1852370156392186
MAIN-027,Qwen-MediCare-BD,Q3_K_M,190,0,0.7583827795469075,0.2846810139390731,0.2399887045263055,0.1175157319339547,0.5987190272582178,0.2481366409358805
MAIN-027,Qwen-MediCare-BD,Q4_K_M,190,0,0.5836102215150245,0.1903183254929495,0.1325947167199217,0.0586255703748516,0.3671256581112158,0.1525299461286635
MAIN-027,Qwen-MediCare-BD,Q5_K_M,190,0,0.6576530586983719,0.3198414540188729,0.3212634185651997,0.2177591690887792,0.5758091802355828,0.2875799991801125
MAIN-027,Qwen-MediCare-BD,Q6_K,190,0,0.664127502295425,0.2549397444506772,0.1855798672222089,0.0930460802027267,0.4963486533818543,0.2169673848265592
MAIN-028,Gemma-3-4B-it,Q3_K_M,0,190,,,,,,
MAIN-028,Gemma-3-4B-it,Q4_K_M,190,0,0.8722419658203933,0.0686662534106485,0.2128275050921184,0.0330821704694842,0.6916768056856343,0.0965125158900723
MAIN-028,Gemma-3-4B-it,Q5_K_M,190,0,0.8902672411671729,0.0581925644542496,0.200164964204383,0.0278496306928749,0.682399787120281,0.0880356934505078
MAIN-028,Gemma-3-4B-it,Q6_K,190,0,0.8882580492025681,0.058048417385588,0.1983322507447683,0.0234763980106195,0.6816845315376837,0.0761794982170832
MAIN-028,Phi-4-mini-instruct,Q3_K_M,190,0,0.5100157858652304,0.2002947006264073,0.1077138259132143,0.0465367779491534,0.3392408436357589,0.1536474678784233
MAIN-028,Phi-4-mini-instruct,Q4_K_M,190,0,0.4192232823335786,0.2721753718057273,0.0848127803112997,0.0657214317268794,0.2436727688633709,0.188410335110492
MAIN-028,Phi-4-mini-instruct,Q5_K_M,190,0,0.6044701437512912,0.2215682890632379,0.1204806581197748,0.0550444914616453,0.3517891765500756,0.1554604948693677
MAIN-028,Phi-4-mini-instruct,Q6_K,190,0,0.6396479811534492,0.132209319754995,0.1276775131571129,0.0465151058434738,0.3890259138104293,0.1516563534633091
MAIN-028,Qwen-MediCare-BD,Q3_K_M,190,0,0.4294246516122881,0.3026433190748516,0.1852000035942589,0.1626280547342636,0.354586422739152,0.2530309708757618
MAIN-028,Qwen-MediCare-BD,Q4_K_M,190,0,0.4671429002060926,0.3528344685843513,0.1521092357379516,0.1157799363840655,0.3580347624491207,0.2724908238513745
MAIN-028,Qwen-MediCare-BD,Q5_K_M,190,0,0.4339675868660294,0.3471802899034355,0.1610479639422083,0.1466770634192913,0.33800439204279,0.2805674756754968
MAIN-028,Qwen-MediCare-BD,Q6_K,190,0,0.6718365457522748,0.1739352074878419,0.1965972191669685,0.0597023045950641,0.5048117782701771,0.1472747171406283
MAIN-029,Gemma-3-4B-it,Q3_K_M,190,0,0.9173024969180622,0.0534768862998122,0.1359208306103692,0.0254373160369895,0.5165966107558182,0.1276835461129026
MAIN-029,Gemma-3-4B-it,Q4_K_M,190,0,0.9625774325342652,0.0617536089139128,0.1956228031849396,0.0459911424948823,0.7476086905922913,0.1644172051928361
MAIN-029,Gemma-3-4B-it,Q5_K_M,190,0,0.9620347847907976,0.0437132011621914,0.1638426414708292,0.0252912591081174,0.6260424470303243,0.1153257149904346
MAIN-029,Gemma-3-4B-it,Q6_K,190,0,0.8988203463764083,0.0620115452557977,0.1270797337890951,0.0170406893169782,0.4746730478030554,0.0840122906997291
MAIN-029,Phi-4-mini-instruct,Q3_K_M,190,0,0.3226536053958982,0.1455645118246525,0.0547995763059978,0.027394797873818,0.1562834575980874,0.0874261707318757
MAIN-029,Phi-4-mini-instruct,Q4_K_M,190,0,0.3459162214436545,0.1523533410003829,0.0544869541155417,0.0265044558767253,0.1610452142575589,0.0921082458554117
MAIN-029,Phi-4-mini-instruct,Q5_K_M,190,0,0.2087841960181518,0.1576717710759162,0.0354803777717706,0.0271602971771727,0.0984345627166548,0.0793607282295162
MAIN-029,Phi-4-mini-instruct,Q6_K,190,0,0.2176315639652563,0.1781639396819486,0.0420486133585264,0.0359535889683408,0.1073435088980558,0.0913339820264363
MAIN-029,Qwen-MediCare-BD,Q3_K_M,190,0,0.5864409589006326,0.3129643371759239,0.2457619293729902,0.1725550646203362,0.4788795808218598,0.2785471518907292
MAIN-029,Qwen-MediCare-BD,Q4_K_M,190,0,0.3957700200965232,0.2130093420677826,0.1040852441402492,0.0596723725673346,0.2681786438405589,0.145591303467608
MAIN-029,Qwen-MediCare-BD,Q5_K_M,190,0,0.4719738197631655,0.3027809504975196,0.1791300454754588,0.1399475241342323,0.3707133433971315,0.2446991798407109
MAIN-029,Qwen-MediCare-BD,Q6_K,190,0,0.5114779699638597,0.2811273778621794,0.1951147296476986,0.1772016491543006,0.3909990688462679,0.2258420447942443
MAIN-030,Gemma-3-4B-it,Q3_K_M,190,0,0.9277026065607862,0.0594772477537362,0.1928485013115021,0.0274671639017121,0.6631706329874638,0.101342891804661
MAIN-030,Gemma-3-4B-it,Q4_K_M,190,0,0.9960723790028008,0.0092951606926052,0.2828815161197063,0.0308150523342157,0.902659307117897,0.0674745164978277
MAIN-030,Gemma-3-4B-it,Q5_K_M,190,0,0.9653186295684072,0.0385906409587702,0.2211183063039009,0.0260062867870093,0.7277891913146081,0.0854409522996385
MAIN-030,Gemma-3-4B-it,Q6_K,190,0,0.9709783929287378,0.0357955371640267,0.2221018778310695,0.0332868175595091,0.7361375241871698,0.1089313200544626
MAIN-030,Phi-4-mini-instruct,Q3_K_M,190,0,0.4467817560370143,0.1757999688917794,0.0891649940874597,0.0406916271144398,0.249039000692453,0.1135777572048173
MAIN-030,Phi-4-mini-instruct,Q4_K_M,190,0,0.5398141921203456,0.2248969222802945,0.0993667126292425,0.0507886529574929,0.2980194682932715,0.1780759235431222
MAIN-030,Phi-4-mini-instruct,Q5_K_M,190,0,0.5723715636433576,0.1848923129536203,0.1057619343307828,0.0372459370096075,0.3077775608008896,0.1237194119540865
MAIN-030,Phi-4-mini-instruct,Q6_K,190,0,0.6321167480772432,0.21129965662002,0.1368480007474956,0.0559803733974355,0.4071338792799873,0.1685197538572775
MAIN-030,Qwen-MediCare-BD,Q3_K_M,190,0,0.785546351259374,0.2647939899007994,0.2378126364442016,0.0983156986283149,0.6350386487594765,0.2438811645724186
MAIN-030,Qwen-MediCare-BD,Q4_K_M,190,0,0.5604295271978529,0.3692311750509895,0.1957993249905219,0.1488022082239481,0.4514139771942807,0.3105033117955704
MAIN-030,Qwen-MediCare-BD,Q5_K_M,190,0,0.5038862747921232,0.243623036756178,0.1585949546981559,0.1004896205875814,0.3795516731808321,0.200846041376238
MAIN-030,Qwen-MediCare-BD,Q6_K,190,0,0.3358800344611071,0.3423258271701376,0.1350031477097357,0.1493979217589217,0.2713833576402096,0.2753540240299831
MAIN-031,Gemma-3-4B-it,Q3_K_M,190,0,0.9673660661719384,0.035531325678753,0.1737761688193831,0.0317856467164851,0.6801585638871843,0.1110883408060276
MAIN-031,Gemma-3-4B-it,Q4_K_M,190,0,0.9644918784395202,0.0412211011426711,0.2146603154747276,0.036145522310591,0.7804330383233619,0.1155844216832715
MAIN-031,Gemma-3-4B-it,Q5_K_M,190,0,0.9963157930552132,0.0073838903897395,0.2837641980233507,0.032181341500401,0.9183282614793594,0.0452886788316788
MAIN-031,Gemma-3-4B-it,Q6_K,190,0,0.9952928083922824,0.0079517722835869,0.2741718589638588,0.0243228023017309,0.9022485812382698,0.0345716869087286
MAIN-031,Phi-4-mini-instruct,Q3_K_M,190,0,0.6822928424032645,0.1515905908259814,0.114580113691854,0.0303957638532605,0.3620131131286578,0.1224561538376619
MAIN-031,Phi-4-mini-instruct,Q4_K_M,190,0,0.5825356052806028,0.1725573614523127,0.0940562185252903,0.0327112531952451,0.2813755586319799,0.1205233669340239
MAIN-031,Phi-4-mini-instruct,Q5_K_M,190,0,0.6815343678557718,0.1588139171363247,0.109384902891802,0.0344561333337942,0.3444371931232387,0.1322159078059481
MAIN-031,Phi-4-mini-instruct,Q6_K,190,0,0.7027228036927128,0.1890931197486689,0.1098398189366748,0.0368411217112115,0.3570193157732071,0.1547656435152883
MAIN-031,Qwen-MediCare-BD,Q3_K_M,190,0,0.6723560638906757,0.2320685210456824,0.1830074706333625,0.0821057301218125,0.4987744837776987,0.2174719083369858
MAIN-031,Qwen-MediCare-BD,Q4_K_M,190,0,0.703856909697241,0.2146210213521794,0.2255865627868393,0.0996911571318798,0.5212449707143415,0.199496895300383
MAIN-031,Qwen-MediCare-BD,Q5_K_M,190,0,0.6086416464282157,0.1751865008846455,0.1548925432065329,0.0628385727123761,0.4191986385646619,0.1516360530192333
MAIN-031,Qwen-MediCare-BD,Q6_K,190,0,0.5352438085091145,0.2364537056579507,0.151248091891456,0.0825724253509151,0.384339867368798,0.1787365710174524
MAIN-032,Gemma-3-4B-it,Q3_K_M,190,0,0.9701704914037476,0.0279262572118266,0.2797902991867836,0.0290317291445343,0.8630013262320182,0.0403600990000423
MAIN-032,Gemma-3-4B-it,Q4_K_M,190,0,0.986162912357953,0.0184305359264715,0.250693862572509,0.0184980954975626,0.8309021564016723,0.0475959343979094
MAIN-032,Gemma-3-4B-it,Q5_K_M,190,0,0.9808374396803482,0.0178724825491624,0.2979787813858532,0.0256992188060906,0.8811690481662295,0.0447392607806953
MAIN-032,Gemma-3-4B-it,Q6_K,190,0,0.9796784664801614,0.0201201205590366,0.290197225755661,0.0216399279297851,0.8850210538553765,0.0390880037537726
MAIN-032,Phi-4-mini-instruct,Q3_K_M,190,0,0.7635435424228469,0.1897127858229839,0.1862377960502194,0.0606215887587457,0.5629524395085821,0.1794474224319749
MAIN-032,Phi-4-mini-instruct,Q4_K_M,190,0,0.539618223899678,0.1996604871453131,0.1266855345631381,0.0591716981149186,0.35448435900604,0.1642334598385317
MAIN-032,Phi-4-mini-instruct,Q5_K_M,190,0,0.5128831467576443,0.2295051763885955,0.1267895240980919,0.0638540978129443,0.3731313948902295,0.1918877139623742
MAIN-032,Phi-4-mini-instruct,Q6_K,190,0,0.5435084673612768,0.2295002274161957,0.1320283814934295,0.0643249557951372,0.3745864977217663,0.1776377644886807
MAIN-032,Qwen-MediCare-BD,Q3_K_M,190,0,0.7487625784857265,0.2583322620655937,0.2894608600354675,0.1226848137784255,0.6525105224785204,0.238743332271788
MAIN-032,Qwen-MediCare-BD,Q4_K_M,190,0,0.6640985861291476,0.2745109691230351,0.2162678583235781,0.0997155514822259,0.5328681809928801,0.2448285742522534
MAIN-032,Qwen-MediCare-BD,Q5_K_M,190,0,0.6426304866701564,0.3241468212249366,0.2822224088545486,0.1955222862144032,0.5437863752390869,0.280782535006586
MAIN-032,Qwen-MediCare-BD,Q6_K,190,0,0.5426412410586632,0.2149641191237171,0.1496057116467023,0.0652945284746906,0.3988636462233875,0.1728406798392788
MAIN-033,Gemma-3-4B-it,Q3_K_M,190,0,0.9481902467138192,0.0430511203998626,0.1906403572141155,0.0242152400807125,0.7023442387069643,0.0856536275806775
MAIN-033,Gemma-3-4B-it,Q4_K_M,190,0,0.9821367720030916,0.0262496086658035,0.2098287959929023,0.026058954098106,0.7943395347187293,0.0755735555702016
MAIN-033,Gemma-3-4B-it,Q5_K_M,190,0,0.9554070007634612,0.0291206508359321,0.1848776313626462,0.0194207856390267,0.6896129157862564,0.07190725824623
MAIN-033,Gemma-3-4B-it,Q6_K,190,0,0.9629090188161044,0.0331807206771814,0.1871898855445905,0.0261868279134252,0.7007279194859438,0.097677985442737
MAIN-033,Phi-4-mini-instruct,Q3_K_M,190,0,0.5907349799560364,0.1769558930888941,0.0998923205840882,0.0396746468525351,0.2969265105734062,0.1381363096171178
MAIN-033,Phi-4-mini-instruct,Q4_K_M,190,0,0.5264145617177483,0.1857758505688201,0.091084223735035,0.0346599456134001,0.253054462035623,0.1099979034481042
MAIN-033,Phi-4-mini-instruct,Q5_K_M,190,0,0.5106361998378424,0.1803953541461346,0.080262215188896,0.0303773596844443,0.2363713416355357,0.112690582676388
MAIN-033,Phi-4-mini-instruct,Q6_K,190,0,0.6536920066741138,0.1728052569061127,0.101906067269759,0.0316776669513719,0.3253554679153232,0.1238024161860931
MAIN-033,Qwen-MediCare-BD,Q3_K_M,190,0,0.3739500096731232,0.276468281949666,0.1137481959154905,0.0914403428785015,0.2752297162138231,0.2308734516000167
MAIN-033,Qwen-MediCare-BD,Q4_K_M,190,0,0.7861090610048235,0.1742624871495577,0.2201236039972284,0.0641199522827655,0.5934022349272293,0.1671054956206506
MAIN-033,Qwen-MediCare-BD,Q5_K_M,190,0,0.483403327886361,0.3642432683003651,0.2022579506477435,0.1328573193221949,0.4060187451761801,0.3014863561641057
MAIN-033,Qwen-MediCare-BD,Q6_K,190,0,0.8538112539718349,0.1330200297042712,0.2912418559181764,0.0849979432893622,0.7003377944811707,0.1464101220455138
MAIN-034,Gemma-3-4B-it,Q3_K_M,190,0,0.955923602642619,0.030737075900912,0.1639156335949941,0.0263014071408865,0.650762209415727,0.1067070479860837
MAIN-034,Gemma-3-4B-it,Q4_K_M,190,0,0.8160343029176643,0.1190185094780166,0.1218014531551351,0.0257846722436685,0.3975972862489162,0.1290087861977448
MAIN-034,Gemma-3-4B-it,Q5_K_M,10,180,0.9841260458272928,0.0094820949812919,0.1976700410502657,0.0146702403600616,0.786465109429251,0.0356507582639021
MAIN-034,Gemma-3-4B-it,Q6_K,190,0,0.9805066475185517,0.0199606650600585,0.1977697109597165,0.0260262376246817,0.7566066952677225,0.0852614649714166
MAIN-034,Phi-4-mini-instruct,Q3_K_M,190,0,0.4740901122817081,0.2451761664032447,0.0675218358441178,0.0369174241269466,0.1992666914151132,0.1447750237294239
MAIN-034,Phi-4-mini-instruct,Q4_K_M,190,0,0.4486218896011349,0.2009674269733707,0.0560588529113947,0.0286920520783715,0.146181088478628,0.0975903777726865
MAIN-034,Phi-4-mini-instruct,Q5_K_M,190,0,0.5267265890175528,0.2069573775062478,0.0694283213511634,0.0333573903872377,0.1918729473615198,0.1131741065221341
MAIN-034,Phi-4-mini-instruct,Q6_K,190,0,0.4808754600899573,0.153033768988938,0.0745878265757538,0.0307010514039536,0.1969292020763332,0.1001982291384325
MAIN-034,Qwen-MediCare-BD,Q3_K_M,190,0,0.7050348428333412,0.3262243219568361,0.3051480013529269,0.1775688060749968,0.6038415659942195,0.302561755447827
MAIN-034,Qwen-MediCare-BD,Q4_K_M,190,0,0.763705942881709,0.2433563475588604,0.2470611561921124,0.1151510567839844,0.6100163396434647,0.2468596343363314
MAIN-034,Qwen-MediCare-BD,Q5_K_M,190,0,0.8069247216340502,0.1317224377738437,0.24271407397996,0.0500480358777646,0.64158214994735,0.1330512233142687
MAIN-034,Qwen-MediCare-BD,Q6_K,190,0,0.82699131570241,0.1554569296669138,0.2454976717876492,0.0802097583012313,0.6547514773516008,0.1809735354317187
MAIN-035,Gemma-3-4B-it,Q3_K_M,190,0,0.7993970132552176,0.0962036520037441,0.1128228694270623,0.0324518913216581,0.3919700034899075,0.1329192808685231
MAIN-035,Gemma-3-4B-it,Q4_K_M,190,0,0.5587985555054493,0.1652370510995798,0.0763503648430626,0.0237096001729826,0.2036297083807292,0.0866321567255465
MAIN-035,Gemma-3-4B-it,Q5_K_M,190,0,0.8314083930921763,0.0781901837436426,0.1446752172066545,0.0259650894328751,0.5175123323970003,0.1136508051032241
MAIN-035,Gemma-3-4B-it,Q6_K,190,0,0.8160261143757662,0.1037596107905145,0.1301051994351892,0.031062196821397,0.455935422776103,0.1272989010475098
MAIN-035,Phi-4-mini-instruct,Q3_K_M,190,0,0.2973054250586799,0.1590121910329244,0.0611550120885814,0.0348649009950813,0.1624606748706721,0.0910902928204934
MAIN-035,Phi-4-mini-instruct,Q4_K_M,190,0,0.2436432536421119,0.1653251386271319,0.0546506466288057,0.0369749867734823,0.1337283670895382,0.0881925798174291
MAIN-035,Phi-4-mini-instruct,Q5_K_M,190,0,0.3408304923945849,0.1987866128064409,0.0627374687109532,0.0404672352561377,0.1754669252519209,0.1205322397825317
MAIN-035,Phi-4-mini-instruct,Q6_K,190,0,0.2854877659070959,0.1702327026829782,0.0644701312209698,0.0435446061030341,0.170941154663251,0.1117665505444254
MAIN-035,Qwen-MediCare-BD,Q3_K_M,190,0,0.6388986971596922,0.3211083372283042,0.2085210034924453,0.1512959750087091,0.4892649752409204,0.2634857475561656
MAIN-035,Qwen-MediCare-BD,Q4_K_M,190,0,0.7207929074485173,0.156578956260873,0.1922728595869159,0.0572265347733094,0.5143689053462474,0.1374537687463162
MAIN-035,Qwen-MediCare-BD,Q5_K_M,190,0,0.607852232536083,0.2860160108420064,0.1949797752086591,0.115683070166378,0.4766680916584641,0.2528401440400519
MAIN-035,Qwen-MediCare-BD,Q6_K,190,0,0.6707442166146479,0.209873426345474,0.2219482813404555,0.0772533991276246,0.5433490412262036,0.1816191343499469
MAIN-036,Gemma-3-4B-it,Q3_K_M,190,0,0.985668617220764,0.0187866128552419,0.2032237764020173,0.0329621382544456,0.7860458828772775,0.109710596703745
MAIN-036,Gemma-3-4B-it,Q4_K_M,190,0,0.998015515484674,0.0064213445057002,0.2581924057257901,0.0282778027189928,0.921532503903072,0.0432751328879094
MAIN-036,Gemma-3-4B-it,Q5_K_M,190,0,0.9942280716881644,0.0091607263042295,0.2487351157019161,0.0213389263060145,0.8982725509093684,0.0525692489044178
MAIN-036,Gemma-3-4B-it,Q6_K,190,0,0.9917839211178764,0.0102526373424739,0.1805847183530257,0.0213931751135303,0.7469531459168138,0.0921750847287916
MAIN-036,Phi-4-mini-instruct,Q3_K_M,190,0,0.5916380437156712,0.246102791234557,0.1382752864894089,0.0692383065823346,0.3896147488480998,0.2081839311505547
MAIN-036,Phi-4-mini-instruct,Q4_K_M,190,0,0.5065209891981568,0.2250401256089412,0.1055343170520009,0.0554386851685873,0.2786459002485704,0.1496007478590595
MAIN-036,Phi-4-mini-instruct,Q5_K_M,190,0,0.4878748046293985,0.2252562255723531,0.0890828982102031,0.0532090034230417,0.2514713177021572,0.1627259802522145
MAIN-036,Phi-4-mini-instruct,Q6_K,190,0,0.5634700152178244,0.2083355718788917,0.1014188846813822,0.047606231403287,0.3112723339659886,0.1667323070214368
MAIN-036,Qwen-MediCare-BD,Q3_K_M,190,0,0.6990081441858037,0.251518714098907,0.2215836680203316,0.1475847008385798,0.5557860129992815,0.24529018081787
MAIN-036,Qwen-MediCare-BD,Q4_K_M,190,0,0.8351962751002481,0.1571192389227404,0.245858267765075,0.0801578237332971,0.6620578530137642,0.1897402646433838
MAIN-036,Qwen-MediCare-BD,Q5_K_M,190,0,0.5103747572300962,0.3590992769031507,0.2251006600230951,0.164864328454825,0.4468959679029667,0.3219051207135751
MAIN-036,Qwen-MediCare-BD,Q6_K,190,0,0.6211937990451353,0.2713819053368091,0.2240368452671605,0.144467599934498,0.5144232962568256,0.2465160579066695
MAIN-037,Gemma-3-4B-it,Q3_K_M,190,0,0.8549065670405338,0.0666236806265658,0.1593953541817427,0.037478526487938,0.5842812059806539,0.1327384451971586
MAIN-037,Gemma-3-4B-it,Q4_K_M,190,0,0.9357113117676176,0.084212975559552,0.1868278971074747,0.0423033097872211,0.6981034601792265,0.1501083091962867
MAIN-037,Gemma-3-4B-it,Q5_K_M,190,0,0.9522055747765183,0.0653057249418384,0.2282512724266173,0.0536210659039038,0.7726457182981971,0.1721372991434215
MAIN-037,Gemma-3-4B-it,Q6_K,190,0,0.9520665378663916,0.0359407132563142,0.205603336181453,0.0350476174310085,0.7795189697948467,0.0753719522713456
MAIN-037,Phi-4-mini-instruct,Q3_K_M,190,0,0.5314161062088726,0.2107498882565531,0.1134195221394825,0.0554615443832196,0.322128464847467,0.160846917143453
MAIN-037,Phi-4-mini-instruct,Q4_K_M,190,0,0.5865274761260971,0.1966200106234505,0.1048715514547207,0.041776479462796,0.3065603922677444,0.1369180877820015
MAIN-037,Phi-4-mini-instruct,Q5_K_M,190,0,0.6331530664498929,0.1532487322447208,0.1071054781817872,0.0344515937043455,0.3299710445874416,0.13196026319662
MAIN-037,Phi-4-mini-instruct,Q6_K,190,0,0.6490082839283953,0.2026678397207629,0.1139345229985806,0.0398285602602526,0.3581952703502205,0.1606187313510197
MAIN-037,Qwen-MediCare-BD,Q3_K_M,190,0,0.6611318449704425,0.2535398567443754,0.2280697891764422,0.1095504903721662,0.5568472417777138,0.2231434895650864
MAIN-037,Qwen-MediCare-BD,Q4_K_M,190,0,0.7996210093603296,0.1509841588111735,0.2733408288289772,0.0894872951244237,0.6460286744029176,0.1647121818558587
MAIN-037,Qwen-MediCare-BD,Q5_K_M,190,0,0.4685863502473013,0.289156233926799,0.143535441056266,0.1221674973043335,0.3393456625311932,0.217631735773588
MAIN-037,Qwen-MediCare-BD,Q6_K,190,0,0.5482134014073021,0.2176519694841688,0.1588753733126821,0.0861850792321824,0.3975565656299206,0.1793572402563269
MAIN-038,Gemma-3-4B-it,Q3_K_M,190,0,0.9445146314810536,0.0369737478939544,0.1618325567293608,0.0204773406741928,0.6615121090138715,0.0893254171519094
MAIN-038,Gemma-3-4B-it,Q4_K_M,190,0,0.7759570539540225,0.1429596304092152,0.1200216738412148,0.0340722929867601,0.4032476956311022,0.1476923491749874
MAIN-038,Gemma-3-4B-it,Q5_K_M,190,0,0.9680876246537752,0.0418104584209259,0.2155126810179007,0.0327289184750721,0.7848238710212124,0.1028820203281852
MAIN-038,Gemma-3-4B-it,Q6_K,190,0,0.9701610720632676,0.0265922530049024,0.1879837632880237,0.0230353432451022,0.7434795780372628,0.0782767400907787
MAIN-038,Phi-4-mini-instruct,Q3_K_M,190,0,0.3284105194623309,0.2189203880429834,0.0635751742599755,0.043482386674072,0.1810001247991981,0.1360137186557203
MAIN-038,Phi-4-mini-instruct,Q4_K_M,190,0,0.4779021620868537,0.1804072690138375,0.0763762421489089,0.038290427826592,0.2190550741237942,0.1299241958504249
MAIN-038,Phi-4-mini-instruct,Q5_K_M,190,0,0.4992422451854619,0.1513674847173435,0.0831052462809414,0.032337183979633,0.2382235724536448,0.1112517400180776
MAIN-038,Phi-4-mini-instruct,Q6_K,190,0,0.4292811606328881,0.2008980838460726,0.0678986670466706,0.0353403182922305,0.1873772167907437,0.1175680353879994
MAIN-038,Qwen-MediCare-BD,Q3_K_M,190,0,0.5854369376217433,0.3370588552183284,0.2434013168588774,0.1822914732707464,0.4916909738592607,0.297878856454365
MAIN-038,Qwen-MediCare-BD,Q4_K_M,190,0,0.9143457874715862,0.0897684001036596,0.2781051419996208,0.0659164502205208,0.7434491684707828,0.1265262271483133
MAIN-038,Qwen-MediCare-BD,Q5_K_M,190,0,0.6784412504229966,0.2519365711138421,0.2405441480792676,0.1163199639437594,0.5411142136590695,0.2163204379892196
MAIN-038,Qwen-MediCare-BD,Q6_K,190,0,0.8439000275215197,0.1566447921977525,0.2491883146409023,0.0831900564927252,0.668896460649745,0.1834075437357616
MAIN-039,Gemma-3-4B-it,Q3_K_M,190,0,0.983095189016536,0.0201665477530724,0.2899014890385556,0.0297887123565182,0.8843074996304728,0.0563200633724181
MAIN-039,Gemma-3-4B-it,Q4_K_M,190,0,0.9829900093116544,0.0247889869457469,0.3020101666547877,0.0400807905646947,0.8979275624848236,0.06218533677026
MAIN-039,Gemma-3-4B-it,Q5_K_M,190,0,0.936710898990074,0.0468362139873919,0.2176171319082965,0.031962983927241,0.7484501681835231,0.0890612054206412
MAIN-039,Gemma-3-4B-it,Q6_K,190,0,0.9919536917304148,0.012705530662364,0.2866933720443672,0.0385823679080945,0.9141873084458298,0.0436506636843035
MAIN-039,Phi-4-mini-instruct,Q3_K_M,190,0,0.6687878770497495,0.1938647390469138,0.1960862991703356,0.0708593463478042,0.493663381210599,0.1823815475404745
MAIN-039,Phi-4-mini-instruct,Q4_K_M,190,0,0.6657774186093047,0.1942540096331324,0.148686546455622,0.0531154850705183,0.4446136882984786,0.1599986827104924
MAIN-039,Phi-4-mini-instruct,Q5_K_M,190,0,0.6773832869367945,0.1523499845298465,0.1454380856183071,0.0491449378029775,0.4623170014004571,0.1487250748134833
MAIN-039,Phi-4-mini-instruct,Q6_K,190,0,0.7067037519373143,0.1215628720322768,0.1609304420715855,0.0474567625707636,0.4849128613117569,0.137154140763973
MAIN-039,Qwen-MediCare-BD,Q3_K_M,190,0,0.6205996860076128,0.2138565447791412,0.1500795792951041,0.0653153943320405,0.4348388625390886,0.1921140179036998
MAIN-039,Qwen-MediCare-BD,Q4_K_M,190,0,0.5297858944236485,0.3210730012866873,0.1994923533560808,0.1453897103771903,0.4258696365555314,0.2669740260340906
MAIN-039,Qwen-MediCare-BD,Q5_K_M,190,0,0.2277993745221729,0.3312651221406592,0.1442610484271312,0.2548049614087936,0.2019137605165529,0.2984452357167492
MAIN-039,Qwen-MediCare-BD,Q6_K,190,0,0.5414449577695793,0.2482211089740226,0.1709387108684161,0.0984567878006033,0.411697270635587,0.2087042311803204
MAIN-040,Gemma-3-4B-it,Q3_K_M,190,0,0.9600041780011755,0.0320452817130917,0.1828673728366282,0.0243574526083664,0.7172486811211188,0.083226277254037
MAIN-040,Gemma-3-4B-it,Q4_K_M,190,0,0.7985119512530879,0.1154381711073711,0.1343038720737261,0.0290294910114763,0.4547872129940019,0.1332029861490635
MAIN-040,Gemma-3-4B-it,Q5_K_M,190,0,0.9816867500521128,0.0188727134490354,0.2293152687814951,0.0253478068167481,0.8427601002590343,0.0589269258726514
MAIN-040,Gemma-3-4B-it,Q6_K,190,0,0.9829699622794948,0.0153600900243603,0.2297786578460627,0.0261924638944458,0.8517640349050871,0.0551589615587254
MAIN-040,Phi-4-mini-instruct,Q3_K_M,190,0,0.5893803370592737,0.1718460291782974,0.1518792598580387,0.0517499310953467,0.4358778912587684,0.1498867361539059
MAIN-040,Phi-4-mini-instruct,Q4_K_M,190,0,0.5331381727912999,0.1424381552493183,0.1088327279700432,0.0304832665828334,0.3130596487135139,0.0954046601912765
MAIN-040,Phi-4-mini-instruct,Q5_K_M,190,0,0.5761199503403126,0.1759146614969716,0.1104178248374181,0.0389850198822032,0.3360483394981146,0.135464738963681
MAIN-040,Phi-4-mini-instruct,Q6_K,190,0,0.5043630943996964,0.1577617371261541,0.1021851421314196,0.0369440242877499,0.296002674213598,0.1095155200243058
MAIN-040,Qwen-MediCare-BD,Q3_K_M,190,0,0.644926844648033,0.3628520609228895,0.2427002324401738,0.1561390308359766,0.5296954334773607,0.3215521589466553
MAIN-040,Qwen-MediCare-BD,Q4_K_M,190,0,0.5697429840091177,0.2399109002611824,0.19118629130774,0.1357533594160551,0.4316426117513562,0.1991052971890838
MAIN-040,Qwen-MediCare-BD,Q5_K_M,190,0,0.6535560377759753,0.2632719477822787,0.2120961136697959,0.117524454926509,0.5120238092863203,0.240811835066327
MAIN-040,Qwen-MediCare-BD,Q6_K,190,0,0.7244207302784225,0.2251322804756989,0.2222273934323978,0.1287549009636395,0.555159087303046,0.2126780334714572
MAIN-041,Gemma-3-4B-it,Q3_K_M,190,0,0.8887651062010057,0.0852763568540064,0.1380703029637279,0.0269140196511518,0.5029935488689307,0.1045540906808916
MAIN-041,Gemma-3-4B-it,Q4_K_M,190,0,0.948678961348798,0.0355093310982391,0.1636287580641991,0.0239802775627928,0.6050739542089438,0.0961214301324988
MAIN-041,Gemma-3-4B-it,Q5_K_M,190,0,0.9601211957695908,0.0356986655621735,0.1580031147572224,0.0201778166139654,0.5841637689264141,0.096676265592943
MAIN-041,Gemma-3-4B-it,Q6_K,190,0,0.9573622136658808,0.0291603217472051,0.1540872968503509,0.0154346497656622,0.5694471194806788,0.0802677681846633
MAIN-041,Phi-4-mini-instruct,Q3_K_M,190,0,0.2538660705632222,0.200014009781386,0.0405886236833046,0.0344066881547699,0.1046808794058942,0.0943418964475012
MAIN-041,Phi-4-mini-instruct,Q4_K_M,190,0,0.3282261475683528,0.1950994057491929,0.0482065483709203,0.0299041679126662,0.1230619809271187,0.0914143743510744
MAIN-041,Phi-4-mini-instruct,Q5_K_M,190,0,0.3220288935931727,0.2118389156871482,0.0543688012239879,0.0387377902028928,0.1543679874767685,0.1145893968576214
MAIN-041,Phi-4-mini-instruct,Q6_K,190,0,0.4413614070700385,0.2000399653618205,0.0652837367945946,0.0386097085180155,0.1689668207549421,0.116425406934499
MAIN-041,Qwen-MediCare-BD,Q3_K_M,190,0,0.6491334194760692,0.2759951268501366,0.3384184138982419,0.2779585544572535,0.5695011315270446,0.2746801724822474
MAIN-041,Qwen-MediCare-BD,Q4_K_M,190,0,0.7487851073792233,0.1810347415976959,0.2005888617629387,0.073461113378189,0.5524038952359571,0.1879124393950107
MAIN-041,Qwen-MediCare-BD,Q5_K_M,190,0,0.4230375281176607,0.3382364270204395,0.2163422213868928,0.2191114865005594,0.3529253894136623,0.2994067574893241
MAIN-041,Qwen-MediCare-BD,Q6_K,190,0,0.5519193035207297,0.2524010061164337,0.1988120642292438,0.1209642318259332,0.4531986367168308,0.2327421039794655
MAIN-042,Gemma-3-4B-it,Q3_K_M,190,0,0.8392962248543615,0.1154110626339943,0.1456609913943876,0.0505317670882193,0.503391124792204,0.1875364992275544
MAIN-042,Gemma-3-4B-it,Q4_K_M,190,0,0.8560531624495118,0.0577712695430248,0.1211632724651364,0.0155044861927424,0.4437230894381114,0.0794145006679618
MAIN-042,Gemma-3-4B-it,Q5_K_M,190,0,0.9826261008391276,0.0217701139636272,0.2795010675051412,0.0671741789953111,0.8398479664469201,0.1321084862988512
MAIN-042,Gemma-3-4B-it,Q6_K,190,0,0.9879816954544416,0.0166399165590869,0.2548604615970387,0.0529618602770568,0.8268826378242453,0.1065233395092511
MAIN-042,Phi-4-mini-instruct,Q3_K_M,190,0,0.3091807630314875,0.2433760637645233,0.065433208295482,0.0603472179049915,0.1708897913102816,0.1420417685182523
MAIN-042,Phi-4-mini-instruct,Q4_K_M,190,0,0.1345782257725107,0.1870200366536655,0.0374390147290881,0.0850680314781678,0.0676599680719924,0.1066081781787673
MAIN-042,Phi-4-mini-instruct,Q5_K_M,190,0,0.2356237630474682,0.1590894810863894,0.0486608342948238,0.0356322993769666,0.1250845034146142,0.1001476704144958
MAIN-042,Phi-4-mini-instruct,Q6_K,190,0,0.3522107907583192,0.2200375139817677,0.0677599793589753,0.0464868821448747,0.1934966104522159,0.1359698246581835
MAIN-042,Qwen-MediCare-BD,Q3_K_M,190,0,0.8134195229793381,0.2408516390134214,0.3027330945099575,0.1344213582653346,0.6841442070207094,0.2187019816502394
MAIN-042,Qwen-MediCare-BD,Q4_K_M,190,0,0.7653204153796946,0.1446367149449272,0.223723164590737,0.0800065519558322,0.5739663784480974,0.1498167199991993
MAIN-042,Qwen-MediCare-BD,Q5_K_M,190,0,0.8142804662356699,0.1359406072265452,0.2095473441150601,0.0540325348770186,0.5963556587800396,0.1413149005673885
MAIN-042,Qwen-MediCare-BD,Q6_K,190,0,0.7189532113727762,0.1831970342656505,0.21160609149811,0.0777576862917119,0.5413709909710415,0.1700784966471695
MAIN-043,Gemma-3-4B-it,Q3_K_M,0,190,,,,,,
MAIN-043,Gemma-3-4B-it,Q4_K_M,190,0,0.7992359931783414,0.1043520683298367,0.1309194494717727,0.0349436623051021,0.4235697697995135,0.1530985680013623
MAIN-043,Gemma-3-4B-it,Q5_K_M,190,0,0.6671645788860597,0.1323533659870076,0.1117989198595703,0.0268210406737603,0.3580185724106844,0.1083924908621057
MAIN-043,Gemma-3-4B-it,Q6_K,190,0,0.6060214267551314,0.1495018133986729,0.0947334040070001,0.0272728450908396,0.3034751673016116,0.1005951177193337
MAIN-043,Phi-4-mini-instruct,Q3_K_M,190,0,0.2584409740223621,0.2044825655119677,0.0590663496399299,0.0472569805626942,0.162839684223266,0.1313960253914475
MAIN-043,Phi-4-mini-instruct,Q4_K_M,190,0,0.1533915778288716,0.2020682450486207,0.0522421105496628,0.0728364118175061,0.1155538074706207,0.1592378049291227
MAIN-043,Phi-4-mini-instruct,Q5_K_M,190,0,0.3199971486015124,0.2475787232049327,0.0735815545904024,0.0578255490243784,0.1925753771520083,0.1573900243192666
MAIN-043,Phi-4-mini-instruct,Q6_K,190,0,0.1622011487543234,0.1860490176251977,0.039373215601037,0.04699061491633,0.101791432818997,0.1219224377100528
MAIN-043,Qwen-MediCare-BD,Q3_K_M,190,0,0.7144880120667528,0.2174087853504543,0.2127367769723599,0.091462696938427,0.5610593677566779,0.2040378636866779
MAIN-043,Qwen-MediCare-BD,Q4_K_M,190,0,0.5950266279074782,0.2499254904733255,0.2106962954479774,0.1116955264975137,0.4769730339703354,0.2283865202361607
MAIN-043,Qwen-MediCare-BD,Q5_K_M,190,0,0.4310793466593388,0.2987899594304679,0.1330873139840113,0.1293206559777325,0.3215171108353407,0.2354650390917382
MAIN-043,Qwen-MediCare-BD,Q6_K,190,0,0.3275849903087344,0.2913308955066738,0.1042387645851392,0.1007756658490959,0.2493316672738445,0.2256395730789568
MAIN-044,Gemma-3-4B-it,Q3_K_M,190,0,0.94040537855138,0.041632110478579,0.2050756257541171,0.0410935383954196,0.7066351771282121,0.1199104989944909
MAIN-044,Gemma-3-4B-it,Q4_K_M,190,0,0.9851735181737092,0.0192532988117406,0.2300794305619183,0.0371548470401512,0.8248553110209388,0.1007577637711595
MAIN-044,Gemma-3-4B-it,Q5_K_M,190,0,0.9886118343931676,0.0196987115221503,0.2938233052638089,0.0430585512429524,0.9013244967136484,0.0778165158958907
MAIN-044,Gemma-3-4B-it,Q6_K,190,0,0.9875301143224192,0.0154635452696075,0.2853371699963822,0.0250821606664502,0.9019184046343156,0.0370485398368063
MAIN-044,Phi-4-mini-instruct,Q3_K_M,190,0,0.6758042942515445,0.1623927333215953,0.1333264376568573,0.0457689548473703,0.4026358684158753,0.1559080309723779
MAIN-044,Phi-4-mini-instruct,Q4_K_M,190,0,0.6538020650683428,0.1670567194837345,0.1182821489391851,0.0369103761296669,0.3418411726324521,0.139607712818226
MAIN-044,Phi-4-mini-instruct,Q5_K_M,190,0,0.6580887903983431,0.1654048400638406,0.1102054602442624,0.0381655149143502,0.341340223481964,0.1494741443879124
MAIN-044,Phi-4-mini-instruct,Q6_K,190,0,0.6185852740495156,0.1937980766982616,0.1035933211350972,0.0312458867328846,0.3334328222930182,0.1225661294021882
MAIN-044,Qwen-MediCare-BD,Q3_K_M,190,0,0.5443744253097583,0.3127602758536915,0.2317012134408166,0.2097999270474486,0.4425383956950123,0.2737811746926741
MAIN-044,Qwen-MediCare-BD,Q4_K_M,190,0,0.6485970036988142,0.2002723674187991,0.2029840345155777,0.0798613285788538,0.5013027055145606,0.1856752219926325
MAIN-044,Qwen-MediCare-BD,Q5_K_M,190,0,0.4250397883091704,0.2209665375902645,0.1322515650303483,0.0841517431298942,0.3178870269671494,0.1775423467164735
MAIN-044,Qwen-MediCare-BD,Q6_K,190,0,0.5323207425524046,0.2639273097745876,0.173137628869173,0.0994010310821707,0.4193738758792929,0.2235165156196162
MAIN-045,Gemma-3-4B-it,Q3_K_M,0,190,,,,,,
MAIN-045,Gemma-3-4B-it,Q4_K_M,190,0,0.7005845076097635,0.0726970836054342,0.1222553501946121,0.0169755862526872,0.3714180751806051,0.0734344661587298
MAIN-045,Gemma-3-4B-it,Q5_K_M,190,0,0.7079101991992804,0.1411461848169935,0.1152717257538878,0.0300998725293586,0.376399796900326,0.1349301116721242
MAIN-045,Gemma-3-4B-it,Q6_K,190,0,0.6386907586939681,0.1056287887993276,0.0900445231679951,0.0159864903946238,0.2550007907424989,0.0684446877040312
MAIN-045,Phi-4-mini-instruct,Q3_K_M,190,0,0.1178232679084727,0.15141322259321,0.0303418838377192,0.0404754142591152,0.0777522716505224,0.1018943377971477
MAIN-045,Phi-4-mini-instruct,Q4_K_M,190,0,0.1372176236646217,0.1404671299812123,0.0401602924621244,0.0406074990027923,0.0966405016309336,0.0973457538858882
MAIN-045,Phi-4-mini-instruct,Q5_K_M,190,0,0.0807995395133037,0.1428657807883336,0.019285104909986,0.0332423245618212,0.0510294838751617,0.0908307054072003
MAIN-045,Phi-4-mini-instruct,Q6_K,190,0,0.1285320981384668,0.1647689315339117,0.0302794473024116,0.0356761574290115,0.0777723922174153,0.0945881576427667
MAIN-045,Qwen-MediCare-BD,Q3_K_M,190,0,0.440116428604078,0.2717445662065092,0.1319370360600072,0.0878858103317989,0.353919638951556,0.2354243565995821
MAIN-045,Qwen-MediCare-BD,Q4_K_M,190,0,0.5142926273528571,0.3485050226492397,0.2013681101354064,0.1621475503111757,0.4330694208871575,0.3064393691831731
MAIN-045,Qwen-MediCare-BD,Q5_K_M,190,0,0.5417410131548519,0.3136214046573201,0.2316155675541682,0.1724360785632246,0.4603868758090307,0.2734744980226616
MAIN-045,Qwen-MediCare-BD,Q6_K,190,0,0.5353727763328536,0.2734011209179399,0.148581489599779,0.0786833216381626,0.4106966391975341,0.2292651412764471
MAIN-046,Gemma-3-4B-it,Q3_K_M,190,0,0.9453361313469384,0.0553725986449737,0.219115396295453,0.0528778889496774,0.7240550667973797,0.127521955510736
MAIN-046,Gemma-3-4B-it,Q4_K_M,190,0,0.97866225957216,0.020353156778884,0.2638538154877384,0.0289207577498401,0.8349093958583264,0.050789230331229
MAIN-046,Gemma-3-4B-it,Q5_K_M,190,0,0.9677069718676432,0.0270183381225059,0.2490718406380512,0.0414611983175088,0.8132813606047444,0.0740487763009037
MAIN-046,Gemma-3-4B-it,Q6_K,190,0,0.9916841844007817,0.011479467322482,0.3074366253755715,0.0349780286576222,0.8839792481487576,0.0476837539003583
MAIN-046,Phi-4-mini-instruct,Q3_K_M,190,0,0.7575996069425909,0.1706135822129636,0.1765928162393222,0.0561339144884838,0.5463726088952219,0.1681584529593978
MAIN-046,Phi-4-mini-instruct,Q4_K_M,190,0,0.6461360265008509,0.1549700696464201,0.1420885926969647,0.0545305537094661,0.4006928550347221,0.1584230327910239
MAIN-046,Phi-4-mini-instruct,Q5_K_M,190,0,0.7067747209328181,0.1554767651535311,0.165033858953359,0.0722537180872259,0.4920312812465746,0.1650508583958013
MAIN-046,Phi-4-mini-instruct,Q6_K,190,0,0.5567843268234879,0.1887458979070723,0.1105644244208008,0.0515936811082086,0.3158306991744454,0.1580467780449803
MAIN-046,Qwen-MediCare-BD,Q3_K_M,190,0,0.4899002684876682,0.2848588215783164,0.1278671232483648,0.0756244274608348,0.3346681762352538,0.2048676103657689
MAIN-046,Qwen-MediCare-BD,Q4_K_M,190,0,0.4835131152863042,0.214544445479258,0.1404282603691828,0.0714579340213676,0.3554792670759193,0.1697562466171557
MAIN-046,Qwen-MediCare-BD,Q5_K_M,190,0,0.3276157334076386,0.297839683268547,0.1224408437773038,0.1139735775345628,0.252405406497957,0.2432806622056329
MAIN-046,Qwen-MediCare-BD,Q6_K,190,0,0.3870992085294069,0.3239763576403214,0.1377687181618793,0.1158517092413877,0.301010075997527,0.2564034777091107
MAIN-047,Gemma-3-4B-it,Q3_K_M,190,0,0.9447621783456288,0.0345589506073389,0.1431705147108344,0.0233281917915698,0.5724284467061125,0.1154702449707934
MAIN-047,Gemma-3-4B-it,Q4_K_M,190,0,0.993762237924702,0.0105526781137114,0.2219446454056148,0.0206910664568334,0.8765165981781431,0.050098322018167
MAIN-047,Gemma-3-4B-it,Q5_K_M,190,0,0.9909637984840828,0.0101308150019915,0.2193171778948041,0.0239887766273884,0.8594708122508812,0.053765955212495
MAIN-047,Gemma-3-4B-it,Q6_K,190,0,0.9879400724509932,0.0155593016305473,0.2474049225151603,0.0244123333518918,0.8875271898784985,0.0500338026895405
MAIN-047,Phi-4-mini-instruct,Q3_K_M,190,0,0.1000362495676032,0.1509650491863931,0.0218852082211978,0.0321906306282326,0.0776843008104823,0.1366143305294183
MAIN-047,Phi-4-mini-instruct,Q4_K_M,190,0,0.1204297219350073,0.1453605099670101,0.0224937007245983,0.0240879959264964,0.0540380522920895,0.0580123238366519
MAIN-047,Phi-4-mini-instruct,Q5_K_M,190,0,0.1981392079463585,0.1864701486459151,0.027410140644636,0.024527918458294,0.0660858905018632,0.0644198711635263
MAIN-047,Phi-4-mini-instruct,Q6_K,190,0,0.1609123620343586,0.171008980225007,0.0318928220399754,0.0359290560950928,0.0847735189466287,0.0929939384665751
MAIN-047,Qwen-MediCare-BD,Q3_K_M,190,0,0.6774601036227077,0.321087265262913,0.2260563349896558,0.105302998479326,0.5245972262671407,0.2738707400835783
MAIN-047,Qwen-MediCare-BD,Q4_K_M,190,0,0.7685418970249702,0.1544416013766066,0.1813926862815587,0.0526359257536226,0.5343758315588387,0.1488376926593168
MAIN-047,Qwen-MediCare-BD,Q5_K_M,190,0,0.5898074484643607,0.3107414894843185,0.2460990764166019,0.1643734781013337,0.4774714611298083,0.2517518855815533
MAIN-047,Qwen-MediCare-BD,Q6_K,190,0,0.7505337705508495,0.2456490008140701,0.2505417826753823,0.1155534515690701,0.6082287730066528,0.2200385698523178
MAIN-048,Gemma-3-4B-it,Q3_K_M,190,0,0.9510913346622772,0.0306242836594139,0.1763117362093951,0.0223394569035387,0.6773129353064075,0.0896639617295497
MAIN-048,Gemma-3-4B-it,Q4_K_M,190,0,0.6520969991323862,0.1666197614955576,0.106949835199747,0.0349819410928928,0.3569158442716333,0.1479426384891109
MAIN-048,Gemma-3-4B-it,Q5_K_M,190,0,0.9033363279995956,0.0418459577272158,0.15671501231101,0.0213393193937042,0.6204564508535634,0.1016407980905327
MAIN-048,Gemma-3-4B-it,Q6_K,190,0,0.9637158142017028,0.0307531820253851,0.2069692615808245,0.0337537259368718,0.7799921948908172,0.0908926258073635
MAIN-048,Phi-4-mini-instruct,Q3_K_M,190,0,0.3992124790809132,0.1972136768313321,0.0644228452195054,0.0332915780174926,0.1907170644743145,0.1144223787990766
MAIN-048,Phi-4-mini-instruct,Q4_K_M,190,0,0.4002280829248582,0.2222161932519757,0.0707322211891207,0.0440302128242441,0.2065830179725184,0.1493485419196766
MAIN-048,Phi-4-mini-instruct,Q5_K_M,190,0,0.3520917611814071,0.2188217325680213,0.0564425745321666,0.0370310517174158,0.1589446148406093,0.1147745257389404
MAIN-048,Phi-4-mini-instruct,Q6_K,190,0,0.4034891918733214,0.1861694302640736,0.0741985695423836,0.0441688779077972,0.2115705523994255,0.1302835635494345
MAIN-048,Qwen-MediCare-BD,Q3_K_M,190,0,0.7769434784714122,0.2095517427031673,0.2388616258808064,0.0802679026126684,0.6324508581549183,0.2107801223529338
MAIN-048,Qwen-MediCare-BD,Q4_K_M,190,0,0.7165693564092614,0.2331232298355724,0.2780762258810762,0.1841348655757473,0.5920097005131646,0.2215925694329923
MAIN-048,Qwen-MediCare-BD,Q5_K_M,190,0,0.6621114421323572,0.2751750433176659,0.2361284518389391,0.1203861780531555,0.5268332135488253,0.22567457559731
MAIN-048,Qwen-MediCare-BD,Q6_K,190,0,0.724527909586575,0.2121937519923994,0.2513967443894144,0.1184897086323826,0.5839160609395586,0.1717945149642778
MAIN-049,Gemma-3-4B-it,Q3_K_M,190,0,0.8595537279967101,0.0664589293243522,0.1083131149151127,0.0165474343790291,0.3922884662407866,0.0873950559751566
MAIN-049,Gemma-3-4B-it,Q4_K_M,190,0,0.746785555453075,0.1144918763975406,0.1157703492041058,0.0228583608058475,0.3860656052448234,0.103654298068803
MAIN-049,Gemma-3-4B-it,Q5_K_M,190,0,0.8583504018398188,0.1198308213619646,0.106552109856937,0.0207616028712291,0.4055541866089389,0.1202273397065481
MAIN-049,Gemma-3-4B-it,Q6_K,190,0,0.8226786671822014,0.0763466577897473,0.0992620834097353,0.0183542920890547,0.3080830276480854,0.0896776590919693
MAIN-049,Phi-4-mini-instruct,Q3_K_M,190,0,0.4147116717936527,0.1994806520886735,0.065339097708503,0.0392719899528868,0.1927047015491977,0.1337382365610447
MAIN-049,Phi-4-mini-instruct,Q4_K_M,190,0,0.3885802780764391,0.2357492143663562,0.0752970949949493,0.0568869303115594,0.21143567343894,0.1612647018887636
MAIN-049,Phi-4-mini-instruct,Q5_K_M,190,0,0.5716125388920309,0.1521596295878705,0.0930677174094701,0.0465630998160869,0.2643827295814203,0.1337992437986765
MAIN-049,Phi-4-mini-instruct,Q6_K,190,0,0.4910050239857801,0.1969094488522825,0.0743846898040988,0.0394127217543409,0.211087080606783,0.1374023936589877
MAIN-049,Qwen-MediCare-BD,Q3_K_M,190,0,0.5174789597938156,0.3645133035496864,0.2636021714851955,0.2682993780058595,0.4408570260442008,0.3305252430301471
MAIN-049,Qwen-MediCare-BD,Q4_K_M,190,0,0.5546508923830245,0.2606416825112881,0.1526107250570678,0.1098280926711452,0.397923809496233,0.2201181392911752
MAIN-049,Qwen-MediCare-BD,Q5_K_M,190,0,0.634710539223855,0.3045414355243478,0.2979527429497727,0.1971343724743024,0.5427731385753118,0.2723366184638106
MAIN-049,Qwen-MediCare-BD,Q6_K,190,0,0.5100439819603935,0.2359337390105523,0.1762413519114355,0.138508574307647,0.3847237522421326,0.1933087199060539
MAIN-050,Gemma-3-4B-it,Q3_K_M,190,0,0.863844766197857,0.0655915310938694,0.1184127839957863,0.0222240599773112,0.4243968048438136,0.1064482134906433
MAIN-050,Gemma-3-4B-it,Q4_K_M,190,0,0.9511008925525996,0.034460891508429,0.146105657466446,0.0205157030152125,0.5852870666474633,0.1068956752330352
MAIN-050,Gemma-3-4B-it,Q5_K_M,190,0,0.928592298153912,0.0387378493535615,0.1460590729121581,0.0206272281420415,0.5910853190246402,0.1042606984620775
MAIN-050,Gemma-3-4B-it,Q6_K,190,0,0.9397652643915776,0.047870606622505,0.1458668204553531,0.0265046793596557,0.5933658736896491,0.1379392805088069
MAIN-050,Phi-4-mini-instruct,Q3_K_M,190,0,0.5688299883433208,0.2153611154136664,0.102301754653498,0.0480659935700353,0.3012340960885543,0.1543530058587801
MAIN-050,Phi-4-mini-instruct,Q4_K_M,190,0,0.3926927764818786,0.2115174541981877,0.0591318942938526,0.030349231593517,0.1576164849019232,0.0987813834601607
MAIN-050,Phi-4-mini-instruct,Q5_K_M,190,0,0.6231813931958913,0.155906542113142,0.1102501410636695,0.0344496342271819,0.3349141733477939,0.1253187698703799
MAIN-050,Phi-4-mini-instruct,Q6_K,190,0,0.5865984379914072,0.1819350126632624,0.1048567747803667,0.039644878228859,0.3231144513964976,0.1465412402440696
MAIN-050,Qwen-MediCare-BD,Q3_K_M,190,0,0.7941459244225746,0.1570465791688809,0.2864040601296952,0.1145953684865154,0.6554541650135547,0.1859316611613882
MAIN-050,Qwen-MediCare-BD,Q4_K_M,190,0,0.4872761229920506,0.1892271684356908,0.1395185949902626,0.0566217676908362,0.3523570113579712,0.1412515638525875
MAIN-050,Qwen-MediCare-BD,Q5_K_M,190,0,0.3173333218409901,0.2752007529437279,0.1224690193945017,0.1183321896826011,0.2456286746712032,0.2145886070685106
MAIN-050,Qwen-MediCare-BD,Q6_K,190,0,0.5986863406814521,0.2203282507104018,0.1817362201007113,0.0857233477366883,0.4705913242655018,0.2090136823475757
MAIN-051,Gemma-3-4B-it,Q3_K_M,190,0,0.9469664818555644,0.0481674440810536,0.1596169195756149,0.0247875557398685,0.5654660212451709,0.1088607467790756
MAIN-051,Gemma-3-4B-it,Q4_K_M,190,0,0.89061655751811,0.0902756224544995,0.1658364903533963,0.0300730515515549,0.544868903334004,0.1400054710044724
MAIN-051,Gemma-3-4B-it,Q5_K_M,190,0,0.8479777788647739,0.0859891074503279,0.1256815567945655,0.0198186901675672,0.4388006344916409,0.0843008632942362
MAIN-051,Gemma-3-4B-it,Q6_K,190,0,0.9651448298741032,0.0349049831195698,0.1658157513127198,0.0286615986859812,0.6280755377676817,0.1201156462758714
MAIN-051,Phi-4-mini-instruct,Q3_K_M,190,0,0.4319550440031584,0.2092278395536357,0.099389340864826,0.0533736779849057,0.2714567446017773,0.1480497422895604
MAIN-051,Phi-4-mini-instruct,Q4_K_M,190,0,0.6002115280387954,0.1512110198304233,0.1053962179835453,0.039105570991782,0.306043270365221,0.1316947256133896
MAIN-051,Phi-4-mini-instruct,Q5_K_M,190,0,0.4294318568101646,0.2087491438345303,0.0930312526846297,0.0602061490759024,0.240854705431172,0.142472905697861
MAIN-051,Phi-4-mini-instruct,Q6_K,190,0,0.4482853378208659,0.2203612684235416,0.065749556973928,0.0348067764406672,0.1820153993584261,0.1166656146561803
MAIN-051,Qwen-MediCare-BD,Q3_K_M,190,0,0.6930484790476342,0.2085590779778652,0.2863813897171441,0.1837372648344006,0.5811586819688677,0.2059414512450871
MAIN-051,Qwen-MediCare-BD,Q4_K_M,190,0,0.7373881834111669,0.2731855328167387,0.270591002344574,0.1157800559675882,0.6364163752634984,0.2488884930316624
MAIN-051,Qwen-MediCare-BD,Q5_K_M,190,0,0.6501807245287137,0.3655279663324395,0.2977491386674352,0.1754373994024911,0.5771300042924438,0.3254876414949417
MAIN-051,Qwen-MediCare-BD,Q6_K,190,0,0.7084270000567073,0.2644073165956603,0.2591043946101335,0.1352196678067505,0.5819637736693393,0.2401071320364022
MAIN-052,Gemma-3-4B-it,Q3_K_M,190,0,0.8075266010337775,0.1164394231694527,0.0964976980192983,0.0313768612851149,0.3305631294798868,0.1582366030925587
MAIN-052,Gemma-3-4B-it,Q4_K_M,190,0,0.8683187811796319,0.0909056420393353,0.1217241949450321,0.029194261431218,0.4403865925123305,0.1388435475825833
MAIN-052,Gemma-3-4B-it,Q5_K_M,190,0,0.9063114272742137,0.0562790122523551,0.1219266268320972,0.0172855140991403,0.4441786776791181,0.0903131884095446
MAIN-052,Gemma-3-4B-it,Q6_K,190,0,0.8142824521852123,0.0832184067376271,0.1032966673262077,0.0212379434003768,0.3636022189503618,0.1060911533727822
MAIN-052,Phi-4-mini-instruct,Q3_K_M,190,0,0.2744034624926272,0.1788614358928653,0.0461237392389629,0.0308057562328061,0.1323713224197108,0.1056940971424915
MAIN-052,Phi-4-mini-instruct,Q4_K_M,190,0,0.3351623847648389,0.2026928841114467,0.0445939687339716,0.0323806219380077,0.1062318722023852,0.0971765680425206
MAIN-052,Phi-4-mini-instruct,Q5_K_M,190,0,0.3300665298204717,0.196439095527659,0.0608524954102307,0.0410864526187155,0.1440245618103104,0.1045362516386712
MAIN-052,Phi-4-mini-instruct,Q6_K,190,0,0.2323055706148288,0.1440654920040607,0.0344507329772146,0.0257392829579227,0.0863746079577812,0.0772894238052133
MAIN-052,Qwen-MediCare-BD,Q3_K_M,78,112,0.8009987302873501,0.1721452686038247,0.2242684239630261,0.0799762434735853,0.6070436656539597,0.2097466970399974
MAIN-052,Qwen-MediCare-BD,Q4_K_M,190,0,0.652069016862823,0.3271029226328355,0.2048966920038414,0.1327185366114022,0.503954217204366,0.2614771760415934
MAIN-052,Qwen-MediCare-BD,Q5_K_M,190,0,0.3789219996819389,0.317861380475414,0.1333155361952894,0.109080282206235,0.2862430921340936,0.2423762535478976
MAIN-052,Qwen-MediCare-BD,Q6_K,190,0,0.3848876987350138,0.3404591264166719,0.1758004694685838,0.2330778914031269,0.3072284611337452,0.294882441750231
MAIN-053,Gemma-3-4B-it,Q3_K_M,190,0,0.9349164573886652,0.0457482107664888,0.1483487756914329,0.0171327161141558,0.5715388632759535,0.0815185413016227
MAIN-053,Gemma-3-4B-it,Q4_K_M,190,0,0.9831767892313278,0.021570070488437,0.1911989231119314,0.0335024201994314,0.7260586082379088,0.1309851910231805
MAIN-053,Gemma-3-4B-it,Q5_K_M,190,0,0.9771372078013412,0.02620038420729,0.1858704536551515,0.0323063389643057,0.7121332691633344,0.1104313785571795
MAIN-053,Gemma-3-4B-it,Q6_K,190,0,0.9781388520369616,0.0268636571169557,0.206995714611188,0.0338408983655404,0.7799026775536585,0.1138216277259417
MAIN-053,Phi-4-mini-instruct,Q3_K_M,190,0,0.4722093838488149,0.2149704465285001,0.0970599239447081,0.0442762521073252,0.2776191710032454,0.1334092768010514
MAIN-053,Phi-4-mini-instruct,Q4_K_M,190,0,0.4824403666748746,0.1735768877475483,0.090777621488141,0.038212896189614,0.2481153433160354,0.1265224221920883
MAIN-053,Phi-4-mini-instruct,Q5_K_M,190,0,0.631309561713748,0.2285869966790115,0.1225822708608187,0.0519748032094648,0.3826560727623374,0.1842634360260981
MAIN-053,Phi-4-mini-instruct,Q6_K,190,0,0.6787712272352042,0.1711269308180668,0.1348131029535949,0.0459468299100234,0.3928989186879852,0.1511493728104763
MAIN-053,Qwen-MediCare-BD,Q3_K_M,190,0,0.5377310515547905,0.3183995242435055,0.2598269094024507,0.1940797304364274,0.4392071741609429,0.2744451508840649
MAIN-053,Qwen-MediCare-BD,Q4_K_M,190,0,0.7923493777242736,0.2101091603502564,0.2506412449570218,0.1097210889496603,0.6236717725342315,0.1860361078372777
MAIN-053,Qwen-MediCare-BD,Q5_K_M,190,0,0.5391389416091316,0.3330112379820621,0.1852216380455634,0.146138699950582,0.4259419323849124,0.2816965448929621
MAIN-053,Qwen-MediCare-BD,Q6_K,190,0,0.5963758745749013,0.2772530509885793,0.2327516499726894,0.1618529109162741,0.456507156921237,0.2276914873565072
MAIN-054,Gemma-3-4B-it,Q3_K_M,190,0,0.9314690155816824,0.044655247506109,0.1544874153147748,0.0190639158604474,0.5648562813921345,0.0975495075146235
MAIN-054,Gemma-3-4B-it,Q4_K_M,190,0,0.7713533994857362,0.1266260849096175,0.1353286782309361,0.0417101426172374,0.3603314273513496,0.1481277702172168
MAIN-054,Gemma-3-4B-it,Q5_K_M,190,0,0.9305047765948464,0.0629596951390866,0.161792337322715,0.0251445532679831,0.597566187371751,0.124866974129404
MAIN-054,Gemma-3-4B-it,Q6_K,190,0,0.8816339440178554,0.0749547169178881,0.1267697658538322,0.0199868801017385,0.4070156371760247,0.0848100526951459
MAIN-054,Phi-4-mini-instruct,Q3_K_M,190,0,0.2030611117560737,0.1746358774822193,0.0371968642869426,0.0311055255469094,0.1004372211208282,0.0916588772918785
MAIN-054,Phi-4-mini-instruct,Q4_K_M,190,0,0.3876262155335439,0.1825190969817816,0.0666874813024543,0.0366976963736894,0.1849062872830934,0.109804836929023
MAIN-054,Phi-4-mini-instruct,Q5_K_M,190,0,0.4532201714115417,0.2576370839261255,0.1109875142409329,0.1674411285993204,0.2499660208399592,0.2021073588278089
MAIN-054,Phi-4-mini-instruct,Q6_K,190,0,0.4027086518674742,0.2153488517593513,0.0821457523572006,0.0617032448543769,0.231344342480082,0.1715087130909021
MAIN-054,Qwen-MediCare-BD,Q3_K_M,171,19,0.7660909932116514,0.1918652620834672,0.2781247488575661,0.0901587886860509,0.620748993965547,0.1812852942205833
MAIN-054,Qwen-MediCare-BD,Q4_K_M,190,0,0.6316273168899561,0.1925093727514084,0.1998922622073747,0.0830544768181139,0.4904593344646924,0.1928987647710767
MAIN-054,Qwen-MediCare-BD,Q5_K_M,190,0,0.5753393683547066,0.2998898431679259,0.2334704710640976,0.2238931461616767,0.4467545159052227,0.2537002175036382
MAIN-054,Qwen-MediCare-BD,Q6_K,190,0,0.7574908475969967,0.1581409828552482,0.2128482556126239,0.0663090711803269,0.5689876052914258,0.1572322364496122
MAIN-055,Gemma-3-4B-it,Q3_K_M,190,0,0.9652780099261808,0.0170658708297421,0.2401049156288205,0.0224089132815522,0.8556846591293409,0.0476091554680761
MAIN-055,Gemma-3-4B-it,Q4_K_M,190,0,0.9913691064670568,0.0114600568661532,0.3210331121853423,0.0259527355286667,0.9027034915114645,0.0356801363926049
MAIN-055,Gemma-3-4B-it,Q5_K_M,190,0,0.9965095428167612,0.0065628804655804,0.339609304324483,0.0386624888584827,0.9367343083870217,0.0334704265858162
MAIN-055,Gemma-3-4B-it,Q6_K,190,0,0.9923844067201196,0.008610738049178,0.3027330893691685,0.0307499400315647,0.8996517491479034,0.0305767520595749
MAIN-055,Phi-4-mini-instruct,Q3_K_M,190,0,0.7072927686893072,0.1910860490828751,0.1756637029396472,0.0719607422401854,0.5032889366584141,0.1937695664333265
MAIN-055,Phi-4-mini-instruct,Q4_K_M,190,0,0.6932822209883407,0.248787814007335,0.1659685609831589,0.1190008357311684,0.4706041896183089,0.1903906003104681
MAIN-055,Phi-4-mini-instruct,Q5_K_M,190,0,0.7452932774835598,0.1769165343738324,0.1807362180639134,0.0688222106347328,0.5243039111953024,0.1828055311946332
MAIN-055,Phi-4-mini-instruct,Q6_K,190,0,0.6785688293324127,0.1915688589481068,0.1296080882512256,0.0460640863382165,0.4133811644423193,0.1621295545924343
MAIN-055,Qwen-MediCare-BD,Q3_K_M,190,0,0.7846903604331924,0.1825812622110423,0.2641049344922461,0.0925112548493014,0.6567391150134254,0.1904372294073567
MAIN-055,Qwen-MediCare-BD,Q4_K_M,190,0,0.668937649946332,0.311317594230919,0.2430047950947455,0.1387714836294844,0.5373572012991137,0.2654121647672255
MAIN-055,Qwen-MediCare-BD,Q5_K_M,190,0,0.6192799843638274,0.1727761387644589,0.170584379399371,0.0711115993837122,0.4585765908137035,0.1710107731622009
MAIN-055,Qwen-MediCare-BD,Q6_K,190,0,0.6552462985275084,0.3008304472248425,0.2490024274298668,0.1571889762900267,0.534982208254642,0.2576038272151012
MAIN-056,Gemma-3-4B-it,Q3_K_M,190,0,0.9825466458641176,0.0222402059924764,0.2086845774326741,0.0313402431807189,0.7958374110324856,0.09684543284001
MAIN-056,Gemma-3-4B-it,Q4_K_M,190,0,0.9988991082804752,0.0032331042463252,0.3405315356017441,0.0261831621887284,0.9794556011351956,0.0149192063336496
MAIN-056,Gemma-3-4B-it,Q5_K_M,190,0,0.9988848652336594,0.0030937766440507,0.3318434762423961,0.0335230207692036,0.970937895327782,0.0200516419932727
MAIN-056,Gemma-3-4B-it,Q6_K,190,0,0.99884087120955,0.0029046907986955,0.3342261307756486,0.0257304467887857,0.9721752490642216,0.0170061946126975
MAIN-056,Phi-4-mini-instruct,Q3_K_M,190,0,0.3607957674267273,0.1966931507928037,0.0794065967520302,0.0431209121208391,0.2327001659514549,0.1362449118142721
MAIN-056,Phi-4-mini-instruct,Q4_K_M,190,0,0.4490925430359757,0.2097333099893812,0.0786297999616366,0.0399759468183495,0.2365614385562268,0.1328987395246671
MAIN-056,Phi-4-mini-instruct,Q5_K_M,190,0,0.5485307782731063,0.2594957551232579,0.1067507874708173,0.060692944931723,0.3229467426508601,0.1923264607176636
MAIN-056,Phi-4-mini-instruct,Q6_K,190,0,0.6451659145692785,0.2012886089273958,0.1207212959199622,0.0439533462720097,0.392723809381736,0.157628531172209
MAIN-056,Qwen-MediCare-BD,Q3_K_M,190,0,0.5138329075755507,0.2958567791659814,0.1697280704804685,0.1295631947651054,0.3762459664887474,0.2440531677460437
MAIN-056,Qwen-MediCare-BD,Q4_K_M,190,0,0.7877515072893234,0.1625767327532523,0.2303606631186518,0.0778330711318875,0.608643894055502,0.1602895170329472
MAIN-056,Qwen-MediCare-BD,Q5_K_M,190,0,0.1990578578214597,0.2642932007133369,0.0896034278851391,0.1267764959409543,0.1609326453936055,0.2096521127156012
MAIN-056,Qwen-MediCare-BD,Q6_K,190,0,0.4393120818702797,0.2931014925528089,0.1186580802677945,0.0800506462065368,0.31699678573341,0.2199297283784895
MAIN-057,Gemma-3-4B-it,Q3_K_M,190,0,0.9771163691065358,0.0188654903806458,0.1723229165746651,0.0241923502358115,0.7338131809133699,0.0977048358176995
MAIN-057,Gemma-3-4B-it,Q4_K_M,190,0,0.9870528239017528,0.0159148622254125,0.196506705294454,0.0294723436666688,0.8059562766243202,0.0993978274286379
MAIN-057,Gemma-3-4B-it,Q5_K_M,190,0,0.9700239065842896,0.0446787893354822,0.1645036684494827,0.0354579659873274,0.6752058838467915,0.166207365026677
MAIN-057,Gemma-3-4B-it,Q6_K,190,0,0.9848311987057056,0.0176940542484427,0.1929567918248501,0.030144310031608,0.7885478741381462,0.1112143399054263
MAIN-057,Phi-4-mini-instruct,Q3_K_M,190,0,0.2845480200173866,0.2294153436476367,0.0619223730692594,0.0557261777142223,0.1565044531158763,0.1423898834502538
MAIN-057,Phi-4-mini-instruct,Q4_K_M,190,0,0.3582392886767024,0.2381529943418698,0.0795605582493689,0.0576104653730519,0.2280913804114531,0.1677642506861295
MAIN-057,Phi-4-mini-instruct,Q5_K_M,190,0,0.5495935357762995,0.2265837385713807,0.1494030810153721,0.1019708697773216,0.3830429183997805,0.1816274147029045
MAIN-057,Phi-4-mini-instruct,Q6_K,190,0,0.4129721746153028,0.2339496621022969,0.0942860395018305,0.067517005718763,0.2551032658155413,0.1738861530047323
MAIN-057,Qwen-MediCare-BD,Q3_K_M,190,0,0.5219166155950847,0.2410005768820064,0.1733259899821451,0.0892704741905639,0.4129281120721149,0.19788956313478
MAIN-057,Qwen-MediCare-BD,Q4_K_M,190,0,0.3653074289060998,0.2502820621051215,0.0870237458057113,0.0629479066653888,0.2438406708530689,0.1780110213746875
MAIN-057,Qwen-MediCare-BD,Q5_K_M,190,0,0.4593408369746283,0.2716950392805545,0.1300921282316672,0.0948771916649422,0.3338497036771214,0.2289373612635266
MAIN-057,Qwen-MediCare-BD,Q6_K,190,0,0.4266505976751266,0.3221679629762544,0.1794875677464931,0.2040727367353569,0.3484234341025433,0.2834477113802169
MAIN-058,Gemma-3-4B-it,Q3_K_M,190,0,0.9686696175887044,0.0332675794803323,0.2218827902337796,0.0390707615654206,0.7798488399182277,0.1019526517237127
MAIN-058,Gemma-3-4B-it,Q4_K_M,190,0,0.988752640518526,0.0132851283421904,0.2917025424123787,0.0357007597115552,0.8902341351188996,0.051155666956804
MAIN-058,Gemma-3-4B-it,Q5_K_M,190,0,0.989671531853314,0.0120626379631041,0.294113219215723,0.0202827253496916,0.8934627430922472,0.0305333289557907
MAIN-058,Gemma-3-4B-it,Q6_K,190,0,0.9831287305117996,0.0149351541744137,0.2765605570819153,0.029760329961681,0.8572961322053927,0.045177719228257
MAIN-058,Phi-4-mini-instruct,Q3_K_M,190,0,0.6459537507774366,0.1894104850114214,0.1465941425016289,0.0533532459367646,0.4166736267166965,0.1579903344028939
MAIN-058,Phi-4-mini-instruct,Q4_K_M,190,0,0.692992433202919,0.1711859647883604,0.136965080220441,0.0432308111770609,0.4219576060545639,0.1425841124202689
MAIN-058,Phi-4-mini-instruct,Q5_K_M,190,0,0.5734468727109384,0.1537660604309551,0.1076233948069447,0.0377460099536386,0.3322732079051965,0.1299579252294894
MAIN-058,Phi-4-mini-instruct,Q6_K,190,0,0.6777597967875947,0.2023711490522967,0.1560177584957458,0.0618682419017145,0.4668861426724192,0.1846063659707824
MAIN-058,Qwen-MediCare-BD,Q3_K_M,190,0,0.8415023137077098,0.124996650807981,0.2279727267105203,0.0572380521548901,0.6344595767990648,0.1552938695564391
MAIN-058,Qwen-MediCare-BD,Q4_K_M,190,0,0.5522812790847511,0.2555340711891019,0.1759326978118048,0.1329256272641459,0.4128747194979327,0.208688575728666
MAIN-058,Qwen-MediCare-BD,Q5_K_M,190,0,0.2372945930391127,0.3340537655295655,0.1227245304600617,0.1922177680966696,0.2023819051118336,0.2902018185489346
MAIN-058,Qwen-MediCare-BD,Q6_K,190,0,0.370083282666676,0.2835491917773384,0.11394609290293,0.0901038002656013,0.2857656364608467,0.2284675491755969
MAIN-059,Gemma-3-4B-it,Q3_K_M,190,0,0.9344946859171276,0.0363793218659734,0.1529067363986171,0.0215888595458514,0.5801781497006767,0.0947249150876718
MAIN-059,Gemma-3-4B-it,Q4_K_M,190,0,0.7736260710061692,0.1183383340232408,0.1142371907400946,0.0286774670886802,0.364856462142368,0.119165531194128
MAIN-059,Gemma-3-4B-it,Q5_K_M,190,0,0.9679385012389694,0.0266341269179415,0.2071364011979839,0.0310880782013393,0.7628761759309517,0.0917538167117116
MAIN-059,Gemma-3-4B-it,Q6_K,190,0,0.91261477044188,0.060131649285388,0.1728588325095474,0.0302877946041009,0.645148149959259,0.104355842555808
MAIN-059,Phi-4-mini-instruct,Q3_K_M,190,0,0.4414752545412521,0.2040735620392984,0.0984228447005909,0.0473074444660954,0.2705141766742152,0.1305898974285323
MAIN-059,Phi-4-mini-instruct,Q4_K_M,190,0,0.5765689212456008,0.1580311368557462,0.1161354345597411,0.0390026401985797,0.3317450223705427,0.1138133499973885
MAIN-059,Phi-4-mini-instruct,Q5_K_M,190,0,0.599986038171484,0.1448545144780599,0.1051125290096021,0.0371067350622831,0.3221656100456167,0.1333785768933406
MAIN-059,Phi-4-mini-instruct,Q6_K,190,0,0.5688811102991704,0.1517649101116724,0.0940644922458504,0.0292353834002969,0.28180200098546,0.100490078409293
MAIN-059,Qwen-MediCare-BD,Q3_K_M,190,0,0.8671557133110384,0.1308707252656464,0.2252940594917102,0.0591821821797363,0.6744918144569567,0.183592259694301
MAIN-059,Qwen-MediCare-BD,Q4_K_M,190,0,0.4790222982254569,0.327349916360077,0.1638519194675313,0.1217516768175757,0.3683848393178727,0.2491427001639144
MAIN-059,Qwen-MediCare-BD,Q5_K_M,190,0,0.3138587310174826,0.341565034453555,0.1177273439526827,0.1054183725593749,0.2463356974078757,0.2626027070898321
MAIN-059,Qwen-MediCare-BD,Q6_K,190,0,0.455072593517881,0.3093615119424605,0.1776404873755226,0.1587666133803,0.343309856599286,0.2474623362160732
MAIN-060,Gemma-3-4B-it,Q3_K_M,190,0,0.9467391688941812,0.049272799166023,0.1911542313932903,0.0239368851959789,0.6818672001868049,0.0959967252440639
MAIN-060,Gemma-3-4B-it,Q4_K_M,190,0,0.973162274517435,0.0230768562188596,0.216622454445602,0.033239734075138,0.7496375237812893,0.0948456954372614
MAIN-060,Gemma-3-4B-it,Q5_K_M,190,0,0.9741209742529032,0.0185781758645315,0.2523702825510646,0.0312425386612822,0.8227284144907079,0.0602322226195002
MAIN-060,Gemma-3-4B-it,Q6_K,190,0,0.9610414049739978,0.0295381482840891,0.2291349311889509,0.0313495639446447,0.778053006897038,0.0624148406650909
MAIN-060,Phi-4-mini-instruct,Q3_K_M,190,0,0.3561813747484713,0.2143841020870569,0.0737803075104974,0.050136202167603,0.2001447421614192,0.1448554676990308
MAIN-060,Phi-4-mini-instruct,Q4_K_M,190,0,0.6046390341702024,0.2214901324443818,0.1093822852035844,0.0501564985013266,0.339439251417095,0.1578784813192492
MAIN-060,Phi-4-mini-instruct,Q5_K_M,190,0,0.4629095238625589,0.2170751269759756,0.0743116225958468,0.0479333441829116,0.2067462781567808,0.1376591814279576
MAIN-060,Phi-4-mini-instruct,Q6_K,190,0,0.6117210611311289,0.1759254681202599,0.098218350071221,0.040454294138074,0.3124240424670228,0.1583524488301845
MAIN-060,Qwen-MediCare-BD,Q3_K_M,190,0,0.6171962352850175,0.2821932752418983,0.1736375294544568,0.1157846672777989,0.4211719844057163,0.2157039620668193
MAIN-060,Qwen-MediCare-BD,Q4_K_M,190,0,0.8961692463716986,0.1187403834932217,0.3166795141393292,0.0835236317666067,0.7801598061536172,0.1497952214309717
MAIN-060,Qwen-MediCare-BD,Q5_K_M,190,0,0.4944443506988367,0.308033181332778,0.1587715023224963,0.1464837536036598,0.3743934397335812,0.2544850885309869
MAIN-060,Qwen-MediCare-BD,Q6_K,190,0,0.5090822741088015,0.2826818389889205,0.149172907510389,0.0942101672255501,0.3785043332585591,0.2263887311260219
MAIN-061,Gemma-3-4B-it,Q3_K_M,190,0,0.9973625965795418,0.0047778631618238,0.2888029984548804,0.0201054776858153,0.9351330727382258,0.0239921018809386
MAIN-061,Gemma-3-4B-it,Q4_K_M,190,0,0.996164977561228,0.0067835824165931,0.2453038829139503,0.0241494129806163,0.8979713340124111,0.041199580475167
MAIN-061,Gemma-3-4B-it,Q5_K_M,190,0,0.9954814145923352,0.0102213263805284,0.3083140858143278,0.0291510407847349,0.9397825637727772,0.0394837039027237
MAIN-061,Gemma-3-4B-it,Q6_K,190,0,0.997514406754667,0.0042448049608198,0.3220303241747858,0.0309830846304702,0.9414369972111416,0.0319667846705214
MAIN-061,Phi-4-mini-instruct,Q3_K_M,190,0,0.6098925005809755,0.2320864663336221,0.1601258486415089,0.0734168013649132,0.4507765512579129,0.1949674321576151
MAIN-061,Phi-4-mini-instruct,Q4_K_M,190,0,0.599474769128373,0.3145266390939032,0.1502662570666735,0.0894956690927855,0.4190562536199203,0.2414287849470836
MAIN-061,Phi-4-mini-instruct,Q5_K_M,190,0,0.6015965683988279,0.2411702769967772,0.1161125565113669,0.059544340486792,0.3446456020914344,0.1926797628766202
MAIN-061,Phi-4-mini-instruct,Q6_K,190,0,0.6773669376802279,0.2574757227189039,0.1392748700650162,0.0560439694033166,0.439603851010291,0.189445576379727
MAIN-061,Qwen-MediCare-BD,Q3_K_M,190,0,0.8443696685040302,0.2145692445148126,0.4276776758618237,0.1562353145251578,0.7275397138308255,0.2099909209799653
MAIN-061,Qwen-MediCare-BD,Q4_K_M,190,0,0.5395380463492737,0.3643377612550373,0.17581894514785,0.1253537284246013,0.4383440259427172,0.3070538855941904
MAIN-061,Qwen-MediCare-BD,Q5_K_M,190,0,0.7122381936999598,0.362057584496988,0.2549830712773138,0.1417483033464852,0.5862408207940502,0.3026100091400874
MAIN-061,Qwen-MediCare-BD,Q6_K,190,0,0.700765997527607,0.2817730156912664,0.2039178076605438,0.092058789977523,0.5440973501960148,0.2370693849608781
MAIN-062,Gemma-3-4B-it,Q3_K_M,190,0,0.9931545218492404,0.0114777871840157,0.2840512877662138,0.0459546583791203,0.892029349158254,0.0786757171563927
MAIN-062,Gemma-3-4B-it,Q4_K_M,190,0,0.998326913004072,0.0044030525279584,0.3389962930683665,0.0379601152476389,0.9501277430392144,0.0360556859225152
MAIN-062,Gemma-3-4B-it,Q5_K_M,190,0,0.9988519662117356,0.0035511282057053,0.3585922059286536,0.0307480271229127,0.9540396069092058,0.0277018869805129
MAIN-062,Gemma-3-4B-it,Q6_K,190,0,0.997965481735142,0.0057655362890947,0.3749296019254552,0.0340193579258428,0.9564024095695132,0.0378946432628215
MAIN-062,Phi-4-mini-instruct,Q3_K_M,190,0,0.4596559613602682,0.2218956076452619,0.085590242626296,0.0426738097594713,0.2511676094974883,0.1380936216223796
MAIN-062,Phi-4-mini-instruct,Q4_K_M,190,0,0.4548202074139844,0.2403551040296637,0.0822507166185535,0.0479611309803803,0.2544735606965997,0.1583686786499416
MAIN-062,Phi-4-mini-instruct,Q5_K_M,171,19,0.6537194552240039,0.1677564851370988,0.1241730955197537,0.0520289233157502,0.3609459750737517,0.1582465846249316
MAIN-062,Phi-4-mini-instruct,Q6_K,190,0,0.5468817212867253,0.1787906457015866,0.1019325815463004,0.04868173079428,0.3035929413695584,0.1574307110765417
MAIN-062,Qwen-MediCare-BD,Q3_K_M,190,0,0.7445033156136075,0.2461350780236783,0.210955182312447,0.0878095917013422,0.5857661213767735,0.2249486903570122
MAIN-062,Qwen-MediCare-BD,Q4_K_M,171,19,0.8063209942893341,0.1660816630840317,0.213610326867234,0.0711825088259568,0.6086142136439422,0.177550080554376
MAIN-062,Qwen-MediCare-BD,Q5_K_M,190,0,0.5699165332678365,0.3693727177315059,0.2180945430918248,0.1474225442277272,0.4777861188538652,0.3161059454906011
MAIN-062,Qwen-MediCare-BD,Q6_K,190,0,0.7330804203067146,0.2018268356620048,0.2016716371668651,0.0865079459766144,0.5319779690106994,0.2030988772625846
MAIN-063,Gemma-3-4B-it,Q3_K_M,190,0,0.8937434088395638,0.0543396364357902,0.1409322370762098,0.0232793040792427,0.5218213676909401,0.108866184215945
MAIN-063,Gemma-3-4B-it,Q4_K_M,190,0,0.9526946217218832,0.0376608188404655,0.1945061992832282,0.025947811786199,0.7190056698974747,0.0800535626188805
MAIN-063,Gemma-3-4B-it,Q5_K_M,190,0,0.9397949991305462,0.0504008612962417,0.1631453970007687,0.0284910636449056,0.6422240193335197,0.117571626114563
MAIN-063,Gemma-3-4B-it,Q6_K,190,0,0.9581067101114866,0.0419878744558073,0.1904777129881766,0.0314772228619751,0.7173263457459353,0.1165606243910239
MAIN-063,Phi-4-mini-instruct,Q3_K_M,190,0,0.5059557568839537,0.2391003803547747,0.1771306440476784,0.155866177158896,0.3608396612910885,0.2138294386608521
MAIN-063,Phi-4-mini-instruct,Q4_K_M,190,0,0.4467766983588611,0.1990962631229957,0.106399803450019,0.0511302445704545,0.2801623206001363,0.1373259957320979
MAIN-063,Phi-4-mini-instruct,Q5_K_M,190,0,0.5945282496533099,0.1841051936333085,0.150527696634926,0.0582758609436403,0.3952602559019723,0.1451369714619168
MAIN-063,Phi-4-mini-instruct,Q6_K,190,0,0.5223973647833979,0.2030135437202806,0.1143440474112922,0.0548532013652438,0.3196857189010461,0.1563363060153369
MAIN-063,Qwen-MediCare-BD,Q3_K_M,190,0,0.9358010590212176,0.0670702524240627,0.2957983939043141,0.075254402797283,0.7847272541490865,0.1187144428623981
MAIN-063,Qwen-MediCare-BD,Q4_K_M,190,0,0.8366161156737061,0.150830576275714,0.2463706226514004,0.0744792618473069,0.6605740994676048,0.1654434981518132
MAIN-063,Qwen-MediCare-BD,Q5_K_M,190,0,0.6496157028897974,0.3266967639644621,0.2460276274164347,0.1580341867007993,0.5461146888549883,0.2853828624187856
MAIN-063,Qwen-MediCare-BD,Q6_K,190,0,0.7727876077249622,0.2564017179834802,0.2678208318076811,0.1350341080612893,0.6370902517266913,0.2384833152570043
MAIN-064,Gemma-3-4B-it,Q3_K_M,190,0,0.975044118766543,0.0218655366540506,0.2420466318426766,0.0322159757655371,0.8165605900596254,0.0671831729091158
MAIN-064,Gemma-3-4B-it,Q4_K_M,190,0,0.9946469545395747,0.008753319771748,0.2630962633429243,0.0324178310030565,0.8865634460387091,0.0623030566065524
MAIN-064,Gemma-3-4B-it,Q5_K_M,190,0,0.9933623012423304,0.0099386312215633,0.2494027912872572,0.0295957837018807,0.8690421050002813,0.0551391906022436
MAIN-064,Gemma-3-4B-it,Q6_K,190,0,0.9977791483147151,0.0049079045002182,0.2842725030449644,0.0194521251388159,0.920429446376342,0.0324920013476677
MAIN-064,Phi-4-mini-instruct,Q3_K_M,190,0,0.6821894395672276,0.171666466602175,0.175942980748361,0.0568622105654003,0.4945415129276251,0.1451107143873049
MAIN-064,Phi-4-mini-instruct,Q4_K_M,190,0,0.5247125465668963,0.2255131283452649,0.1023085442281724,0.0513536946240181,0.311593407700229,0.1611406979743592
MAIN-064,Phi-4-mini-instruct,Q5_K_M,190,0,0.626127412775319,0.1400417729320165,0.1165052158711783,0.0423462759806657,0.3515600906538149,0.1212091999036126
MAIN-064,Phi-4-mini-instruct,Q6_K,190,0,0.5021022301324047,0.1544613806912162,0.1035426767845209,0.0481710084122594,0.2914979791336305,0.1292992050493184
MAIN-064,Qwen-MediCare-BD,Q3_K_M,190,0,0.5296525541467367,0.2387540585291739,0.2322556479804214,0.122293420524713,0.4464236754288935,0.2089484119191402
MAIN-064,Qwen-MediCare-BD,Q4_K_M,190,0,0.7519842763859044,0.3000278973786479,0.2763021412748524,0.1253118786218913,0.6291413282351974,0.2664890389627964
MAIN-064,Qwen-MediCare-BD,Q5_K_M,190,0,0.583428038105956,0.3333892881572921,0.2378590960831315,0.1818054098600242,0.4875642678370267,0.2905231512257339
MAIN-064,Qwen-MediCare-BD,Q6_K,190,0,0.6460211913984674,0.2802189791948767,0.1725581926961037,0.0942635376293955,0.4719193197665093,0.2445537710839375
MAIN-065,Gemma-3-4B-it,Q3_K_M,190,0,0.8680587501301692,0.0685644959585485,0.1492656011169693,0.0321730259822525,0.5369666696235342,0.1106011631651974
MAIN-065,Gemma-3-4B-it,Q4_K_M,190,0,0.961976005975581,0.0343130511839247,0.2234689694645146,0.0366872670891732,0.7709314553426347,0.0826377397596606
MAIN-065,Gemma-3-4B-it,Q5_K_M,190,0,0.9528987292039904,0.0370031006879373,0.1951325348614095,0.0261748171826888,0.7224617948706443,0.0902504857055667
MAIN-065,Gemma-3-4B-it,Q6_K,190,0,0.9717969662451644,0.0287079880732302,0.2265817242691611,0.0356969612893592,0.7677159825370578,0.0926165497762112
MAIN-065,Phi-4-mini-instruct,Q3_K_M,190,0,0.239958114139863,0.1723285448627014,0.050406536490362,0.0316026437085957,0.1330842450336385,0.0887089770203537
MAIN-065,Phi-4-mini-instruct,Q4_K_M,190,0,0.4412339331786234,0.1843430513536064,0.0816147763154808,0.0362780225437669,0.2314760155264955,0.1074486624530566
MAIN-065,Phi-4-mini-instruct,Q5_K_M,190,0,0.4236103001608223,0.1668999375087538,0.0813502477158676,0.0402255143435276,0.2282251653736031,0.1169997765617471
MAIN-065,Phi-4-mini-instruct,Q6_K,190,0,0.5203065294397943,0.1734764059690006,0.0915013728893512,0.0352564105365952,0.2734280753128581,0.1259884088980791
MAIN-065,Qwen-MediCare-BD,Q3_K_M,190,0,0.5314927471394384,0.2774173189749617,0.1628363525448079,0.0931890503340904,0.4081760746018435,0.2295427698078218
MAIN-065,Qwen-MediCare-BD,Q4_K_M,190,0,0.5274545407054488,0.2185878808328817,0.1292070162245313,0.063464271532753,0.3705185917467007,0.1922117251526767
MAIN-065,Qwen-MediCare-BD,Q5_K_M,190,0,0.4441701482580537,0.3135621852623733,0.1876311102812732,0.1745154048076252,0.3543147248574144,0.2544826439411235
MAIN-065,Qwen-MediCare-BD,Q6_K,190,0,0.6134141928420628,0.3512978168179141,0.2363110260225036,0.1660164506909096,0.50175658943801,0.3033869429251083
MAIN-066,Gemma-3-4B-it,Q3_K_M,190,0,0.9433754568062884,0.050164466094482,0.2445125534506047,0.0373101150622782,0.7698603604617302,0.0902259495778373
MAIN-066,Gemma-3-4B-it,Q4_K_M,190,0,0.9825882781621192,0.0175786305055625,0.2470078451833544,0.0297213696590233,0.796033435411306,0.064881273984525
MAIN-066,Gemma-3-4B-it,Q5_K_M,171,19,0.9743097326801226,0.0238096351170224,0.2768819809407867,0.0312263511396271,0.8198857099369123,0.0544378327788511
MAIN-066,Gemma-3-4B-it,Q6_K,190,0,0.961692782126542,0.0317853473399216,0.2529927466177963,0.0374079482774599,0.7725473703268978,0.0699623862646193
MAIN-066,Phi-4-mini-instruct,Q3_K_M,190,0,0.340778542777714,0.2204054966421339,0.0773667013231197,0.0515465214483273,0.2137248881418721,0.1496434034367516
MAIN-066,Phi-4-mini-instruct,Q4_K_M,190,0,0.4850331178871453,0.1754324613216974,0.0929449240925353,0.0404467748933121,0.2648046773991521,0.1268355668690558
MAIN-066,Phi-4-mini-instruct,Q5_K_M,190,0,0.4450472324696494,0.2205515367250504,0.0878984861205823,0.0467776240324842,0.239359191601427,0.1382900810259624
MAIN-066,Phi-4-mini-instruct,Q6_K,190,0,0.5655771052243701,0.1487652269681459,0.111674021548533,0.0286722051583034,0.32705409844588,0.0950779047916361
MAIN-066,Qwen-MediCare-BD,Q3_K_M,190,0,0.8711919999218442,0.118629691343761,0.252018083178245,0.0853326759049601,0.6789679730227237,0.1559041341413122
MAIN-066,Qwen-MediCare-BD,Q4_K_M,190,0,0.7833943067509883,0.1712436170079492,0.218740698826447,0.0808062528104451,0.600689834825319,0.1885426086982771
MAIN-066,Qwen-MediCare-BD,Q5_K_M,190,0,0.4786471332388179,0.3852055791762701,0.2575147140033383,0.21376228017667,0.421730745942917,0.3314155587631106
MAIN-066,Qwen-MediCare-BD,Q6_K,190,0,0.5407080059741965,0.3266888767548448,0.2020542401896123,0.1239225720134669,0.4351818149407003,0.2688772696354745
MAIN-067,Gemma-3-4B-it,Q3_K_M,190,0,0.9511129645140096,0.0368049009537152,0.201112815833443,0.0465522492111475,0.7143296574956713,0.1246625607823236
MAIN-067,Gemma-3-4B-it,Q4_K_M,190,0,0.6324587410704245,0.080572798854027,0.0856465522500122,0.0176764991175467,0.2381881000003136,0.0899189579501986
MAIN-067,Gemma-3-4B-it,Q5_K_M,190,0,0.7384797130109577,0.1066356474579561,0.1146078988454522,0.0227179686995771,0.3730388249779513,0.1076560774641715
MAIN-067,Gemma-3-4B-it,Q6_K,190,0,0.8893245750554992,0.0697957521138047,0.1687592683568432,0.0413013724526316,0.5998200763941333,0.1409498317708968
MAIN-067,Phi-4-mini-instruct,Q3_K_M,190,0,0.4101263298815055,0.2609462735727801,0.08548002314479,0.0569620178538349,0.234953943856602,0.1597572048224325
MAIN-067,Phi-4-mini-instruct,Q4_K_M,190,0,0.3718438067259197,0.1998096051869773,0.0810405351426683,0.0512050407898595,0.2281920446341199,0.1422034871333228
MAIN-067,Phi-4-mini-instruct,Q5_K_M,190,0,0.4470534274933341,0.2708685009088775,0.098868438603901,0.1162894989896494,0.265260712407814,0.2013140037052299
MAIN-067,Phi-4-mini-instruct,Q6_K,190,0,0.4979420929727648,0.2338764228033256,0.0925957555673578,0.0508769984678367,0.2800424954055305,0.1694218754393558
MAIN-067,Qwen-MediCare-BD,Q3_K_M,190,0,0.6374527892711193,0.3146059209123356,0.1542488319543676,0.0870453367317246,0.4444780907536944,0.2518124442948657
MAIN-067,Qwen-MediCare-BD,Q4_K_M,190,0,0.5959083169729311,0.3403564275751866,0.2048291238292299,0.1547843702054469,0.4772091491535634,0.2803410388472238
MAIN-067,Qwen-MediCare-BD,Q5_K_M,190,0,0.2872512767232998,0.2945715052613655,0.1152573366554755,0.1361952599970558,0.2208708932811927,0.2250976559660586
MAIN-067,Qwen-MediCare-BD,Q6_K,190,0,0.5404927112805658,0.3224006889178784,0.2425087423606869,0.2880595854536203,0.4015830973579664,0.2856064641247223
MAIN-068,Gemma-3-4B-it,Q3_K_M,190,0,0.9022166404572114,0.0784234889389097,0.1156753041050448,0.0261669148136424,0.4137887416459569,0.1255654435775697
MAIN-068,Gemma-3-4B-it,Q4_K_M,190,0,0.8310854100578344,0.1027755489636586,0.1241509065027866,0.0370805886719788,0.4325422037192194,0.1555992519550682
MAIN-068,Gemma-3-4B-it,Q5_K_M,190,0,0.8220318872136498,0.1173237067502806,0.133388267377205,0.0341964430498697,0.4636785250097698,0.1536183719837164
MAIN-068,Gemma-3-4B-it,Q6_K,190,0,0.7813268552828406,0.1253896162495717,0.1219096470733565,0.0389717492952614,0.4080277536820579,0.1697132785087251
MAIN-068,Phi-4-mini-instruct,Q3_K_M,190,0,0.3321675171377853,0.2059090961607952,0.0780478247193027,0.0534741851550573,0.1985359156775924,0.1300233085083594
MAIN-068,Phi-4-mini-instruct,Q4_K_M,190,0,0.3450378745965945,0.1878118946902926,0.0537131034613447,0.0334137218227561,0.1470808582018543,0.1068063911556343
MAIN-068,Phi-4-mini-instruct,Q5_K_M,190,0,0.4104070089471834,0.2686113824489638,0.0886941495249137,0.0764154718205939,0.2522858269564202,0.2252563593556615
MAIN-068,Phi-4-mini-instruct,Q6_K,190,0,0.4833946109995136,0.2018470047523908,0.0777099034329055,0.0457259923565984,0.2236276869607298,0.1556371182644693
MAIN-068,Qwen-MediCare-BD,Q3_K_M,190,0,0.5596798243434106,0.2449572347846725,0.1762948769798639,0.1144237628698767,0.4118723925380781,0.2052300109963533
MAIN-068,Qwen-MediCare-BD,Q4_K_M,190,0,0.5893483117355874,0.2682535293427451,0.1691758331684315,0.0877741658097002,0.4524237685972852,0.2307874186183263
MAIN-068,Qwen-MediCare-BD,Q5_K_M,190,0,0.4023829869600497,0.2309450076213592,0.1351876085920771,0.1205789126805856,0.2952900201781171,0.1874180307949424
MAIN-068,Qwen-MediCare-BD,Q6_K,190,0,0.5678667447854348,0.2016965681892674,0.1553949947115203,0.0709033510912024,0.4161338160001396,0.186953149301463
MAIN-069,Gemma-3-4B-it,Q3_K_M,190,0,0.9597223273507068,0.0256865482743633,0.1776524757915635,0.0180701487994561,0.6989487553513539,0.0698340726189706
MAIN-069,Gemma-3-4B-it,Q4_K_M,190,0,0.9790701109572912,0.0265032644498164,0.1729469618110723,0.0247775682759132,0.6424052298229698,0.1004186555720602
MAIN-069,Gemma-3-4B-it,Q5_K_M,190,0,0.9832838366817318,0.0209818728732382,0.2092698576567776,0.0295685576319451,0.7734154370628783,0.0994836706145792
MAIN-069,Gemma-3-4B-it,Q6_K,190,0,0.9751506234509896,0.0273676613822028,0.1851254781733762,0.0304130658316991,0.7003769851076576,0.0959690436089711
MAIN-069,Phi-4-mini-instruct,Q3_K_M,190,0,0.7977054242379024,0.1386181041774528,0.2259629513194159,0.0699893041272255,0.6254479890172053,0.1567585975438133
MAIN-069,Phi-4-mini-instruct,Q4_K_M,190,0,0.7116405021078295,0.1411653408991611,0.1480912084045889,0.0366613776837943,0.471092972628692,0.1346928099402877
MAIN-069,Phi-4-mini-instruct,Q5_K_M,190,0,0.6641724866333141,0.2529326915884128,0.139147528003917,0.0626097070062032,0.4293180625253149,0.1858429983120731
MAIN-069,Phi-4-mini-instruct,Q6_K,190,0,0.7636008835472482,0.0908047982821358,0.1475654078671898,0.0345704432210627,0.4562237834983177,0.1132350632077976
MAIN-069,Qwen-MediCare-BD,Q3_K_M,190,0,0.7208949998075717,0.2104485166420925,0.2373634120694306,0.1045750075340594,0.5714518708973336,0.1999737668831663
MAIN-069,Qwen-MediCare-BD,Q4_K_M,190,0,0.5943056085450275,0.2157860323993567,0.2034693325499883,0.08454039705135,0.4768803482501095,0.1814814130803365
MAIN-069,Qwen-MediCare-BD,Q5_K_M,190,0,0.2662058430158205,0.3324428663392186,0.1185183354643044,0.1361007844044392,0.2289807342009661,0.2860140823260728
MAIN-069,Qwen-MediCare-BD,Q6_K,190,0,0.5811720019390095,0.2394810645734789,0.1871617666743513,0.0796294007237977,0.4472894990300392,0.18717664787009
MAIN-070,Gemma-3-4B-it,Q3_K_M,190,0,0.98402640819611,0.0211964059499396,0.2582220581677045,0.032378440852402,0.858619176503045,0.0726716116441301
MAIN-070,Gemma-3-4B-it,Q4_K_M,190,0,0.984718418034357,0.0240608026112173,0.2642458486132463,0.0440609593851223,0.8493635670485099,0.1041156115205319
MAIN-070,Gemma-3-4B-it,Q5_K_M,190,0,0.9890624084036064,0.0161571937723841,0.2906432604261535,0.0335024021460762,0.8954895366736695,0.0455060019005963
MAIN-070,Gemma-3-4B-it,Q6_K,190,0,0.9884513983553004,0.01323162760206,0.2732528949155455,0.0201701288752236,0.8789856196575148,0.0403205555931781
MAIN-070,Phi-4-mini-instruct,Q3_K_M,190,0,0.70248659636582,0.1461677215850951,0.1681954303989901,0.0653387460668452,0.480048132276283,0.141121281984142
MAIN-070,Phi-4-mini-instruct,Q4_K_M,190,0,0.7560368949743935,0.1308110383842345,0.1594438683000203,0.0455740696226026,0.5064414448175899,0.1417094495348241
MAIN-070,Phi-4-mini-instruct,Q5_K_M,190,0,0.630011439667317,0.1775337651657033,0.111639598809847,0.0400122393791261,0.3562501864455108,0.151113919223779
MAIN-070,Phi-4-mini-instruct,Q6_K,190,0,0.7027339643376117,0.1508011094985607,0.1315524522578914,0.0401999032852235,0.4332134270861615,0.1377514828864026
MAIN-070,Qwen-MediCare-BD,Q3_K_M,190,0,0.8578347711709634,0.1273529315617545,0.2418756630613578,0.0741948357423784,0.6531292898317967,0.1600937700645385
MAIN-070,Qwen-MediCare-BD,Q4_K_M,190,0,0.7531907725588194,0.1952560146591873,0.2643571150546075,0.0946481207800609,0.6133547057756802,0.1926416356354459
MAIN-070,Qwen-MediCare-BD,Q5_K_M,190,0,0.5800798871076639,0.3449040799801621,0.2119959859330429,0.1508960364995392,0.461033628318385,0.2822676439256717
MAIN-070,Qwen-MediCare-BD,Q6_K,190,0,0.7748522147918137,0.1616712924306186,0.2097024092927292,0.0875484353956443,0.5756991276902861,0.1897306673373019
MAIN-071,Gemma-3-4B-it,Q3_K_M,190,0,0.9857621273595673,0.0179957740991433,0.3240934288001437,0.0459902810061565,0.8689033065014578,0.0540467495392896
MAIN-071,Gemma-3-4B-it,Q4_K_M,190,0,0.9962867082446616,0.0066945356543372,0.3432251431734532,0.0416135116359965,0.9211599075190452,0.0391231578559966
MAIN-071,Gemma-3-4B-it,Q5_K_M,190,0,0.9998442792107552,0.0001548728848909,0.4393731149161742,0.0362674184092287,0.9800628399033424,0.0159000790645036
MAIN-071,Gemma-3-4B-it,Q6_K,190,0,0.9996004487192038,0.0015422469327432,0.4351300883031996,0.0253532348393308,0.970725822852194,0.0215870535996649
MAIN-071,Phi-4-mini-instruct,Q3_K_M,190,0,0.7391171031271848,0.174312614294979,0.2172343651239332,0.0712656604132229,0.5568924378942424,0.1623437520679303
MAIN-071,Phi-4-mini-instruct,Q4_K_M,190,0,0.7219022753851563,0.2149351866024816,0.1429309789655075,0.0564016103766281,0.4586509509099606,0.2026272332702775
MAIN-071,Phi-4-mini-instruct,Q5_K_M,190,0,0.741877296292268,0.1545097400134008,0.1528634083445635,0.0497647181521885,0.4728389454253555,0.1669901910027358
MAIN-071,Phi-4-mini-instruct,Q6_K,190,0,0.8196595387812583,0.1106862560274741,0.161751284900476,0.0354798865296119,0.5542066489877693,0.1328835485772345
MAIN-071,Qwen-MediCare-BD,Q3_K_M,171,19,0.8398955113271167,0.1430847901075768,0.2520426535382176,0.0814099703395454,0.6546080028590939,0.1828019544512588
MAIN-071,Qwen-MediCare-BD,Q4_K_M,190,0,0.6094921699009445,0.3798290079493269,0.2251948023630381,0.1370521037919281,0.5205429537242268,0.3280227929602068
MAIN-071,Qwen-MediCare-BD,Q5_K_M,190,0,0.6793116297597988,0.2890486181786306,0.2024635883133254,0.1003510122040926,0.5459962111158289,0.2542607937710108
MAIN-071,Qwen-MediCare-BD,Q6_K,190,0,0.6729569209682952,0.1908432170338771,0.2113369453871536,0.0740032995445445,0.5175859207095047,0.1750726077101383
MAIN-072,Gemma-3-4B-it,Q3_K_M,190,0,0.8801427301541858,0.0595543166920199,0.1593000035876389,0.0277985608038596,0.5873472983068877,0.0948132970684662
MAIN-072,Gemma-3-4B-it,Q4_K_M,190,0,0.9865293837782468,0.0193512915367154,0.2550149724641432,0.0379913348102574,0.8435343009642949,0.0799120941055668
MAIN-072,Gemma-3-4B-it,Q5_K_M,190,0,0.9884168231050924,0.014963676096653,0.2825953689490986,0.0306495493372565,0.8731439369591093,0.0528630208785227
MAIN-072,Gemma-3-4B-it,Q6_K,190,0,0.986772921472324,0.0188284430781826,0.2634426685141707,0.0333736563384581,0.8654811401619753,0.0640121520147469
MAIN-072,Phi-4-mini-instruct,Q3_K_M,190,0,0.5216640626380193,0.1897208991452404,0.1199213248052224,0.0517819859421648,0.3438770547231253,0.1400981710344546
MAIN-072,Phi-4-mini-instruct,Q4_K_M,190,0,0.5406966004715525,0.20684920368081,0.1205186917209398,0.0649480101695667,0.3323663583920612,0.1702149296106104
MAIN-072,Phi-4-mini-instruct,Q5_K_M,190,0,0.567260116513688,0.1452626791280209,0.1135228028869432,0.0346552157205236,0.3371434933289188,0.1162039894026445
MAIN-072,Phi-4-mini-instruct,Q6_K,190,0,0.6631441631832234,0.1559698037504846,0.1321951439136066,0.0435816381720823,0.4076121684821082,0.1504088828997847
MAIN-072,Qwen-MediCare-BD,Q3_K_M,190,0,0.883867554299113,0.1275048177772537,0.2216449860424086,0.0634751579551491,0.6492766858871655,0.1551857790509307
MAIN-072,Qwen-MediCare-BD,Q4_K_M,190,0,0.6985509231660345,0.1645555118286788,0.2181189146868637,0.0780272561615373,0.5180262403289612,0.1545075962927282
MAIN-072,Qwen-MediCare-BD,Q5_K_M,190,0,0.7527483361536129,0.2487465616630267,0.2511945450414577,0.0923358978160676,0.6127770008259079,0.2200940535286107
MAIN-072,Qwen-MediCare-BD,Q6_K,190,0,0.8231395656680996,0.2663987554998613,0.2952684204478051,0.1133367857216667,0.694421542155151,0.2411736241378287
MAIN-073,Gemma-3-4B-it,Q3_K_M,190,0,0.8387488289848585,0.1109784687885027,0.1052485693040587,0.0282207608857021,0.3643982806612857,0.1412198975398106
MAIN-073,Gemma-3-4B-it,Q4_K_M,190,0,0.9838872909013288,0.0231176340110745,0.2216351319052213,0.0432059688401447,0.8038936207978362,0.1054766368213474
MAIN-073,Gemma-3-4B-it,Q5_K_M,190,0,0.8690291863021795,0.0941172077873153,0.1410770045975782,0.0267060769905157,0.5272784783668074,0.1232950788813516
MAIN-073,Gemma-3-4B-it,Q6_K,190,0,0.9036019825169735,0.0666006927229351,0.1473655104686187,0.0232217757768455,0.5675132028304568,0.09789948354658
MAIN-073,Phi-4-mini-instruct,Q3_K_M,190,0,0.3589254083193053,0.2429437913891412,0.0631108331879282,0.0433598069069691,0.1974794766876858,0.1547725921075051
MAIN-073,Phi-4-mini-instruct,Q4_K_M,190,0,0.2120202040480761,0.1686775005292505,0.0383186701316848,0.0348421828204275,0.1005507140102433,0.1037049695943843
MAIN-073,Phi-4-mini-instruct,Q5_K_M,190,0,0.4519716061821064,0.2294970564968156,0.0959824240280461,0.111305540046969,0.235036516542839,0.1607580083675764
MAIN-073,Phi-4-mini-instruct,Q6_K,190,0,0.4923978719539378,0.2849891792412444,0.1026134241279665,0.1103897088703217,0.2805384011331549,0.2071556218648419
MAIN-073,Qwen-MediCare-BD,Q3_K_M,190,0,0.6851174709055123,0.3223521093009696,0.2657797945198321,0.178911820329537,0.5372092813181739,0.2873969273018333
MAIN-073,Qwen-MediCare-BD,Q4_K_M,190,0,0.6084610227725904,0.2002083835185859,0.1540214522232779,0.0582316381721304,0.4200558427713526,0.1597373395606605
MAIN-073,Qwen-MediCare-BD,Q5_K_M,190,0,0.5987041060027721,0.3113811220541261,0.2253270532159103,0.1633717760790402,0.4739422865642815,0.2562940560910502
MAIN-073,Qwen-MediCare-BD,Q6_K,190,0,0.5913290374541192,0.2207765326680818,0.1797551488555487,0.0774764392790409,0.4520115018841455,0.1858703818221502
MAIN-074,Gemma-3-4B-it,Q3_K_M,190,0,0.930244179688056,0.0902382664298252,0.2131484465017648,0.04984449323753,0.7470356363853443,0.1549628507851908
MAIN-074,Gemma-3-4B-it,Q4_K_M,190,0,0.7510791268646666,0.1154014248376205,0.1384800711233479,0.0337454912473201,0.4511043012978105,0.1350300623117313
MAIN-074,Gemma-3-4B-it,Q5_K_M,190,0,0.8296521870335586,0.1101337137533921,0.1552053926218987,0.0504314071727554,0.5532130714145045,0.1683303704175311
MAIN-074,Gemma-3-4B-it,Q6_K,190,0,0.9099417495541744,0.077676486061333,0.1883209761934834,0.0418916684443929,0.6760730222589864,0.1471437484806623
MAIN-074,Phi-4-mini-instruct,Q3_K_M,190,0,0.4777237538416948,0.2241100022711231,0.0916226339722651,0.0444826498278903,0.2707540236315329,0.1608703376152413
MAIN-074,Phi-4-mini-instruct,Q4_K_M,190,0,0.6485662359057688,0.1699197026443133,0.1171309317973464,0.0488545081379923,0.3568951392747014,0.1706217715992439
MAIN-074,Phi-4-mini-instruct,Q5_K_M,190,0,0.5834405889240314,0.2449010608840474,0.1102360801758022,0.0561811693864077,0.3313309609672442,0.1878203165107711
MAIN-074,Phi-4-mini-instruct,Q6_K,190,0,0.5569322132684026,0.1804318995580338,0.1038681908521734,0.0423036555175653,0.315423522686837,0.1485621088651965
MAIN-074,Qwen-MediCare-BD,Q3_K_M,190,0,0.3645585113918173,0.326953994992236,0.2181828502784111,0.216849190179361,0.3182153215669625,0.293088575727131
MAIN-074,Qwen-MediCare-BD,Q4_K_M,190,0,0.6272091657154841,0.195799687455963,0.1968287130243899,0.0794854865189843,0.4898875804224807,0.1784452114490145
MAIN-074,Qwen-MediCare-BD,Q5_K_M,190,0,0.4339349838737529,0.3761259364451147,0.1724719098333443,0.1329815868187422,0.3616223721755495,0.3082705031748653
MAIN-074,Qwen-MediCare-BD,Q6_K,190,0,0.6137444777618675,0.1956743574763358,0.1494062671702684,0.0564353579581443,0.4198637224964941,0.1556936762496852
MAIN-075,Gemma-3-4B-it,Q3_K_M,190,0,0.9689162563786724,0.0255795179607749,0.2590522396189033,0.0351239604207939,0.8533769104329754,0.0487604917179716
MAIN-075,Gemma-3-4B-it,Q4_K_M,190,0,0.9974885351374247,0.005588902857908,0.3169097821329799,0.0290754097192484,0.9563389435960298,0.0292945197651831
MAIN-075,Gemma-3-4B-it,Q5_K_M,190,0,0.9980632492622896,0.0052142426223778,0.3317039137690883,0.0347350775046012,0.9531689984095608,0.0337721044257122
MAIN-075,Gemma-3-4B-it,Q6_K,190,0,0.9984400802916724,0.0046244672945866,0.3503101427848759,0.0257820270894917,0.9739448019302396,0.0191799267239496
MAIN-075,Phi-4-mini-instruct,Q3_K_M,190,0,0.5934015891095125,0.1989892282988606,0.1287469475503949,0.0519644160354215,0.3751272938009067,0.1564261120887426
MAIN-075,Phi-4-mini-instruct,Q4_K_M,190,0,0.5710679020888716,0.2024698410176384,0.1137768149536539,0.0490456047552099,0.3486958566280295,0.1606732194940155
MAIN-075,Phi-4-mini-instruct,Q5_K_M,190,0,0.7002590872552491,0.157605585167755,0.1367695562551463,0.0408256106536374,0.4215489808253235,0.1467459782052333
MAIN-075,Phi-4-mini-instruct,Q6_K,190,0,0.6887981221611299,0.1748754179889596,0.1378964101488739,0.0455204880710656,0.4175720236875761,0.154189999783343
MAIN-075,Qwen-MediCare-BD,Q3_K_M,190,0,0.5829583280318713,0.242035050766083,0.1950209876021227,0.1094161264420121,0.450188873381446,0.2265943891229231
MAIN-075,Qwen-MediCare-BD,Q4_K_M,190,0,0.6238888690283957,0.2635605868720867,0.2000182008703161,0.1040934636433977,0.4922031092807039,0.2398022775726206
MAIN-075,Qwen-MediCare-BD,Q5_K_M,190,0,0.5003789299808421,0.328602810120045,0.225507680946174,0.167376584003176,0.4223603169086597,0.2787738453891898
MAIN-075,Qwen-MediCare-BD,Q6_K,190,0,0.809930616289212,0.131650770976901,0.25113038126361,0.0650197485502838,0.6433877663099287,0.1536384599313911
MAIN-076,Gemma-3-4B-it,Q3_K_M,190,0,0.9947772287135448,0.0091743358813394,0.2995384678285289,0.0295584921359896,0.9377255516304782,0.038534218938347
MAIN-076,Gemma-3-4B-it,Q4_K_M,190,0,0.99659124451341,0.0071068966423827,0.3392128967267319,0.0325842424893665,0.9481282455289208,0.0389436752602002
MAIN-076,Gemma-3-4B-it,Q5_K_M,190,0,0.9905452039498204,0.0124286546251112,0.3127188479079295,0.0323185819163643,0.9275858323787624,0.0418796240182326
MAIN-076,Gemma-3-4B-it,Q6_K,190,0,0.9909741557699652,0.013447730126683,0.2911809128197188,0.0272106547178133,0.8910378016754548,0.0374619163738635
MAIN-076,Phi-4-mini-instruct,Q3_K_M,190,0,0.4361048344110123,0.2310525421165322,0.0788825774348998,0.0456066691367077,0.2437767292378433,0.1681613270513604
MAIN-076,Phi-4-mini-instruct,Q4_K_M,190,0,0.6884293205710579,0.177342120652979,0.1195960646585313,0.0438261536203274,0.3733659020255348,0.162380524743619
MAIN-076,Phi-4-mini-instruct,Q5_K_M,190,0,0.7282311441771843,0.1451274012826709,0.124866607267151,0.0383738105887736,0.4043156003432751,0.1456369867287085
MAIN-076,Phi-4-mini-instruct,Q6_K,190,0,0.6913100238156786,0.1707489367343788,0.1375092216293204,0.046649603084343,0.4411170284995089,0.1656125545345295
MAIN-076,Qwen-MediCare-BD,Q3_K_M,190,0,0.4827584121631841,0.4011822447997076,0.1891197829828066,0.155962832650094,0.3945245508030491,0.3318577297603802
MAIN-076,Qwen-MediCare-BD,Q4_K_M,190,0,0.6763097880396797,0.3366091797313896,0.2512706259489523,0.1180531521300918,0.5773919355700542,0.2927591094273647
MAIN-076,Qwen-MediCare-BD,Q5_K_M,190,0,0.4848510461388375,0.3461465557556237,0.2225050488447432,0.209059455621415,0.4045262327892217,0.299809997248397
MAIN-076,Qwen-MediCare-BD,Q6_K,190,0,0.660673918489899,0.2504968389973158,0.2455404446402593,0.1425717385976685,0.5425104028767157,0.2254081554292931
MAIN-077,Gemma-3-4B-it,Q3_K_M,190,0,0.8933606039929031,0.0811159931066357,0.1474244838908022,0.0422368954026477,0.5519545116911675,0.1634645008187868
MAIN-077,Gemma-3-4B-it,Q4_K_M,190,0,0.9934371662578032,0.0111710580586288,0.2482304443973501,0.0363392573318271,0.8776094006126703,0.0675757603468031
MAIN-077,Gemma-3-4B-it,Q5_K_M,190,0,0.988004315731756,0.0178704074533292,0.2791924051936771,0.0506407992977371,0.8886300055026788,0.0743799835946821
MAIN-077,Gemma-3-4B-it,Q6_K,190,0,0.99580834911258,0.0093363635826842,0.2798601202408669,0.0350668399756252,0.926353744733529,0.0457592398886629
MAIN-077,Phi-4-mini-instruct,Q3_K_M,190,0,0.4579742296745591,0.2546329773243292,0.0991813434568124,0.0687240959068893,0.278315470281089,0.1894750047190733
MAIN-077,Phi-4-mini-instruct,Q4_K_M,190,0,0.5332008299995264,0.2396239158025596,0.0979638614986168,0.0514091894396995,0.2761244143969243,0.162523277587959
MAIN-077,Phi-4-mini-instruct,Q5_K_M,190,0,0.4977233029089569,0.2371059029475442,0.1124680368618251,0.0727532576607451,0.3012229983636334,0.1946980169124608
MAIN-077,Phi-4-mini-instruct,Q6_K,190,0,0.5662697121262519,0.2427119930863514,0.1014334081481151,0.0449135292741806,0.2904583672240978,0.1583604995120719
MAIN-077,Qwen-MediCare-BD,Q3_K_M,190,0,0.7110978206914731,0.2025477217914469,0.195705340933834,0.0921619853160681,0.514641193226958,0.2139649857731571
MAIN-077,Qwen-MediCare-BD,Q4_K_M,190,0,0.3640949535422157,0.2735682948342348,0.1253130805535645,0.0998323961536506,0.2809544146931484,0.2181469647640462
MAIN-077,Qwen-MediCare-BD,Q5_K_M,190,0,0.2787436040642788,0.3398019390907696,0.0808664119352467,0.1052212461835087,0.1982163233393506,0.2504093005971198
MAIN-077,Qwen-MediCare-BD,Q6_K,190,0,0.4232141401692676,0.359236983166004,0.2062987654756645,0.2106605011061738,0.3577990558125849,0.3128965151586065
MAIN-078,Gemma-3-4B-it,Q3_K_M,190,0,0.9731073598292616,0.0221230345471645,0.2588552642188505,0.0298043723137805,0.8235659022699408,0.0580058109289688
MAIN-078,Gemma-3-4B-it,Q4_K_M,190,0,0.949928277646318,0.0503615874648659,0.225455203998679,0.0371322855184031,0.7366025429955285,0.0960935800252285
MAIN-078,Gemma-3-4B-it,Q5_K_M,190,0,0.8933184683332617,0.0691404731252133,0.1948371470914168,0.0376945359667699,0.6635336047099617,0.1062405197808226
MAIN-078,Gemma-3-4B-it,Q6_K,190,0,0.9848623319083444,0.0146758313173044,0.2987017354950076,0.0285441100480425,0.8819070308606035,0.0407894227048255
MAIN-078,Phi-4-mini-instruct,Q3_K_M,190,0,0.7174755975735987,0.1379899481703635,0.1648908275834475,0.0404448875318858,0.4948152920048663,0.1272453675344448
MAIN-078,Phi-4-mini-instruct,Q4_K_M,190,0,0.7118586819694264,0.1665309783436133,0.1613818996016187,0.057075595009616,0.4681376048990606,0.1577861377370854
MAIN-078,Phi-4-mini-instruct,Q5_K_M,190,0,0.7614286863408881,0.1068937405018214,0.154374713655491,0.0445851191372568,0.4913927644405884,0.1296767526648101
MAIN-078,Phi-4-mini-instruct,Q6_K,190,0,0.7124480047618632,0.1230229197726802,0.1615160134238389,0.0319728170271339,0.4770882030894122,0.0939986245183257
MAIN-078,Qwen-MediCare-BD,Q3_K_M,190,0,0.7551238022372382,0.1630858653978267,0.2496267910834637,0.0822642144233228,0.6034560608699693,0.1577205681168667
MAIN-078,Qwen-MediCare-BD,Q4_K_M,190,0,0.9139398318248708,0.1051424921539687,0.2979832097819298,0.0812813106673741,0.7584441308177444,0.1607105145145752
MAIN-078,Qwen-MediCare-BD,Q5_K_M,190,0,0.612590250300684,0.2884029722276751,0.2395915347571485,0.1358276857953094,0.4952316440323659,0.2412881980872515
MAIN-078,Qwen-MediCare-BD,Q6_K,190,0,0.7908659876277829,0.1333033219225892,0.2226405053047105,0.0617563848825468,0.6109707688752845,0.1532800731681993
MAIN-079,Gemma-3-4B-it,Q3_K_M,190,0,0.9224131374306036,0.0561698065408623,0.1621758102774621,0.0304216944761016,0.5811142815158071,0.112602309116176
MAIN-079,Gemma-3-4B-it,Q4_K_M,190,0,0.925224757064637,0.0771380351291348,0.1938718690800434,0.0439503914118246,0.6727148907649521,0.1512217748937271
MAIN-079,Gemma-3-4B-it,Q5_K_M,190,0,0.8088096172784133,0.1050860033182429,0.1217739430844799,0.0324764612383747,0.4304679144569558,0.1371373880738127
MAIN-079,Gemma-3-4B-it,Q6_K,190,0,0.7867604242691868,0.0762807474810115,0.1116119320025512,0.0263060088188929,0.3918355602822021,0.1118996363468752
MAIN-079,Phi-4-mini-instruct,Q3_K_M,190,0,0.3679985042463833,0.2407992532040792,0.0784218547845895,0.0550138138081968,0.2143667744116441,0.1497963907772378
MAIN-079,Phi-4-mini-instruct,Q4_K_M,190,0,0.2422265598366819,0.2167867137040529,0.0438256867338581,0.0395502294714246,0.1229950898467884,0.1205084301287642
MAIN-079,Phi-4-mini-instruct,Q5_K_M,171,19,0.3428509004234266,0.2064577540653568,0.0670400277207461,0.0445985714479595,0.1993524675705019,0.152646825545133
MAIN-079,Phi-4-mini-instruct,Q6_K,190,0,0.2437403515023595,0.1959977691790415,0.0467007703177741,0.03829073286744,0.1262629278227687,0.1104256186823801
MAIN-079,Qwen-MediCare-BD,Q3_K_M,190,0,0.9180249757058452,0.1386510749003375,0.2482852452336917,0.0626397215443511,0.7247360377609423,0.1591613664827434
MAIN-079,Qwen-MediCare-BD,Q4_K_M,190,0,0.4671103340277342,0.3505762761481217,0.1924646381526975,0.1524152992209294,0.3761561947979672,0.2788293844760124
MAIN-079,Qwen-MediCare-BD,Q5_K_M,190,0,0.6326683042631919,0.2987074537083156,0.2259863280139829,0.1268446423418207,0.5056285798233296,0.2491253930628913
MAIN-079,Qwen-MediCare-BD,Q6_K,190,0,0.5372183604247949,0.2792565339786115,0.1990559272486706,0.1339288660255445,0.4380966298994807,0.2627483206108594
MAIN-080,Gemma-3-4B-it,Q3_K_M,190,0,0.9713519557059774,0.0294995820785214,0.1830691800229478,0.0317966667922469,0.7175681346132772,0.125841778176485
MAIN-080,Gemma-3-4B-it,Q4_K_M,190,0,0.9887837985674738,0.0132945206927323,0.2370986387515575,0.0304439064774833,0.8490290097877371,0.0678583716934903
MAIN-080,Gemma-3-4B-it,Q5_K_M,190,0,0.9968394309202012,0.0071485122407495,0.2792532070373634,0.0294362146997433,0.9112298165614876,0.0452103725349812
MAIN-080,Gemma-3-4B-it,Q6_K,190,0,0.9965631745340228,0.0055198474732838,0.2641764389924733,0.0329267460919841,0.8974555141622695,0.0462738537925664
MAIN-080,Phi-4-mini-instruct,Q3_K_M,190,0,0.5949964802467717,0.2338950037542421,0.1498267592223768,0.0938701752952483,0.4004705739896867,0.2024362568172507
MAIN-080,Phi-4-mini-instruct,Q4_K_M,190,0,0.4357304173767717,0.2095722323256602,0.0890059575960131,0.050325316569455,0.2513931479176371,0.147805585331935
MAIN-080,Phi-4-mini-instruct,Q5_K_M,190,0,0.5933100525485429,0.1545445249460762,0.114071140611747,0.0417909464916449,0.3358853581044012,0.1333143878010051
MAIN-080,Phi-4-mini-instruct,Q6_K,190,0,0.5029213086956895,0.1749333754626844,0.0936566622082009,0.04006575121417,0.2801614345557334,0.1286724131848158
MAIN-080,Qwen-MediCare-BD,Q3_K_M,190,0,0.7454371752573474,0.1859088615805374,0.2842693838986314,0.1358663909613746,0.6058245424384622,0.2001867552816472
MAIN-080,Qwen-MediCare-BD,Q4_K_M,190,0,0.8020741506256251,0.1504723040204593,0.2450476334590659,0.0796011376562128,0.6527831115219943,0.1728616858501282
MAIN-080,Qwen-MediCare-BD,Q5_K_M,190,0,0.791991645732696,0.2607834842663747,0.2469190515885558,0.0984728000150159,0.648552200448726,0.222725194062834
MAIN-080,Qwen-MediCare-BD,Q6_K,190,0,0.8058871435705328,0.2576150591389707,0.2836084898969822,0.1198241897501825,0.6827206220594645,0.2343525478066212
MAIN-081,Gemma-3-4B-it,Q3_K_M,190,0,0.965326722643596,0.0419483186907262,0.2438081693347576,0.0431736115138656,0.8263536916323954,0.1099039539597859
MAIN-081,Gemma-3-4B-it,Q4_K_M,190,0,0.988360815680409,0.0120520582893712,0.2493162447693744,0.0262381934596742,0.8808869110973292,0.0589227898488278
MAIN-081,Gemma-3-4B-it,Q5_K_M,190,0,0.9865253634410616,0.0177171373211942,0.2657753201661784,0.0344142721259334,0.8780043295904438,0.0563459279919193
MAIN-081,Gemma-3-4B-it,Q6_K,190,0,0.9806367710175145,0.0212551071610289,0.2561965675131547,0.0339778458598555,0.8491969774228081,0.0724191294518287
MAIN-081,Phi-4-mini-instruct,Q3_K_M,190,0,0.6274169718552594,0.1949304867120076,0.1360201619876961,0.0455014684645412,0.3992689957041769,0.1423969048471514
MAIN-081,Phi-4-mini-instruct,Q4_K_M,190,0,0.6880767564292835,0.202155407891016,0.1181194476835833,0.0368434014016633,0.400282999969565,0.1518213131332695
MAIN-081,Phi-4-mini-instruct,Q5_K_M,190,0,0.7341635139469411,0.1338662303043897,0.1231007955108765,0.0338246000247271,0.4144472642434448,0.1306207747277568
MAIN-081,Phi-4-mini-instruct,Q6_K,190,0,0.6672009149331171,0.2060371564688893,0.1363058157332273,0.0491277182815275,0.4167195926260548,0.1690988765385929
MAIN-081,Qwen-MediCare-BD,Q3_K_M,190,0,0.5706542836092033,0.2660443585489754,0.1709053335287813,0.0926064634443547,0.4313463560367839,0.2272242050966189
MAIN-081,Qwen-MediCare-BD,Q4_K_M,190,0,0.6396645195692553,0.2229681002106932,0.1802854860598655,0.0857122865337929,0.4717683495159324,0.1943895359679716
MAIN-081,Qwen-MediCare-BD,Q5_K_M,190,0,0.3726136496780112,0.1991736329383649,0.0976334477938948,0.0562834092690497,0.2604179743066641,0.1472993822159676
MAIN-081,Qwen-MediCare-BD,Q6_K,190,0,0.447169093669656,0.1860280145574465,0.1227625159412893,0.0631474811654262,0.3185754372853421,0.1439661239069522
MAIN-082,Gemma-3-4B-it,Q3_K_M,190,0,0.960961345147236,0.0290300314630793,0.2191539622265313,0.0340386427367173,0.7708979765570616,0.1059765249921618
MAIN-082,Gemma-3-4B-it,Q4_K_M,190,0,0.9819134315030056,0.0198247608037714,0.2764511111089302,0.0326960219320301,0.8770281159922566,0.0537810769000256
MAIN-082,Gemma-3-4B-it,Q5_K_M,190,0,0.9927064294174308,0.0127679582034391,0.2822909453164785,0.0327133564342355,0.9072586196359452,0.0539614478419917
MAIN-082,Gemma-3-4B-it,Q6_K,190,0,0.9734482207581624,0.0252594450123809,0.2360729564624111,0.0295320062540223,0.8015280681540335,0.0857389817043263
MAIN-082,Phi-4-mini-instruct,Q3_K_M,190,0,0.6080859551014062,0.1905508680856963,0.1538261026168316,0.0657989274425149,0.4256491064291831,0.1676942435368788
MAIN-082,Phi-4-mini-instruct,Q4_K_M,190,0,0.7216372970348834,0.1929001884647085,0.139774672601251,0.0479362296976179,0.4296576034238047,0.1449656176662195
MAIN-082,Phi-4-mini-instruct,Q5_K_M,190,0,0.7352688676630608,0.1455380569651477,0.1546682253353542,0.0511470297386454,0.4604852484613974,0.1453578134014421
MAIN-082,Phi-4-mini-instruct,Q6_K,190,0,0.7460634385289737,0.1902434405805303,0.1346437033521181,0.0412372948366236,0.4402480493370295,0.1610094548963593
MAIN-082,Qwen-MediCare-BD,Q3_K_M,190,0,0.3913512719488301,0.3022553787758733,0.1515831439532461,0.1381452248558806,0.3045153150225438,0.243544000004004
MAIN-082,Qwen-MediCare-BD,Q4_K_M,190,0,0.7803318243108238,0.2390546950848498,0.2536407199615628,0.0820657507110986,0.6379975841340041,0.2083928143921153
MAIN-082,Qwen-MediCare-BD,Q5_K_M,190,0,0.461755216029598,0.3284219007202261,0.1716533638349915,0.1244942332131026,0.3542738095464312,0.2593371544082374
MAIN-082,Qwen-MediCare-BD,Q6_K,190,0,0.7569006874592216,0.2688679127502601,0.2179214887860485,0.1006739715276472,0.5825446976614523,0.2195147165663345
MAIN-083,Gemma-3-4B-it,Q3_K_M,190,0,0.92002868510685,0.0547887987504386,0.1747952467232535,0.0263504860534325,0.6413887404336951,0.0867262183125492
MAIN-083,Gemma-3-4B-it,Q4_K_M,190,0,0.9490866842661628,0.0395868105533679,0.1873348663512531,0.0258516378411381,0.6370272789568777,0.08552240543942
MAIN-083,Gemma-3-4B-it,Q5_K_M,190,0,0.9888198442653816,0.0140714708370235,0.2392873465771131,0.0260493455868417,0.799717654349177,0.0583074723680882
MAIN-083,Gemma-3-4B-it,Q6_K,190,0,0.9782365584929092,0.019920214711391,0.2572633868687973,0.0227597759698004,0.7974849738455355,0.056030637299602
MAIN-083,Phi-4-mini-instruct,Q3_K_M,190,0,0.3272884469674145,0.1979156209954747,0.0591251382718908,0.0375255386235555,0.1702114038419044,0.1185163148250846
MAIN-083,Phi-4-mini-instruct,Q4_K_M,190,0,0.3461799073945032,0.2106563893384721,0.0558447514567928,0.0558848868516397,0.1429624255609046,0.1039719476703174
MAIN-083,Phi-4-mini-instruct,Q5_K_M,190,0,0.4587868824419056,0.2079254395909332,0.0786960592605855,0.0383989991207852,0.2222443357738872,0.1420516955250252
MAIN-083,Phi-4-mini-instruct,Q6_K,190,0,0.4672408153932701,0.1881382158122033,0.0649073718349401,0.0268556281249984,0.1934699600010605,0.0982146399212238
MAIN-083,Qwen-MediCare-BD,Q3_K_M,190,0,0.6237980610954202,0.2791295496487181,0.1955517771563334,0.1291133557422004,0.4820799079008101,0.2443975393024633
MAIN-083,Qwen-MediCare-BD,Q4_K_M,190,0,0.7090445977038609,0.2564865694726096,0.2505442108083607,0.0899123601899267,0.592828006498721,0.2225553872019393
MAIN-083,Qwen-MediCare-BD,Q5_K_M,190,0,0.3688559283179086,0.3302366953004808,0.1926741303199839,0.1775464453175425,0.3116718381554372,0.2730828039611059
MAIN-083,Qwen-MediCare-BD,Q6_K,190,0,0.623809337894072,0.2126950139063547,0.1825166396158909,0.1434428826403808,0.4462380758678181,0.1809866510665545
MAIN-084,Gemma-3-4B-it,Q3_K_M,190,0,0.910791476907532,0.0664473369930162,0.1562298879838254,0.0298199147565158,0.6096511625192843,0.1342091563098948
MAIN-084,Gemma-3-4B-it,Q4_K_M,190,0,0.8352130511004378,0.1103915015655848,0.1551883393955001,0.0366882178220154,0.5468072571329734,0.1489849447711054
MAIN-084,Gemma-3-4B-it,Q5_K_M,190,0,0.9658020873346472,0.0364362965243745,0.1960789169232854,0.025199481179065,0.7432793119944224,0.095253443261994
MAIN-084,Gemma-3-4B-it,Q6_K,190,0,0.9570041448001488,0.0414570989138248,0.1945374636579252,0.0294874875403109,0.742395498651219,0.1085311288061539
MAIN-084,Phi-4-mini-instruct,Q3_K_M,190,0,0.7426872586573043,0.1539014124731224,0.1792522371744486,0.0581491590728407,0.5359276235861036,0.1583465712485873
MAIN-084,Phi-4-mini-instruct,Q4_K_M,190,0,0.5921968599311273,0.1609067116974049,0.1192327225720311,0.0371772884238002,0.3554972386445779,0.1231280997982271
MAIN-084,Phi-4-mini-instruct,Q5_K_M,190,0,0.560248980892676,0.2596108120369679,0.1055145801506413,0.0555889249424942,0.3233299919264581,0.1735780111930779
MAIN-084,Phi-4-mini-instruct,Q6_K,190,0,0.4800469869538512,0.2411871424438654,0.0915206368134358,0.0498099028451005,0.2870752995556377,0.1753209483425076
MAIN-084,Qwen-MediCare-BD,Q3_K_M,190,0,0.7604500329489431,0.1692515035280738,0.2071865937936853,0.0604657111157973,0.593755094203187,0.1658578317419126
MAIN-084,Qwen-MediCare-BD,Q4_K_M,190,0,0.5672257865772411,0.221425626614861,0.1354705888722861,0.0560346045210213,0.3923984587312542,0.1686094740592829
MAIN-084,Qwen-MediCare-BD,Q5_K_M,190,0,0.4759115171188046,0.3690642753931983,0.1406098795448568,0.1071355913856472,0.3564472154481322,0.282108286322176
MAIN-084,Qwen-MediCare-BD,Q6_K,190,0,0.56177950501554,0.2022009699389409,0.1469820880525444,0.0676929192206527,0.4087593231068422,0.1716352437563486
MAIN-085,Gemma-3-4B-it,Q3_K_M,190,0,0.8977497255176834,0.0886016603662893,0.1249835288277408,0.0277685312957502,0.4732902177219257,0.1405879120806088
MAIN-085,Gemma-3-4B-it,Q4_K_M,190,0,0.93642537512669,0.0493958850685704,0.1515949022828258,0.0250923100731114,0.5922721106613121,0.1228130171758296
MAIN-085,Gemma-3-4B-it,Q5_K_M,190,0,0.9508178908453444,0.0379202721391513,0.135791514758675,0.0207915362661654,0.5221083783747349,0.1147132802390826
MAIN-085,Gemma-3-4B-it,Q6_K,190,0,0.885064857341929,0.081278408219315,0.1183108207056463,0.0285422995041371,0.420014652503644,0.135958528133591
MAIN-085,Phi-4-mini-instruct,Q3_K_M,190,0,0.2947843877740961,0.2019919619630305,0.0475882905187049,0.0428308081620677,0.130553987527126,0.1229595042519183
MAIN-085,Phi-4-mini-instruct,Q4_K_M,190,0,0.3968423089678919,0.2172131091922504,0.0890485147493441,0.1743954098628436,0.1618830531147726,0.1781352499266234
MAIN-085,Phi-4-mini-instruct,Q5_K_M,190,0,0.4583616677101961,0.2016109791748196,0.0707978609429028,0.0455873128765567,0.1829923961404787,0.141480852002886
MAIN-085,Phi-4-mini-instruct,Q6_K,190,0,0.3219271900979138,0.1998228900950835,0.0440320177239172,0.0362447592751,0.1123756369438714,0.1129231627354585
MAIN-085,Qwen-MediCare-BD,Q3_K_M,190,0,0.664441997484695,0.233456369707659,0.1888037118641911,0.1253647118273031,0.4734728422095664,0.2351381942637412
MAIN-085,Qwen-MediCare-BD,Q4_K_M,190,0,0.4050226475751652,0.2333051479742668,0.1019356465179932,0.0686577239310722,0.2689472127397841,0.1747434354800706
MAIN-085,Qwen-MediCare-BD,Q5_K_M,190,0,0.6351327683980494,0.3221421568283342,0.4142965816181859,0.3308336028637681,0.5636877715398417,0.3085764647342565
MAIN-085,Qwen-MediCare-BD,Q6_K,190,0,0.5576038190316035,0.2507826037884621,0.1758271967473349,0.1167569856011713,0.4192134564725346,0.2184912664552249
MAIN-086,Gemma-3-4B-it,Q3_K_M,190,0,0.9416667029889052,0.05076279166444,0.1765058465342874,0.026495793968723,0.6647563607018656,0.1018078093724128
MAIN-086,Gemma-3-4B-it,Q4_K_M,190,0,0.6855586331444424,0.1137086365264511,0.116869604748491,0.0290808059013027,0.3532978635659913,0.112546832491058
MAIN-086,Gemma-3-4B-it,Q5_K_M,190,0,0.9688133386253684,0.0411646992669665,0.2151972448345046,0.0348925801656989,0.7644045703139412,0.0960423186820831
MAIN-086,Gemma-3-4B-it,Q6_K,190,0,0.9228608833865832,0.0490724475057902,0.1820738166727778,0.02755453623334,0.6336994015288716,0.1030036797508267
MAIN-086,Phi-4-mini-instruct,Q3_K_M,190,0,0.5464062169039953,0.1979731073929669,0.0926930404364576,0.0380686649298231,0.2832998814554573,0.1381622234350959
MAIN-086,Phi-4-mini-instruct,Q4_K_M,190,0,0.4204507208461481,0.2037216441325311,0.063431994137673,0.0332966520728293,0.1805386383823934,0.1122652493716725
MAIN-086,Phi-4-mini-instruct,Q5_K_M,190,0,0.4865039964350606,0.1915830110477672,0.0742577807296675,0.0336958990068328,0.2077653775693634,0.1111578390834509
MAIN-086,Phi-4-mini-instruct,Q6_K,190,0,0.5105601716283368,0.1796141564532166,0.0727256062300316,0.0340763528299518,0.2178630613533872,0.1270165023437117
MAIN-086,Qwen-MediCare-BD,Q3_K_M,190,0,0.7251352935926826,0.2888765818370228,0.2137049057340694,0.1084608460939262,0.5446178200472553,0.2543822335629358
MAIN-086,Qwen-MediCare-BD,Q4_K_M,190,0,0.7116974116576431,0.1871825506113543,0.1790076644527249,0.0737519779240924,0.4991700296054292,0.1883036674216318
MAIN-086,Qwen-MediCare-BD,Q5_K_M,190,0,0.4459028551051615,0.3667840124125039,0.1667171525404108,0.1434166262484073,0.3567372093806616,0.304690811050052
MAIN-086,Qwen-MediCare-BD,Q6_K,190,0,0.4816911041154907,0.3167638069140556,0.1646214343344362,0.1395811715002466,0.3658690536445347,0.2668856802606325
MAIN-087,Gemma-3-4B-it,Q3_K_M,190,0,0.9474989792355868,0.0425572620724216,0.2105868303484561,0.0317782957377754,0.7379367995828411,0.0900961992247984
MAIN-087,Gemma-3-4B-it,Q4_K_M,190,0,0.9341586974987384,0.0534641478202637,0.2319133547864455,0.0515676381052913,0.7324024548195747,0.1335704872936562
MAIN-087,Gemma-3-4B-it,Q5_K_M,190,0,0.985967929559708,0.0190563615430679,0.3305862917146661,0.0350878112961385,0.8703203927093937,0.0606980642800022
MAIN-087,Gemma-3-4B-it,Q6_K,190,0,0.997842312490128,0.0053800092626138,0.3792974162408294,0.0242717928228661,0.9393432846530142,0.0290006000176408
MAIN-087,Phi-4-mini-instruct,Q3_K_M,190,0,0.6225085183914649,0.1849274536133122,0.1292547367665871,0.0439845308570213,0.3844273763656664,0.1536611893783411
MAIN-087,Phi-4-mini-instruct,Q4_K_M,190,0,0.4910096744587037,0.1464148310582402,0.0783412361424509,0.0255689225700648,0.2141763345120837,0.0904019468554103
MAIN-087,Phi-4-mini-instruct,Q5_K_M,190,0,0.6583321940734217,0.1881801555362879,0.1182596604798155,0.0391292481103028,0.3839418909592388,0.1393148117603273
MAIN-087,Phi-4-mini-instruct,Q6_K,190,0,0.6237347717435662,0.1944588520924464,0.1115131768579715,0.0445868570526111,0.358060389901344,0.1717191755739325
MAIN-087,Qwen-MediCare-BD,Q3_K_M,190,0,0.8594800881114374,0.1167524348008438,0.2169729648470262,0.0614975921100682,0.6370415054201412,0.1413354240495123
MAIN-087,Qwen-MediCare-BD,Q4_K_M,190,0,0.7293181166291834,0.2697485844222561,0.2320284865449318,0.1096143122138367,0.5917739385785186,0.2422860522628613
MAIN-087,Qwen-MediCare-BD,Q5_K_M,190,0,0.297048468123854,0.2719932860104966,0.1067630028333841,0.1164726815542066,0.2345590089594847,0.2285971439399181
MAIN-087,Qwen-MediCare-BD,Q6_K,190,0,0.3727288697802225,0.3410673816783504,0.1214783899503589,0.1233829148891966,0.2890332517134615,0.2770618887033989
MAIN-088,Gemma-3-4B-it,Q3_K_M,190,0,0.9791544332301512,0.0191811793399739,0.3352342059271345,0.0374908358542975,0.8882028748145034,0.0386066282245248
MAIN-088,Gemma-3-4B-it,Q4_K_M,190,0,0.9200409245410712,0.0487855639916303,0.2095130151956732,0.0337750847065123,0.7045860391936541,0.1008223020175276
MAIN-088,Gemma-3-4B-it,Q5_K_M,190,0,0.8842462989955338,0.0551242306917581,0.1973301064613712,0.0253446380885972,0.6652561565531553,0.0885614970173729
MAIN-088,Gemma-3-4B-it,Q6_K,190,0,0.8995151050825957,0.0526572544852605,0.2222663989676693,0.0337160057733827,0.7093581516493457,0.0925549916224758
MAIN-088,Phi-4-mini-instruct,Q3_K_M,190,0,0.7107918529146321,0.2032873462250663,0.1892046134586444,0.0990228819181093,0.4952143160176194,0.2131175035051966
MAIN-088,Phi-4-mini-instruct,Q4_K_M,190,0,0.7435181752795572,0.125217303299931,0.1479489071834794,0.0351584690117413,0.462064163094158,0.1165088384143903
MAIN-088,Phi-4-mini-instruct,Q5_K_M,190,0,0.5974490622212694,0.1962015765533074,0.1311347804900166,0.0524232465576527,0.3726149148370741,0.1661306133504844
MAIN-088,Phi-4-mini-instruct,Q6_K,190,0,0.6370690946523416,0.1771755552140042,0.1346654466909803,0.0563939333370598,0.4015530013905446,0.1772390458498284
MAIN-088,Qwen-MediCare-BD,Q3_K_M,190,0,0.8427704121429469,0.151034082997849,0.2807535982638998,0.0614415714339822,0.6872341439762536,0.1469638357909546
MAIN-088,Qwen-MediCare-BD,Q4_K_M,190,0,0.6404357222892267,0.3183338892520232,0.2177324058496295,0.1574659348697333,0.5069180456174481,0.2726924541070487
MAIN-088,Qwen-MediCare-BD,Q5_K_M,190,0,0.2367292128032759,0.2709458145807586,0.1106326735699386,0.1418157847381942,0.1935143843531085,0.2193883254894436
MAIN-088,Qwen-MediCare-BD,Q6_K,190,0,0.368103153497069,0.4069546196297469,0.2275644407684217,0.2864635555654386,0.336960568882092,0.3754417728938246
MAIN-089,Gemma-3-4B-it,Q3_K_M,190,0,0.940203182011488,0.0527524587509875,0.169080550609144,0.038946107041572,0.6455645848226689,0.1538125142934747
MAIN-089,Gemma-3-4B-it,Q4_K_M,190,0,0.9828336126383372,0.0212268244641541,0.2177408917503697,0.0243382420796907,0.8186793268550014,0.078523924214578
MAIN-089,Gemma-3-4B-it,Q5_K_M,171,19,0.990478593995143,0.0156090118712583,0.2218875884951941,0.0320159359182005,0.8432356872774048,0.0810713551558578
MAIN-089,Gemma-3-4B-it,Q6_K,190,0,0.9955303328367544,0.0071666330075728,0.2125340762048984,0.0221759872716974,0.8436482574502765,0.0663835052195412
MAIN-089,Phi-4-mini-instruct,Q3_K_M,190,0,0.3364787744271399,0.1906965774485792,0.0599570765336568,0.037889862714191,0.166065090453022,0.1136676492520771
MAIN-089,Phi-4-mini-instruct,Q4_K_M,190,0,0.3863740125456754,0.2331680500940142,0.0545968721381741,0.0390078605278917,0.1402281547746736,0.1140116662633968
MAIN-089,Phi-4-mini-instruct,Q5_K_M,190,0,0.3346419372926733,0.208841258947103,0.0554796230023377,0.0405919972974747,0.1419663538239754,0.1244176678606565
MAIN-089,Phi-4-mini-instruct,Q6_K,190,0,0.3989390765012473,0.1965114947446767,0.0662942557402131,0.0353295721670785,0.1914345265313381,0.1137339242408037
MAIN-089,Qwen-MediCare-BD,Q3_K_M,190,0,0.6258966222466563,0.3156002405938692,0.21810288522184,0.1772889785794697,0.5020909831943136,0.2871571916785086
MAIN-089,Qwen-MediCare-BD,Q4_K_M,190,0,0.5708172965278799,0.3218337359686859,0.1900751321246446,0.1105273055772377,0.4549226987659433,0.264477392617082
MAIN-089,Qwen-MediCare-BD,Q5_K_M,190,0,0.3432222752737613,0.3109213723958526,0.1564662217796162,0.1646552962310944,0.2788253227405427,0.2507257587515927
MAIN-089,Qwen-MediCare-BD,Q6_K,190,0,0.3566922739146103,0.3332086437960929,0.1529865720114501,0.1575653333282522,0.2796652490562297,0.258493909316757
MAIN-090,Gemma-3-4B-it,Q3_K_M,190,0,0.8497915827221825,0.0718609160536979,0.1588564039542661,0.0336498303049058,0.5333981171283708,0.1020183268807526
MAIN-090,Gemma-3-4B-it,Q4_K_M,190,0,0.8851145732849599,0.0809066288130537,0.1964380199869616,0.0281126983200331,0.6257855783754496,0.0900471103037086
MAIN-090,Gemma-3-4B-it,Q5_K_M,190,0,0.8330470367610169,0.0770990451741349,0.1897211771445366,0.0437375661781002,0.5985291260405305,0.1331253970820589
MAIN-090,Gemma-3-4B-it,Q6_K,190,0,0.7408596711149472,0.1150814912681233,0.1368463076895802,0.0307891636647835,0.4676910281669424,0.1193105204765681
MAIN-090,Phi-4-mini-instruct,Q3_K_M,190,0,0.7387866357471811,0.2707495351224721,0.2191694888103878,0.0905477865181243,0.5788985458959824,0.2341818868272133
MAIN-090,Phi-4-mini-instruct,Q4_K_M,190,0,0.7245124725978095,0.1371828841606704,0.1906929994965027,0.0592803376631761,0.5121583337085858,0.1442418790594431
MAIN-090,Phi-4-mini-instruct,Q5_K_M,190,0,0.5840356503934825,0.2218536212497651,0.1446564481979827,0.0667699961827942,0.383581420193968,0.173784324746121
MAIN-090,Phi-4-mini-instruct,Q6_K,190,0,0.640264480889354,0.154309124902527,0.1837445063785601,0.0694724861212291,0.4663109443304856,0.1327016556993227
MAIN-090,Qwen-MediCare-BD,Q3_K_M,190,0,0.887852756527236,0.0980632594610666,0.256733395208131,0.0665970758730869,0.7218220532822338,0.1452641964666559
MAIN-090,Qwen-MediCare-BD,Q4_K_M,190,0,0.6676774136939245,0.1814378230469845,0.2088232804184864,0.0813920234459186,0.5224608185429853,0.1753963733377594
MAIN-090,Qwen-MediCare-BD,Q5_K_M,190,0,0.735113995938266,0.1870873549095632,0.2044369061727406,0.0585919906381507,0.5458735262576544,0.1582228385993944
MAIN-090,Qwen-MediCare-BD,Q6_K,190,0,0.8066141913156512,0.1279532187919836,0.2357663038356491,0.0595745216638747,0.6313418776605562,0.1343526155323494
MAIN-091,Gemma-3-4B-it,Q3_K_M,190,0,0.9878782124666692,0.0134065931554974,0.2630674264839436,0.0290640485785604,0.8620828417833738,0.0510054783144276
MAIN-091,Gemma-3-4B-it,Q4_K_M,190,0,0.9928656340941004,0.010436400929905,0.3213162722591112,0.0342775588296621,0.9137243722332828,0.0382590175633457
MAIN-091,Gemma-3-4B-it,Q5_K_M,190,0,0.9954183751093308,0.010245376311175,0.359688495402951,0.0309310623455228,0.9415506651279714,0.0366044389533634
MAIN-091,Gemma-3-4B-it,Q6_K,190,0,0.9968580280023364,0.0061585737325104,0.3353729533002918,0.0306926553992557,0.9401611939049058,0.0357832161262413
MAIN-091,Phi-4-mini-instruct,Q3_K_M,190,0,0.5390157868711273,0.2576642530371907,0.1256313177843482,0.0724411492456488,0.3623523172368613,0.2164415865665948
MAIN-091,Phi-4-mini-instruct,Q4_K_M,190,0,0.5226874576499926,0.2358069686160609,0.1073998623579395,0.0471643698609282,0.3037154551809545,0.1644295318904206
MAIN-091,Phi-4-mini-instruct,Q5_K_M,190,0,0.7227917412443658,0.1586810741424461,0.1450928977211826,0.0464097865035624,0.4500614242630062,0.152486093477901
MAIN-091,Phi-4-mini-instruct,Q6_K,190,0,0.6659584919420463,0.188075156435112,0.1475626795328339,0.0593633343507984,0.4336551052824268,0.1873257058594228
MAIN-091,Qwen-MediCare-BD,Q3_K_M,190,0,0.8144114498544202,0.1589094680125915,0.2128631054979743,0.0690291597427227,0.6042227430904539,0.1714832028046056
MAIN-091,Qwen-MediCare-BD,Q4_K_M,190,0,0.6224528859748988,0.2624324560620184,0.179932595255574,0.128764992501579,0.443408381044902,0.2104458928114781
MAIN-091,Qwen-MediCare-BD,Q5_K_M,171,19,0.5248971809350127,0.227525412997484,0.1561466834272791,0.0784077913236529,0.4044784730004339,0.1926015997221274
MAIN-091,Qwen-MediCare-BD,Q6_K,190,0,0.5096864794384486,0.264024390700808,0.1599127456661361,0.0941030474080616,0.3988655265479004,0.2252383407360914
MAIN-092,Gemma-3-4B-it,Q3_K_M,190,0,0.9531918065336924,0.0351042805391719,0.1864000957580236,0.0324228757531368,0.7074925208622054,0.1091746111232389
MAIN-092,Gemma-3-4B-it,Q4_K_M,190,0,0.991045837021931,0.0174170159104244,0.2300543127422681,0.0327967496723797,0.8451859470413772,0.0901857209653492
MAIN-092,Gemma-3-4B-it,Q5_K_M,190,0,0.941146634325354,0.0528880132743115,0.173275571489389,0.03237843502637,0.6607173142034755,0.1170181005001564
MAIN-092,Gemma-3-4B-it,Q6_K,190,0,0.9697789414897372,0.029795045468209,0.209152107163443,0.0365742337586505,0.7547374972630051,0.096919793805233
MAIN-092,Phi-4-mini-instruct,Q3_K_M,190,0,0.2559468210491047,0.2082865034548167,0.0774539606289178,0.0606185022411952,0.1706462906169064,0.1358360054394891
MAIN-092,Phi-4-mini-instruct,Q4_K_M,190,0,0.5252500471667394,0.1996473481844189,0.1201249373035792,0.0542748014256973,0.3167658824454097,0.1530640103961295
MAIN-092,Phi-4-mini-instruct,Q5_K_M,190,0,0.4928479366851631,0.1413359448090645,0.0941392968099619,0.0361480089449963,0.2737312319916494,0.1125938649876994
MAIN-092,Phi-4-mini-instruct,Q6_K,190,0,0.6324093556310101,0.143946589501079,0.1261522210622087,0.0373640574021897,0.39414290398794,0.1272558831125982
MAIN-092,Qwen-MediCare-BD,Q3_K_M,190,0,0.7662937175012378,0.2627628537810259,0.2242380638918791,0.1134371461072539,0.617323078957537,0.2497030600178154
MAIN-092,Qwen-MediCare-BD,Q4_K_M,190,0,0.6519132612304416,0.2073083143527441,0.1808337730266078,0.0770109100782543,0.4870828200340362,0.1897857551239094
MAIN-092,Qwen-MediCare-BD,Q5_K_M,190,0,0.7513869195386599,0.2557465642859003,0.2456071232289499,0.1237677103384126,0.5920085243493668,0.2228809895586034
MAIN-092,Qwen-MediCare-BD,Q6_K,190,0,0.3798305166813365,0.2766984553727583,0.1773117261873706,0.107564532036506,0.3133451014732135,0.2229441789851376
MAIN-093,Gemma-3-4B-it,Q3_K_M,190,0,0.9375773374215144,0.0333027276146074,0.162654886068744,0.0208912071040572,0.6465832706465617,0.0935908457405469
MAIN-093,Gemma-3-4B-it,Q4_K_M,190,0,0.9760082086449664,0.0226872502490708,0.2248997513625806,0.0340611266268251,0.8238231224769128,0.0933800899864076
MAIN-093,Gemma-3-4B-it,Q5_K_M,190,0,0.8096466581673647,0.1182078180936861,0.1482928160550266,0.0463323089960371,0.5079455764912482,0.1798554754066818
MAIN-093,Gemma-3-4B-it,Q6_K,190,0,0.9662159071153116,0.0325377355364089,0.2008829761599161,0.0362448648824901,0.7507969471994876,0.1402327787062191
MAIN-093,Phi-4-mini-instruct,Q3_K_M,190,0,0.37833844209266,0.2796407695257081,0.1044808438613325,0.0927759414223397,0.2645463173870624,0.2231248042230965
MAIN-093,Phi-4-mini-instruct,Q4_K_M,190,0,0.3956722432061471,0.1618442717190145,0.0687870303675803,0.0376194310534964,0.1914317170212761,0.1189439348467964
MAIN-093,Phi-4-mini-instruct,Q5_K_M,190,0,0.3030251246024493,0.1851988763166747,0.0456488892173036,0.0274266394863762,0.1262527714049569,0.0863868827877595
MAIN-093,Phi-4-mini-instruct,Q6_K,190,0,0.4319739623318459,0.184513864610585,0.0591206067982329,0.0257179335518582,0.1648369403875428,0.0878832061044981
MAIN-093,Qwen-MediCare-BD,Q3_K_M,0,190,,,,,,
MAIN-093,Qwen-MediCare-BD,Q4_K_M,190,0,0.188350593640392,0.293380056500711,0.1088009381410516,0.2100254417098603,0.1648718784905445,0.2684450898020549
MAIN-093,Qwen-MediCare-BD,Q5_K_M,190,0,0.0332233428955078,0.0938749133733551,0.0332233428955078,0.0938749133733551,0.0332233428955078,0.0938749133733551
MAIN-093,Qwen-MediCare-BD,Q6_K,190,0,0.00201416015625,0.0,0.00201416015625,0.0,0.00201416015625,0.0
MAIN-094,Gemma-3-4B-it,Q3_K_M,190,0,0.9512482776751744,0.0316577353126086,0.1934569535233323,0.0294643508675604,0.6909368883263479,0.096790301267439
MAIN-094,Gemma-3-4B-it,Q4_K_M,190,0,0.7425717787339318,0.1258735563985199,0.136158760011311,0.0342192184212902,0.4405992929856605,0.1389421464993823
MAIN-094,Gemma-3-4B-it,Q5_K_M,190,0,0.9668744404501324,0.0253400209425368,0.1898141367877576,0.0200049556553294,0.6991244759451649,0.0686903429600581
MAIN-094,Gemma-3-4B-it,Q6_K,190,0,0.984610174637096,0.0182447073796584,0.1993155567024482,0.0223686348231563,0.7368790719001773,0.0848267853058369
MAIN-094,Phi-4-mini-instruct,Q3_K_M,190,0,0.5194333348216319,0.1791697760363494,0.0769342751958189,0.0445940827531426,0.2140348335172236,0.1559931783807712
MAIN-094,Phi-4-mini-instruct,Q4_K_M,190,0,0.4331941870328319,0.1850789066786723,0.0644300451091296,0.0346726906098545,0.1822018345307417,0.1239061760786815
MAIN-094,Phi-4-mini-instruct,Q5_K_M,190,0,0.529232385862841,0.2214927632586066,0.0695792614855548,0.0299179830240083,0.1858591284436998,0.1097965444056196
MAIN-094,Phi-4-mini-instruct,Q6_K,190,0,0.600999412835071,0.1861153755260073,0.0944693238745844,0.0386548946216397,0.2863036211469402,0.1453691175900734
MAIN-094,Qwen-MediCare-BD,Q3_K_M,190,0,0.7733194434051276,0.1599265190659053,0.1716628086334977,0.057159110305761,0.5300690464954108,0.1733784319547016
MAIN-094,Qwen-MediCare-BD,Q4_K_M,190,0,0.5303430699486844,0.2571032460496079,0.1429662853143969,0.1050097148638758,0.3850594892112084,0.2173571521364413
MAIN-094,Qwen-MediCare-BD,Q5_K_M,190,0,0.4707174334816989,0.1929481829482546,0.1484276016594666,0.08202089307889,0.3449840998853321,0.1644620679205753
MAIN-094,Qwen-MediCare-BD,Q6_K,190,0,0.3424781635239309,0.2543194225011796,0.1345666356926648,0.1696815090143756,0.2592265449598768,0.2083490281344623
MAIN-095,Gemma-3-4B-it,Q3_K_M,190,0,0.971552889192806,0.0229532106401111,0.2484286870006496,0.0269505698452321,0.8188546408840434,0.0461009325745567
MAIN-095,Gemma-3-4B-it,Q4_K_M,190,0,0.9789073654131554,0.0246857231376943,0.2632967397329472,0.0275706489671677,0.8398046657629046,0.0550922911550443
MAIN-095,Gemma-3-4B-it,Q5_K_M,190,0,0.8240785077257924,0.0817525347469023,0.1613184295115697,0.0286489301850233,0.5504301040459001,0.1051319793439354
MAIN-095,Gemma-3-4B-it,Q6_K,190,0,0.9002705361321839,0.0766142179370575,0.2094858144518735,0.0512961125594832,0.6757192403430272,0.1346587297186305
MAIN-095,Phi-4-mini-instruct,Q3_K_M,190,0,0.6823069443870508,0.1455477884504117,0.1538308514797481,0.0459121246900279,0.4433708655400296,0.1346702620976659
MAIN-095,Phi-4-mini-instruct,Q4_K_M,190,0,0.5982406553450985,0.2029500127543969,0.115107572858684,0.0508729003672616,0.3297160863935108,0.1642170129279035
MAIN-095,Phi-4-mini-instruct,Q5_K_M,190,0,0.6385803339814005,0.2133099018664261,0.1360505794930597,0.0570216989200159,0.4099042987497196,0.1655303275976107
MAIN-095,Phi-4-mini-instruct,Q6_K,190,0,0.7267905122840133,0.1245241431341095,0.1555480279891662,0.0375935930368052,0.468225745835819,0.1169971078258662
MAIN-095,Qwen-MediCare-BD,Q3_K_M,190,0,0.76718748924776,0.1373494395001294,0.1950861761576593,0.0545216564954954,0.5509982509847919,0.1465050605888052
MAIN-095,Qwen-MediCare-BD,Q4_K_M,190,0,0.4707184015307808,0.3104070435534822,0.2181694455134233,0.207789018641935,0.3891322935248975,0.2642014943982508
MAIN-095,Qwen-MediCare-BD,Q5_K_M,190,0,0.5505712105885623,0.2419034591166679,0.1752108256021935,0.1249486462314883,0.4076077178398876,0.2080337837069783
MAIN-095,Qwen-MediCare-BD,Q6_K,190,0,0.4537692847758308,0.2998386475196013,0.1434843668965592,0.1058969915738284,0.3463041467051285,0.2406532683721291
MAIN-096,Gemma-3-4B-it,Q3_K_M,190,0,0.93833923700118,0.0589736938598767,0.1787421829025578,0.0296336170789992,0.666590910956863,0.1210085417988932
MAIN-096,Gemma-3-4B-it,Q4_K_M,190,0,0.9158957364253796,0.0823810203312245,0.1725690379492387,0.038468573807345,0.6150194810381018,0.1395141802238303
MAIN-096,Gemma-3-4B-it,Q5_K_M,190,0,0.936610088682527,0.0541281818326318,0.1788386697672219,0.0337366885917043,0.6162450672836791,0.1224773302483015
MAIN-096,Gemma-3-4B-it,Q6_K,190,0,0.8879104851557962,0.0834522505584971,0.1505624060115257,0.0323970806629824,0.5324042076199529,0.1284997124399157
MAIN-096,Phi-4-mini-instruct,Q3_K_M,190,0,0.5856336892024818,0.2123760931080468,0.1158168283216579,0.0394207850714966,0.3521049968177639,0.1445713199896237
MAIN-096,Phi-4-mini-instruct,Q4_K_M,190,0,0.6265399420221975,0.2529685827885277,0.104459841023671,0.049512021484133,0.3172578483648035,0.1585825704850679
MAIN-096,Phi-4-mini-instruct,Q5_K_M,190,0,0.6312113648128903,0.1955566911384758,0.1039559594039861,0.0429433772618945,0.3154935365092575,0.1479050376514714
MAIN-096,Phi-4-mini-instruct,Q6_K,190,0,0.5826415670319038,0.1965839992178963,0.1155060895438733,0.0562342554974406,0.3363096125327705,0.1654268240832725
MAIN-096,Qwen-MediCare-BD,Q3_K_M,190,0,0.8002559990888477,0.2123701035437874,0.2292233733659109,0.099611488903067,0.6091705732808956,0.2224777623437451
MAIN-096,Qwen-MediCare-BD,Q4_K_M,190,0,0.792095112511538,0.134540012880467,0.2276876767006858,0.0595801428879053,0.5976422288294013,0.13786810990951
MAIN-096,Qwen-MediCare-BD,Q5_K_M,190,0,0.7871187342928108,0.2401815698923788,0.203682063697229,0.0924826936168941,0.5791810742743174,0.2071357862098344
MAIN-096,Qwen-MediCare-BD,Q6_K,190,0,0.7199808883919249,0.2677786501031393,0.2569658597780275,0.154466175296203,0.5833942878995474,0.241949260017773
MAIN-097,Gemma-3-4B-it,Q3_K_M,190,0,0.9570391854244762,0.038039320129624,0.17061600545208,0.0245865189593206,0.6731642015369653,0.0977084188888849
MAIN-097,Gemma-3-4B-it,Q4_K_M,190,0,0.9683793619373556,0.0255925232752878,0.2077163422096221,0.0318241883529874,0.7545320463444625,0.0839359479589188
MAIN-097,Gemma-3-4B-it,Q5_K_M,190,0,0.9886102553870788,0.0190467710459693,0.2541257702659699,0.0330752818677515,0.8432496656504047,0.0708760078901487
MAIN-097,Gemma-3-4B-it,Q6_K,190,0,0.98448931847094,0.023672017454974,0.2389909460826421,0.0309192546817443,0.824488396675797,0.0932663250503924
MAIN-097,Phi-4-mini-instruct,Q3_K_M,190,0,0.4692406098103233,0.2097638814372935,0.1070316427183444,0.0559162628401387,0.3066542461467298,0.1722682049229063
MAIN-097,Phi-4-mini-instruct,Q4_K_M,190,0,0.5700538385156819,0.25103636124601,0.1288080732204646,0.1002786868929762,0.3488585129298602,0.2045663733208592
MAIN-097,Phi-4-mini-instruct,Q5_K_M,190,0,0.6134199928996229,0.2496320280237724,0.1152873861839315,0.0806305380459329,0.3377429105023473,0.1817895868776825
MAIN-097,Phi-4-mini-instruct,Q6_K,190,0,0.6389936684201235,0.180478515832517,0.1171287068564631,0.0482235353723331,0.35439265022826,0.1558674306455069
MAIN-097,Qwen-MediCare-BD,Q3_K_M,190,0,0.6815572220314505,0.2754071064779648,0.1636377530684385,0.093169079495233,0.4820613488630244,0.2259931776668147
MAIN-097,Qwen-MediCare-BD,Q4_K_M,190,0,0.3952045500547592,0.3209619809907815,0.1265699249021415,0.1113225180971322,0.2933084516439938,0.252371458146389
MAIN-097,Qwen-MediCare-BD,Q5_K_M,190,0,0.2652988722558446,0.3250588974472733,0.1357233457901304,0.1989819043396136,0.2191567819172018,0.2716912292633943
MAIN-097,Qwen-MediCare-BD,Q6_K,190,0,0.4364646437114722,0.2865067481049066,0.112512519005456,0.0685026536864811,0.3080361234237451,0.223451563485958
MAIN-098,Gemma-3-4B-it,Q3_K_M,190,0,0.8792576513985523,0.1190970213910476,0.1183488025577026,0.0259436495777503,0.3585625983574781,0.0915791194212812
MAIN-098,Gemma-3-4B-it,Q4_K_M,190,0,0.6898601434198539,0.1710140573175616,0.089273623164198,0.0324739381721791,0.2749766210070193,0.1420230220542269
MAIN-098,Gemma-3-4B-it,Q5_K_M,190,0,0.9167316481301524,0.0704894530736037,0.1219600149707671,0.0217890035785125,0.4308421011082962,0.1197385183444111
MAIN-098,Gemma-3-4B-it,Q6_K,190,0,0.9775398066128776,0.0215582848891475,0.1434582029312658,0.0140828892040348,0.5463698700868628,0.0974719808906396
MAIN-098,Phi-4-mini-instruct,Q3_K_M,190,0,0.4240724295357125,0.2280819848914388,0.0789744365536251,0.0446957142047648,0.2222201973326305,0.1403584713421106
MAIN-098,Phi-4-mini-instruct,Q4_K_M,190,0,0.4748996174300488,0.2137041491141512,0.0687420468678104,0.035388741730106,0.1970066828801434,0.1255389422393865
MAIN-098,Phi-4-mini-instruct,Q5_K_M,190,0,0.5720973076712498,0.1611434658664574,0.0810295066255494,0.0397122140275465,0.2281286865198022,0.1570289831086774
MAIN-098,Phi-4-mini-instruct,Q6_K,190,0,0.4502868994095485,0.156839340752355,0.0558239675515184,0.0237514579717665,0.1458850439739333,0.0943163543242581
MAIN-098,Qwen-MediCare-BD,Q3_K_M,190,0,0.3407839505986432,0.3406356392839584,0.1390487438720408,0.1517469786028124,0.2352792350978222,0.2501926026275325
MAIN-098,Qwen-MediCare-BD,Q4_K_M,190,0,0.7812060719970358,0.1700957347773024,0.1954903475730755,0.0641685870438052,0.5506143895698016,0.1707598827914635
MAIN-098,Qwen-MediCare-BD,Q5_K_M,190,0,0.4595635345870887,0.3181569121989301,0.136756951914109,0.1051981580982072,0.3328704998137748,0.2532885897490453
MAIN-098,Qwen-MediCare-BD,Q6_K,190,0,0.3653617785115198,0.2764682290352845,0.1598132302410628,0.1652851881545762,0.2785231863540366,0.207663912167201
MAIN-099,Gemma-3-4B-it,Q3_K_M,190,0,0.9055082272821532,0.0497837333155798,0.2063354683864019,0.0212971288608748,0.6870455751969599,0.064042910082928
MAIN-099,Gemma-3-4B-it,Q4_K_M,190,0,0.9101507990772346,0.0557513471278503,0.1747022348638481,0.0303858201771544,0.6288776857630459,0.0911466522792651
MAIN-099,Gemma-3-4B-it,Q5_K_M,190,0,0.988816813739344,0.0120086400774933,0.2747999035416775,0.0207835401514034,0.8445419646361867,0.0458782762893752
MAIN-099,Gemma-3-4B-it,Q6_K,190,0,0.9776422710996168,0.0227998478718992,0.2440577082874847,0.0259400923914132,0.8058795140326621,0.0627051938957992
MAIN-099,Phi-4-mini-instruct,Q3_K_M,190,0,0.7163959215537333,0.1598370447144347,0.2178179703560913,0.0669438400492895,0.5397254435469451,0.1501384456723738
MAIN-099,Phi-4-mini-instruct,Q4_K_M,190,0,0.6030786046004833,0.174182507757889,0.1483581033393853,0.0588602038541317,0.3971427993666858,0.1340242820931916
MAIN-099,Phi-4-mini-instruct,Q5_K_M,190,0,0.6467637636253302,0.2403454214919377,0.1671932792804308,0.0840111652434885,0.4587237596882618,0.1891259584320924
MAIN-099,Phi-4-mini-instruct,Q6_K,171,19,0.606827402764521,0.1383669811650378,0.1450123219136337,0.0473110593196593,0.4053881687650391,0.1264435378936874
MAIN-099,Qwen-MediCare-BD,Q3_K_M,190,0,0.4600033079934403,0.3709431719354198,0.1770334532212854,0.1312418248049921,0.3591380525053266,0.2874954383633001
MAIN-099,Qwen-MediCare-BD,Q4_K_M,190,0,0.4934758518806775,0.3756255984056739,0.1510713268659408,0.1212172136187146,0.3556522916543267,0.2757516257048573
MAIN-099,Qwen-MediCare-BD,Q5_K_M,190,0,0.5374824892021017,0.2658983089047183,0.1723728884302093,0.0941044249779434,0.4008357863070355,0.2119699387864689
MAIN-099,Qwen-MediCare-BD,Q6_K,190,0,0.4186623842383711,0.3378400805314335,0.1346546261104168,0.1275549219088177,0.3125307859418697,0.2598824235910243
MAIN-100,Gemma-3-4B-it,Q3_K_M,190,0,0.9326613904534076,0.0420147207518177,0.1794622910069596,0.0346810951826783,0.6210007634809327,0.1088584931882227
MAIN-100,Gemma-3-4B-it,Q4_K_M,190,0,0.9248349390307468,0.0691747996819663,0.1619505277999466,0.0356369721964186,0.557357937888161,0.1410853230441267
MAIN-100,Gemma-3-4B-it,Q5_K_M,190,0,0.8758914647417142,0.0767468325702069,0.1469776264175936,0.0269510759974455,0.5143383254335895,0.1072944862643155
MAIN-100,Gemma-3-4B-it,Q6_K,190,0,0.9353853178110147,0.0608965520210929,0.1789607539613881,0.0290910240768904,0.6369547450220678,0.114875394535279
MAIN-100,Phi-4-mini-instruct,Q3_K_M,190,0,0.3271042785375264,0.1899905725822559,0.074591296782657,0.0413675368963598,0.1983298328467018,0.1169892396065119
MAIN-100,Phi-4-mini-instruct,Q4_K_M,190,0,0.3685765564861805,0.1902435940819542,0.0550229460633521,0.0329680093617903,0.1500749215212652,0.1017456175182424
MAIN-100,Phi-4-mini-instruct,Q5_K_M,190,0,0.3087830809987012,0.2021176436827444,0.0479016513170608,0.0281059097622807,0.1206409158895228,0.0824287342209594
MAIN-100,Phi-4-mini-instruct,Q6_K,190,0,0.4148225163947836,0.178100609193857,0.0622143212025714,0.028655406838463,0.1639195108274718,0.0892284773860748
MAIN-100,Qwen-MediCare-BD,Q3_K_M,190,0,0.5413936472143869,0.322874115721744,0.2312707696328356,0.2434270370909549,0.4124436094087541,0.2790095730442581
MAIN-100,Qwen-MediCare-BD,Q4_K_M,190,0,0.813791956499365,0.1754635165094555,0.2647536180569357,0.0987584016167372,0.6527852938255609,0.1949445073085484
MAIN-100,Qwen-MediCare-BD,Q5_K_M,190,0,0.6231218935367603,0.314638888242675,0.2038600279520413,0.1155538563504353,0.4861944275261262,0.2651391390101816
MAIN-100,Qwen-MediCare-BD,Q6_K,190,0,0.4040120283534801,0.3559279357422939,0.1954055746871333,0.208105312335498,0.3364420282914301,0.3044780821895676
