input_id,model,quant_level,n_pairs,n_skipped_pairs_x,bertscore_f1_mean,bertscore_f1_std,rougeL_f1_mean,rougeL_f1_std,n_skipped_pairs_y,medcon_f1_mean,medcon_f1_std,mean_cui_count,n_skipped_numeric,numeric_jaccard_mean,numeric_jaccard_std,mean_fact_count
MAIN-001,Gemma-3-4B-it,Q3_K_M,190,0,0.8237952169619108,0.027222304914091486,0.6150116069819027,0.06040541559808821,0,0.6934139392626889,0.07581991185151911,146.45,0,0.4771929824561403,0.39885972562607475,1.3
MAIN-001,Gemma-3-4B-it,Q4_K_M,190,0,0.7852888273565393,0.03963296878276686,0.48315431330762304,0.0791326221281882,0,0.6479725658266752,0.0964088060959055,180.6,0,0.39149749373433584,0.37270867083294584,2.55
MAIN-001,Gemma-3-4B-it,Q5_K_M,190,0,0.7942534437305049,0.02558162977484223,0.5190702816391259,0.06163929469394092,0,0.7227046492421978,0.056909068371790106,190.65,0,0.4263157894736842,0.49584741771449736,1.3
MAIN-001,Gemma-3-4B-it,Q6_K,190,0,0.8117185175418854,0.026177210876334314,0.5561393228265591,0.06745250827009468,0,0.7096871833858218,0.06876769914465304,190.0,0,0.33157894736842103,0.42895956927953893,1.5
MAIN-001,Phi-4-mini-instruct,Q3_K_M,190,0,0.6787982818327452,0.04349501816829093,0.27350651227711803,0.05878665316008258,0,0.42442764109873676,0.0932234814419559,74.6,0,0.31842105263157894,0.45707562684414793,0.65
MAIN-001,Phi-4-mini-instruct,Q4_K_M,190,0,0.6741355783060977,0.061124352743648726,0.2821637697339882,0.06302376345655586,0,0.3880695569724682,0.10693586323802737,63.15,0,0.4263157894736842,0.4958474177144974,0.75
MAIN-001,Phi-4-mini-instruct,Q5_K_M,190,0,0.6893043998040651,0.04410771572391041,0.286780688230008,0.07656904115392349,0,0.46736470885260434,0.09735354328272774,59.2,0,0.4263157894736842,0.4958474177144974,0.7
MAIN-001,Phi-4-mini-instruct,Q6_K,190,0,0.7071151131077816,0.057045658105114375,0.3246577198491388,0.1077334535195449,0,0.46425641164285636,0.12957117687815872,50.1,0,0.3631578947368421,0.48218037231442745,0.65
MAIN-001,Qwen-MediCare-BD,Q3_K_M,190,0,0.5576656073331833,0.06059264462708614,0.13551809195393932,0.041975415200226594,0,0.25059348908842966,0.12094177790549852,71.2,0,0.0387719298245614,0.17215721772471754,1.65
MAIN-001,Qwen-MediCare-BD,Q4_K_M,190,0,0.663098826220161,0.03920409209083245,0.2445715301911789,0.0734083624717584,0,0.32228025520567966,0.1309760562963057,83.5,0,0.040964912280701746,0.12380625258979193,1.95
MAIN-001,Qwen-MediCare-BD,Q5_K_M,190,0,0.6653087546950892,0.0657166017981871,0.2827833773749547,0.08063042031841622,0,0.4071499810676682,0.10195672752992642,74.2,0,0.07018170426065162,0.1459259434062747,2.35
MAIN-001,Qwen-MediCare-BD,Q6_K,190,0,0.7038457299533644,0.037304584013264995,0.3265230532830024,0.0739395287919058,0,0.405374752402379,0.11736421451717041,65.4,0,0.060187969924812026,0.14258101050598398,2.1
MAIN-002,Gemma-3-4B-it,Q3_K_M,0,190,,,,,190,,,,190,,,0.0
MAIN-002,Gemma-3-4B-it,Q4_K_M,190,0,0.8446663859643434,0.023890843856222328,0.6373607565599976,0.0628854393322449,0,0.7967503062266288,0.04540077379855167,102.3,0,1.0,0.0,1.0
MAIN-002,Gemma-3-4B-it,Q5_K_M,190,0,0.8449376639566923,0.033480637302673186,0.645800771089867,0.08629118893181267,0,0.8004447086363783,0.09041462725957522,95.65,0,1.0,0.0,1.0
MAIN-002,Gemma-3-4B-it,Q6_K,190,0,0.815436525721299,0.027955581900395366,0.5526634236363863,0.0790747241548001,0,0.653775053761133,0.07290682347748813,98.9,0,1.0,0.0,1.0
MAIN-002,Phi-4-mini-instruct,Q3_K_M,190,0,0.6556817886076476,0.039268445331817614,0.2917350859090431,0.08373137221817113,0,0.4578511939511221,0.12922975706674011,54.9,0,0.5741228070175438,0.3101908481301212,1.95
MAIN-002,Phi-4-mini-instruct,Q4_K_M,190,0,0.631282366733802,0.04413183104567714,0.2123712491137348,0.05379402180982942,0,0.488389378791074,0.1236604082138678,80.85,0,0.34210526315789475,0.3277696358531707,1.6
MAIN-002,Phi-4-mini-instruct,Q5_K_M,190,0,0.6439974413106316,0.03993024538118774,0.22174293796618977,0.06643319585950336,0,0.46996966448664906,0.12082319740212252,74.65,0,0.525877192982456,0.3011758596217279,1.5
MAIN-002,Phi-4-mini-instruct,Q6_K,190,0,0.658625706873442,0.04157971454239126,0.24196021476087537,0.052065676780566617,0,0.5318231859183961,0.10044679012080703,79.65,0,0.4754385964912281,0.23667103984412707,1.95
MAIN-002,Qwen-MediCare-BD,Q3_K_M,190,0,0.5882397375608746,0.11059489574292784,0.23348368040805817,0.1363264253588957,0,0.4049546319188699,0.14731998681456165,45.1,0,0.6776002506265664,0.38241011557671395,1.45
MAIN-002,Qwen-MediCare-BD,Q4_K_M,190,0,0.6185463944548055,0.05438355734030927,0.17872375184187983,0.060686901712269245,0,0.3526753487676147,0.1772492586305213,62.1,0,0.1247953216374269,0.2624722929569275,1.85
MAIN-002,Qwen-MediCare-BD,Q5_K_M,190,0,0.6302730320315612,0.06603556355554631,0.19818927243257212,0.10374481937675749,0,0.3091429644358127,0.15126078519171665,67.6,0,0.18583333333333332,0.2779416844465199,2.9
MAIN-002,Qwen-MediCare-BD,Q6_K,190,0,0.6483594662264773,0.054321801119761204,0.23104484408193213,0.08803119205538672,0,0.40138401008911667,0.1374024794783836,60.55,0,0.3270885547201337,0.42926685127418784,2.0
MAIN-003,Gemma-3-4B-it,Q3_K_M,190,0,0.8051946191411269,0.02550799622887151,0.4969301759087071,0.06795083478001306,0,0.67854772849618,0.06430705460386962,179.05,0,1.0,0.0,0.0
MAIN-003,Gemma-3-4B-it,Q4_K_M,190,0,0.8030234427828538,0.01845546197512215,0.5063599893424703,0.06118144842446199,0,0.6975714827732624,0.05014676776397467,179.4,0,1.0,0.0,0.0
MAIN-003,Gemma-3-4B-it,Q5_K_M,171,19,0.8069814325076098,0.02343429393199922,0.5003941772531226,0.06882518981241421,19,0.7150185213053987,0.06379096920987484,168.8421052631579,19,1.0,0.0,0.0
MAIN-003,Gemma-3-4B-it,Q6_K,190,0,0.8158584202590742,0.03177848270286784,0.5081044158188583,0.07968422917340609,0,0.6961830953391918,0.06463759183504834,171.7,0,1.0,0.0,0.0
MAIN-003,Phi-4-mini-instruct,Q3_K_M,190,0,0.6805182444421869,0.053069580480473645,0.271571659421908,0.09493351305275974,0,0.37177570417235944,0.1766756492482477,74.05,0,0.9,0.30079260375911915,0.05
MAIN-003,Phi-4-mini-instruct,Q4_K_M,190,0,0.6682206395425294,0.03564132197599761,0.22875240438806657,0.07182932110816263,0,0.37892335321462256,0.159964807016395,84.2,0,1.0,0.0,0.0
MAIN-003,Phi-4-mini-instruct,Q5_K_M,190,0,0.6844723171309421,0.07136874374530032,0.3010790127664525,0.13005313151498307,0,0.43530550180836364,0.22667605337444202,62.95,0,0.9,0.30079260375911915,0.05
MAIN-003,Phi-4-mini-instruct,Q6_K,190,0,0.7217339540782728,0.06614846470402165,0.34012180890867166,0.14517821406377332,0,0.4458982214126642,0.16531649456262804,60.55,0,1.0,0.0,0.0
MAIN-003,Qwen-MediCare-BD,Q3_K_M,190,0,0.5230528059758638,0.07466664051403658,0.11691548992483637,0.06684862038014362,0,0.14504760494383925,0.11518874465850114,52.6,0,0.3473684210526316,0.4773919679477084,0.7
MAIN-003,Qwen-MediCare-BD,Q4_K_M,190,0,0.6540710223348517,0.033536477312512254,0.22461812091693906,0.05346340840002993,0,0.3322700197297485,0.1312342147021861,113.15,0,0.1299122807017544,0.3000857087464017,1.6
MAIN-003,Qwen-MediCare-BD,Q5_K_M,190,0,0.6533778378837987,0.0423190399299361,0.23314475386297367,0.05861583848371978,0,0.3529503674640731,0.13284471402794398,121.85,0,0.03409147869674185,0.13820585589754092,2.25
MAIN-003,Qwen-MediCare-BD,Q6_K,190,0,0.7045280164793918,0.03392704233121588,0.309550175251435,0.06859036972130975,0,0.4028131776890294,0.14057978139658864,99.5,0,0.2776315789473684,0.4268211717983522,1.55
MAIN-004,Gemma-3-4B-it,Q3_K_M,190,0,0.7659893177057567,0.03690515963412152,0.46199861227372563,0.09105775830043782,0,0.6684662814830575,0.08217640997802737,95.5,0,0.7789473684210526,0.26609518267951177,1.8
MAIN-004,Gemma-3-4B-it,Q4_K_M,190,0,0.7645684938681753,0.06192523961336446,0.43670360451036594,0.13104601974207833,0,0.7116523828762692,0.10155745254880061,98.9,0,0.7473684210526316,0.2987955027048553,1.9
MAIN-004,Gemma-3-4B-it,Q5_K_M,190,0,0.7449311199941133,0.0293227508048031,0.3940987668743593,0.08296289510007314,0,0.659100889033138,0.07503815447446939,123.85,0,0.6189473684210526,0.26724595948114793,1.7
MAIN-004,Gemma-3-4B-it,Q6_K,190,0,0.7767463765646282,0.04287387220478251,0.4847076717953257,0.12126891131902527,0,0.6731580054664078,0.08506258221249564,132.6,0,0.7605263157894737,0.2834713081582773,1.85
MAIN-004,Phi-4-mini-instruct,Q3_K_M,190,0,0.6537749259095443,0.04112825972734605,0.2487320614365021,0.06442752125265758,0,0.5457358544717044,0.10178267185522342,83.8,0,0.6179824561403509,0.2789757653358605,1.95
MAIN-004,Phi-4-mini-instruct,Q4_K_M,190,0,0.6880037263820046,0.03334857282415789,0.29442604849223325,0.05726967646872551,0,0.6506841110199775,0.08707478818336571,79.6,0,0.7228070175438596,0.25729854915161465,1.4
MAIN-004,Phi-4-mini-instruct,Q5_K_M,190,0,0.657919874473622,0.06741989932296977,0.24374809177574694,0.07694319914225846,0,0.5284900225629179,0.19066681942854324,89.6,0,0.8657894736842106,0.22215433382393995,1.85
MAIN-004,Phi-4-mini-instruct,Q6_K,190,0,0.6803133424959684,0.030385640910424908,0.2700016249211697,0.04656692022210942,0,0.6029169534377326,0.1022221748387588,86.85,0,0.8105263157894737,0.23584005769486083,2.1
MAIN-004,Qwen-MediCare-BD,Q3_K_M,190,0,0.5901894029818083,0.10475746408203536,0.247029604367997,0.1668599592053142,0,0.5762996428105229,0.15882379115897377,53.9,0,0.3394736842105263,0.4255649675805768,1.2
MAIN-004,Qwen-MediCare-BD,Q4_K_M,190,0,0.6325353887520339,0.04474463411250017,0.2134734416406383,0.0536460976599149,0,0.5202685591320403,0.10363360960642119,71.2,0,0.24422932330827066,0.24962022482373045,2.6
MAIN-004,Qwen-MediCare-BD,Q5_K_M,190,0,0.6084068364218662,0.05811172273500907,0.18851625964117175,0.08042350638365175,0,0.33544826951498063,0.1622716841470203,70.95,0,0.38028404344193817,0.35896776865485697,2.05
MAIN-004,Qwen-MediCare-BD,Q6_K,190,0,0.605682237838444,0.049844366121127304,0.16732505259042071,0.06265839031097344,0,0.3158427428244018,0.12013229002692681,78.85,0,0.19300125313283206,0.25321167583999377,2.35
MAIN-005,Gemma-3-4B-it,Q3_K_M,0,190,,,,,190,,,,190,,,0.0
MAIN-005,Gemma-3-4B-it,Q4_K_M,190,0,0.7744520595199184,0.027267248425551855,0.47934022464966836,0.06999847343538128,0,0.6708741752590309,0.07793951296072849,90.5,0,1.0,0.0,1.0
MAIN-005,Gemma-3-4B-it,Q5_K_M,190,0,0.8109840493453176,0.027573976641626287,0.5505911114877979,0.07059976702249997,0,0.6973342325307846,0.07360065731144444,88.75,0,1.0,0.0,1.0
MAIN-005,Gemma-3-4B-it,Q6_K,190,0,0.7899290633829017,0.02748034998179939,0.499842676778183,0.07248237867392639,0,0.6857368547566246,0.06790745643484009,92.0,0,1.0,0.0,1.0
MAIN-005,Phi-4-mini-instruct,Q3_K_M,190,0,0.6820887151517366,0.03245923009573991,0.3023264114029218,0.052040284811502205,0,0.4666845248769815,0.10669205610002534,66.55,0,1.0,0.0,1.0
MAIN-005,Phi-4-mini-instruct,Q4_K_M,190,0,0.6927305171364232,0.027991343241446767,0.3135755202124405,0.04419470444827706,0,0.5935009950408553,0.10864280825827966,74.5,0,0.95,0.15039630187955957,1.05
MAIN-005,Phi-4-mini-instruct,Q5_K_M,190,0,0.6899232607138784,0.032442800382320336,0.2929313282558083,0.05527383521551298,0,0.5675610932488245,0.08746055376559744,73.45,0,0.8657894736842106,0.22215433382393998,1.15
MAIN-005,Phi-4-mini-instruct,Q6_K,190,0,0.7030318024911378,0.024427166420205048,0.31542807901188324,0.04819479720598447,0,0.602683851091106,0.06941572481702218,68.95,0,1.0,0.0,1.0
MAIN-005,Qwen-MediCare-BD,Q3_K_M,190,0,0.5910583983910711,0.06473763638491131,0.24145172298160303,0.07442780823578987,0,0.4292119263712016,0.11366517758779579,46.1,0,0.8773684210526315,0.25622084772129206,1.2
MAIN-005,Qwen-MediCare-BD,Q4_K_M,190,0,0.65440806244549,0.04286946964317846,0.24646067775957642,0.08244285266438448,0,0.4211128582202768,0.12873914912256595,51.65,0,0.5210526315789473,0.5008764248619176,0.65
MAIN-005,Qwen-MediCare-BD,Q5_K_M,190,0,0.6554532618899095,0.049376807091500434,0.274633579682129,0.07697151304992654,0,0.39253642215243734,0.15200308923465516,54.55,0,0.7623308270676692,0.38329698297427106,1.35
MAIN-005,Qwen-MediCare-BD,Q6_K,190,0,0.6388860577031186,0.04596749086403013,0.2622585698266175,0.07516991468306942,0,0.46130076897656536,0.12377685282897155,53.45,0,0.7083333333333333,0.40831578625509285,1.05
MAIN-006,Gemma-3-4B-it,Q3_K_M,190,0,0.7713883679164083,0.026081987945654753,0.45375865126659726,0.06854412978754691,0,0.6629512794104097,0.04934095484276694,137.65,0,0.45271929824561413,0.3967496210023709,2.65
MAIN-006,Gemma-3-4B-it,Q4_K_M,190,0,0.753467375353763,0.03292334290571809,0.45764707687296197,0.06818005412350647,0,0.6382864132092069,0.0630671104811596,145.7,0,0.6199999999999999,0.41654918978822597,3.3
MAIN-006,Gemma-3-4B-it,Q5_K_M,190,0,0.7802297353744507,0.031394644442940545,0.5085927998955784,0.06706406576997882,0,0.7177760334803338,0.04977979280316632,139.05,0,0.3914035087719298,0.3887328723920301,2.5
MAIN-006,Gemma-3-4B-it,Q6_K,190,0,0.7783947056845615,0.029694472700196456,0.5202572185647921,0.06913822673155512,0,0.6642013506544379,0.07992098506421669,146.75,0,0.5260526315789474,0.3962358569818203,2.75
MAIN-006,Phi-4-mini-instruct,Q3_K_M,190,0,0.6227149398703324,0.04903647476331897,0.22309550902791522,0.06745496426202474,0,0.40211833441385486,0.15028220895465821,64.5,0,0.23508771929824565,0.40779423927826547,0.8
MAIN-006,Phi-4-mini-instruct,Q4_K_M,190,0,0.6362172032657423,0.04155656753402093,0.23242425437398215,0.050482076966847866,0,0.4796331874712914,0.10527805546786721,77.9,0,0.16578947368421051,0.3322280477719377,1.0
MAIN-006,Phi-4-mini-instruct,Q5_K_M,190,0,0.6463079628191496,0.04619441308317416,0.2176410084129723,0.06640334302524721,0,0.5071896534282025,0.10662327381865833,70.65,0,0.17763157894736842,0.35457612114703374,0.9
MAIN-006,Phi-4-mini-instruct,Q6_K,190,0,0.6401628839342217,0.05161905244858114,0.2117794032544178,0.06352713553647549,0,0.48733017838743564,0.14671075562455818,74.5,0,0.18771929824561406,0.34395946849728487,1.0
MAIN-006,Qwen-MediCare-BD,Q3_K_M,190,0,0.5594764279691796,0.07830700004168614,0.17964917304435413,0.08568566406685792,0,0.3443339283961915,0.12583482482092745,48.9,0,0.09092105263157894,0.25367629057718916,2.1
MAIN-006,Qwen-MediCare-BD,Q4_K_M,190,0,0.6513716983167749,0.0395688072786368,0.20133138713722415,0.05292924601292805,0,0.3321808131161257,0.1205636539191975,72.1,0,0.08908521303258146,0.25114120940303686,2.1
MAIN-006,Qwen-MediCare-BD,Q5_K_M,190,0,0.632523638010025,0.04471146956789573,0.19181922332610107,0.0614436048755909,0,0.2887457202404997,0.10480986009210687,89.35,0,0.09763385737069949,0.28092419152588455,1.7
MAIN-006,Qwen-MediCare-BD,Q6_K,190,0,0.6403284825776753,0.037916806890021894,0.20013367518070835,0.05639523041233881,0,0.34595656861684354,0.10415391348759095,78.9,0,0.0662781954887218,0.21124263077024863,1.85
MAIN-007,Gemma-3-4B-it,Q3_K_M,190,0,0.7827983551903774,0.0325022532032632,0.4679986901840628,0.08577612002162882,0,0.6755614509475819,0.07001563062896773,131.65,0,0.8657894736842106,0.22215433382393995,1.85
MAIN-007,Gemma-3-4B-it,Q4_K_M,190,0,0.8056133135368949,0.029255466573811048,0.5288639295030282,0.0786649551587661,0,0.6838037697612789,0.07875693783836087,138.85,0,0.45350877192982453,0.3455043832952092,1.7
MAIN-007,Gemma-3-4B-it,Q5_K_M,190,0,0.8588323806461535,0.026555141355476267,0.6599371964153794,0.07217302695606521,0,0.7718200915766877,0.05816808118467726,124.5,0,0.6763157894736842,0.2606810479188743,1.55
MAIN-007,Gemma-3-4B-it,Q6_K,190,0,0.8405922516396171,0.024478593865564915,0.6208231934875407,0.0626045689689749,0,0.7510708967161138,0.052539928084914034,138.0,0,0.663157894736842,0.2944508808005933,1.95
MAIN-007,Phi-4-mini-instruct,Q3_K_M,190,0,0.6624352687283566,0.040505026483402255,0.24694292320872546,0.0621134873702887,0,0.37682428196689327,0.15185273833146853,59.0,0,0.5342105263157895,0.30645484231214015,1.5
MAIN-007,Phi-4-mini-instruct,Q4_K_M,190,0,0.6626125825078863,0.03252800966628873,0.2518288969318334,0.05022269144644452,0,0.48452156646608513,0.1057756804738217,69.35,0,0.6333333333333334,0.3175033039679591,1.45
MAIN-007,Phi-4-mini-instruct,Q5_K_M,190,0,0.6806748340004369,0.03930175744847462,0.27530311814776637,0.054294783243194894,0,0.4449152453937384,0.1007784971275502,69.8,0,0.6552631578947369,0.26159488178206436,1.55
MAIN-007,Phi-4-mini-instruct,Q6_K,190,0,0.6973560590493052,0.031178723543788447,0.2935284351127974,0.05375280258353898,0,0.4526797362665507,0.10009775085684193,66.05,0,0.5921052631578947,0.30692901615814516,1.4
MAIN-007,Qwen-MediCare-BD,Q3_K_M,190,0,0.5754785062451112,0.08675190633766244,0.21688685647252912,0.0799976385567246,0,0.3750004420096504,0.13242928056316186,36.1,0,0.7744736842105262,0.30463620840015737,1.35
MAIN-007,Qwen-MediCare-BD,Q4_K_M,190,0,0.6276620618606868,0.07039875239558378,0.21033921447985807,0.10187429333826756,0,0.3131847889652441,0.16778183270001343,50.55,0,0.3453508771929824,0.3752526403321368,1.35
MAIN-007,Qwen-MediCare-BD,Q5_K_M,190,0,0.643705341690465,0.05835505068018966,0.22745197182297197,0.08686590890584955,0,0.3321752757572542,0.1389091115507601,58.0,0,0.3026315789473684,0.3840884043400214,1.3
MAIN-007,Qwen-MediCare-BD,Q6_K,190,0,0.6702154520310853,0.040972873198053886,0.3019258551293476,0.09396872698945047,0,0.37208906714676826,0.13724348237023135,69.75,0,0.2054095465937571,0.3114369253006326,2.25
MAIN-008,Gemma-3-4B-it,Q3_K_M,190,0,0.7714223902476461,0.019781591020778217,0.4697539084424715,0.05502656771719685,0,0.6453255178160956,0.05787807619064922,160.95,0,0.7723684210526316,0.21527760934587964,2.85
MAIN-008,Gemma-3-4B-it,Q4_K_M,190,0,0.75650550691705,0.049825052361616114,0.41486252160382875,0.0890500268150619,0,0.6551308116188782,0.08149011703801454,148.4,0,0.7377192982456141,0.24609484373383309,2.6
MAIN-008,Gemma-3-4B-it,Q5_K_M,190,0,0.7999405264854431,0.030628006294201038,0.5527611012574987,0.06742244260543405,0,0.7278874396054112,0.06535954608391803,165.85,0,0.7979824561403509,0.25692700724322604,2.9
MAIN-008,Gemma-3-4B-it,Q6_K,190,0,0.8122236747490732,0.023136614421092657,0.5583151177032272,0.05899830289326898,0,0.7343697428112923,0.050119146039161386,167.85,0,0.9666666666666666,0.10026420125303973,2.95
MAIN-008,Phi-4-mini-instruct,Q3_K_M,190,0,0.6522993097179814,0.03610535347881888,0.24604291908006887,0.045502070163309066,0,0.4664311033604327,0.09600053827002593,91.8,0,0.4178947368421053,0.2867056503707521,2.0
MAIN-008,Phi-4-mini-instruct,Q4_K_M,190,0,0.6543590865637127,0.03455928477167341,0.23292566962308558,0.0460904068598539,0,0.4739084830233093,0.11072027548939241,99.3,0,0.22894736842105262,0.4063481457536285,0.95
MAIN-008,Phi-4-mini-instruct,Q5_K_M,190,0,0.6528579002932499,0.027464986201410423,0.2169038260957356,0.04347792895810106,0,0.42512678901979595,0.10066775809247722,100.5,0,0.16052631578947368,0.2834713081582773,1.25
MAIN-008,Phi-4-mini-instruct,Q6_K,190,0,0.667021274880359,0.0312592178828377,0.2379075791270215,0.0534015488295781,0,0.46239189291092014,0.11019850188434539,98.15,0,0.23763157894736842,0.3046242738257129,1.6
MAIN-008,Qwen-MediCare-BD,Q3_K_M,190,0,0.5713542892744666,0.08135456065535976,0.15025846846774804,0.03938153416540809,0,0.2770424120627498,0.1177228049326578,63.1,0,0.22105263157894736,0.36405362421897564,1.0
MAIN-008,Qwen-MediCare-BD,Q4_K_M,190,0,0.5931424177006671,0.058349687270069825,0.17165082463128212,0.05257077773138978,0,0.30512472103146887,0.13838566447772627,68.5,0,0.09770245836035309,0.25692708814239074,2.8
MAIN-008,Qwen-MediCare-BD,Q5_K_M,190,0,0.6443661879552038,0.06020926266835836,0.21816518620154957,0.08400312596262333,0,0.4117332730105451,0.1477778636001015,72.75,0,0.25004530557162136,0.34335566738663503,1.85
MAIN-008,Qwen-MediCare-BD,Q6_K,190,0,0.6428285990890704,0.07880167690129838,0.22549296880994757,0.07940144799481165,0,0.32468863241492846,0.12969134895549295,56.5,0,0.2132080200501253,0.39614253694286117,1.15
MAIN-009,Gemma-3-4B-it,Q3_K_M,190,0,0.82721142737489,0.019584644851906745,0.5957498306694632,0.05074581610206721,0,0.7282378857876606,0.04610148561306449,111.15,0,0.6947368421052632,0.2618756470994713,1.4
MAIN-009,Gemma-3-4B-it,Q4_K_M,190,0,0.8261613560350318,0.0364679837758903,0.6320391636600553,0.07079746351162003,0,0.7660184589173519,0.052614101144084054,117.9,0,0.6052631578947368,0.4900854954141897,0.75
MAIN-009,Gemma-3-4B-it,Q5_K_M,190,0,0.8340005291135688,0.03493724770951088,0.6520082653320101,0.07312448091298267,0,0.751117733062897,0.06612644351532253,123.85,0,1.0,0.0,1.0
MAIN-009,Gemma-3-4B-it,Q6_K,190,0,0.8338450635734357,0.03456240394694438,0.6519409563613973,0.06371026230417878,0,0.769645650449465,0.060224355413257505,125.7,0,0.6307017543859649,0.37172094327289085,1.2
MAIN-009,Phi-4-mini-instruct,Q3_K_M,190,0,0.7069052015480243,0.02767494688495855,0.3058808232136137,0.052968169051910735,0,0.38531507398322357,0.1216176531780436,54.9,0,0.6701754385964913,0.338130339681059,1.65
MAIN-009,Phi-4-mini-instruct,Q4_K_M,190,0,0.6969168148542705,0.03865124580428794,0.3123956512236842,0.05510110100671136,0,0.42484077779675655,0.11170167754374692,65.8,0,0.8315789473684211,0.23693955110363693,1.8
MAIN-009,Phi-4-mini-instruct,Q5_K_M,190,0,0.7146929703260723,0.03152613434479196,0.33426194096884704,0.0549208305576283,0,0.45064165617384766,0.10780466986226421,62.1,0,0.7105263157894737,0.2824584753713475,1.6
MAIN-009,Phi-4-mini-instruct,Q6_K,190,0,0.7225926458835602,0.036617922404714495,0.34024214720655205,0.0596067026372085,0,0.43319061741700765,0.13312384814947473,56.25,0,0.7258771929824561,0.26457228048185394,1.8
MAIN-009,Qwen-MediCare-BD,Q3_K_M,190,0,0.5831234957042494,0.059526875171566414,0.18470405883586002,0.053922580754742606,0,0.31792116103891926,0.12356301441640562,56.15,0,0.6079072681704261,0.3682443332117455,1.55
MAIN-009,Qwen-MediCare-BD,Q4_K_M,190,0,0.670868719565241,0.06587887085744036,0.26747438593838563,0.10168993490243967,0,0.2912964528462797,0.14825554242527772,57.8,0,0.25394736842105264,0.4352797523705025,0.9
MAIN-009,Qwen-MediCare-BD,Q5_K_M,190,0,0.6269978813434902,0.07795675142708215,0.20889787508331129,0.0752978229054593,0,0.29219096173686426,0.12332879415349746,69.1,0,0.08114035087719298,0.24243919741240097,1.6
MAIN-009,Qwen-MediCare-BD,Q6_K,190,0,0.7140760581744344,0.05253548672980615,0.3388450025232981,0.10883314776942206,0,0.375265428473485,0.1420388425272653,45.55,0,0.28043859649122804,0.4429128179306412,0.8
MAIN-010,Gemma-3-4B-it,Q3_K_M,0,190,,,,,190,,,,190,,,0.0
MAIN-010,Gemma-3-4B-it,Q4_K_M,190,0,0.8162556613746442,0.036678390944697596,0.5750799883396227,0.08790793674720629,0,0.6500950524257765,0.11070005320690272,64.65,0,0.8552631578947368,0.23871056661638076,1.85
MAIN-010,Gemma-3-4B-it,Q5_K_M,190,0,0.8239893950914082,0.02469306238157563,0.576554280814206,0.07605610128877385,0,0.6732551888597074,0.10630934352183759,68.65,0,0.8657894736842106,0.22215433382393995,1.85
MAIN-010,Gemma-3-4B-it,Q6_K,190,0,0.8195817269776997,0.028974445794968755,0.5501271578392045,0.08106966945159266,0,0.6821605194640723,0.10410004602860595,68.5,0,0.3815789473684211,0.44889945561067846,0.75
MAIN-010,Phi-4-mini-instruct,Q3_K_M,190,0,0.6719802972517516,0.050759283474046346,0.2861964178067073,0.06267663945854184,0,0.36181283250924395,0.1102168534593367,45.05,0,0.5447368421052632,0.28977036011027857,1.5
MAIN-010,Phi-4-mini-instruct,Q4_K_M,190,0,0.6643006917677428,0.05580243486441835,0.3103597507235347,0.09509152668666052,0,0.4531126962059424,0.10887851842415631,40.3,0,0.7394736842105263,0.25738421689428476,1.35
MAIN-010,Phi-4-mini-instruct,Q5_K_M,190,0,0.6896363957932121,0.04291460587042857,0.32621351151028327,0.07705156326356767,0,0.4733522201023469,0.09730925501735424,50.15,0,0.6096491228070176,0.25451916542665165,1.55
MAIN-010,Phi-4-mini-instruct,Q6_K,190,0,0.6819480180740356,0.058099171485152555,0.34332514555378546,0.09952257765003335,0,0.4383912444671957,0.19515699458823313,41.65,0,0.575,0.25249344436516347,1.7
MAIN-010,Qwen-MediCare-BD,Q3_K_M,190,0,0.6064918127499128,0.10256918483005033,0.262823872302426,0.10407342291114628,0,0.4118810661641796,0.12557122611184962,36.85,0,0.7885964912280701,0.2523582268315953,1.25
MAIN-010,Qwen-MediCare-BD,Q4_K_M,190,0,0.630914244526311,0.04293307381455763,0.24811648476530573,0.07207529971471227,0,0.337258082537664,0.12465159459268776,81.4,0,0.17719298245614037,0.37508417735668986,0.85
MAIN-010,Qwen-MediCare-BD,Q5_K_M,190,0,0.6473758851227007,0.04443068549316551,0.22429122586398373,0.06221128686289083,0,0.29760705571975277,0.10255302230333889,97.35,0,0.06591060985797828,0.17568382394352708,2.1
MAIN-010,Qwen-MediCare-BD,Q6_K,190,0,0.6933666370416942,0.05692773838254122,0.34780315511344495,0.0995798864931314,0,0.4602706926983559,0.12057966881261716,55.3,0,0.5874561403508771,0.3339662722839495,1.45
MAIN-011,Gemma-3-4B-it,Q3_K_M,190,0,0.7673022201186732,0.024736061107087263,0.4301629026148588,0.057765445041380446,0,0.6992729214672223,0.05264098159803258,167.45,0,0.6421052631578947,0.480647479389055,0.2
MAIN-011,Gemma-3-4B-it,Q4_K_M,190,0,0.7996811427568135,0.021003861452248036,0.5380775929188559,0.05672088049971233,0,0.7742292553275733,0.04670537660960938,167.3,0,0.9,0.3007926037591192,0.05
MAIN-011,Gemma-3-4B-it,Q5_K_M,190,0,0.7861203388163918,0.030936060502948733,0.5127478862664475,0.07245036495447199,0,0.7175157655473203,0.07961764508679026,162.35,0,1.0,0.0,0.0
MAIN-011,Gemma-3-4B-it,Q6_K,190,0,0.7863812198764399,0.026943160114266063,0.5010883021406256,0.06052265348718928,0,0.7087977419074617,0.051138149181504035,170.25,0,0.9,0.30079260375911915,0.05
MAIN-011,Phi-4-mini-instruct,Q3_K_M,190,0,0.6275481682074697,0.06465774882122019,0.18282998011280682,0.06642992534446772,0,0.35746838829936267,0.1672346295743579,101.05,0,0.42807017543859655,0.49491989006027687,0.45
MAIN-011,Phi-4-mini-instruct,Q4_K_M,190,0,0.6347259063469736,0.028079002548417165,0.192567719731036,0.043947034693637615,0,0.41575237896399386,0.11174490755633275,88.25,0,1.0,0.0,0.0
MAIN-011,Phi-4-mini-instruct,Q5_K_M,190,0,0.6475746117140118,0.028069393419756762,0.20962827913708665,0.04019813358684109,0,0.3973425400677574,0.12674561592424774,103.85,0,0.9,0.30079260375911915,0.05
MAIN-011,Phi-4-mini-instruct,Q6_K,190,0,0.6368336219536631,0.03618504110432574,0.195382131653836,0.048892744682439614,0,0.3666447505004093,0.11177297258645894,91.35,0,0.9,0.30079260375911915,0.05
MAIN-011,Qwen-MediCare-BD,Q3_K_M,190,0,0.52352395810579,0.057206817202359476,0.11701314846763473,0.0398059601213134,0,0.16185730141659677,0.09953357872480506,58.65,0,0.13925438596491227,0.34072982011091874,1.15
MAIN-011,Qwen-MediCare-BD,Q4_K_M,190,0,0.6633265774500997,0.041138909566663176,0.2561795408034758,0.07001979339991898,0,0.33895424493503223,0.12350950729294671,70.25,0,0.631578947368421,0.4836508334066744,0.4
MAIN-011,Qwen-MediCare-BD,Q5_K_M,190,0,0.6012558741004843,0.04566018656188556,0.17864799705298157,0.05058232771277587,0,0.3009843708661907,0.12258976475694154,95.1,0,0.09263157894736843,0.2756875408166189,1.4
MAIN-011,Qwen-MediCare-BD,Q6_K,190,0,0.6051565237735447,0.06353619146691718,0.20767376379835203,0.06722294060035995,0,0.33595776134316263,0.1241495273769965,68.15,0,0.17807017543859652,0.35924641190600803,1.4
MAIN-012,Gemma-3-4B-it,Q3_K_M,190,0,0.8034831570951562,0.02516924051611311,0.5406120449638586,0.06163974228946965,0,0.6847436223998852,0.0527844591734714,118.7,0,1.0,0.0,0.0
MAIN-012,Gemma-3-4B-it,Q4_K_M,190,0,0.8008431155430643,0.03469976362804071,0.5506436888612677,0.08522344772687886,0,0.7006531990072661,0.054166040511628794,129.3,0,1.0,0.0,0.0
MAIN-012,Gemma-3-4B-it,Q5_K_M,190,0,0.8257275113933965,0.038787811258526,0.6108721369310056,0.09783414510351497,0,0.7483504939169842,0.06460865848963689,135.85,0,1.0,0.0,0.0
MAIN-012,Gemma-3-4B-it,Q6_K,190,0,0.8220327559270357,0.02711731174112111,0.5943573148822849,0.07003318161884135,0,0.7295498850172615,0.052077967771875296,129.5,0,1.0,0.0,0.0
MAIN-012,Phi-4-mini-instruct,Q3_K_M,190,0,0.6540882198434127,0.04284324027005359,0.2342527793322848,0.0586944751166837,0,0.4363331117062731,0.09734899372691505,79.75,0,1.0,0.0,0.0
MAIN-012,Phi-4-mini-instruct,Q4_K_M,190,0,0.664088583619971,0.041340871406481676,0.23032807758075693,0.051721321440622275,0,0.44696850501294333,0.06322661188726698,69.4,0,0.5684210526315789,0.4966050154331745,0.25
MAIN-012,Phi-4-mini-instruct,Q5_K_M,190,0,0.6642315321847012,0.03285942850886315,0.24395572829339338,0.053305207934353255,0,0.46757281788834687,0.08633140757154426,74.25,0,0.29736842105263156,0.4451305272603543,0.8
MAIN-012,Phi-4-mini-instruct,Q6_K,190,0,0.6716042289608404,0.031210248899100207,0.2515137556813871,0.046469055678237205,0,0.4385047218300319,0.08991868433679845,69.8,0,0.21228070175438593,0.3852376632417798,0.9
MAIN-012,Qwen-MediCare-BD,Q3_K_M,190,0,0.5629976409046273,0.07413532824384096,0.13356138596463688,0.05318427869669168,0,0.2719789626170839,0.1335336962138101,54.95,0,0.07894736842105263,0.27036903521793754,0.85
MAIN-012,Qwen-MediCare-BD,Q4_K_M,190,0,0.6406343143237264,0.051978224301459514,0.21696326692590473,0.06560866047869425,0,0.3586723802093666,0.10801073317645991,63.7,0,0.4789473684210526,0.5008764248619176,0.5
MAIN-012,Qwen-MediCare-BD,Q5_K_M,190,0,0.6347207234094018,0.04620906121690138,0.197615381990962,0.05420840290374377,0,0.2725402299876989,0.10595076317952994,120.3,0,0.044878600931232505,0.13988540394173604,2.95
MAIN-012,Qwen-MediCare-BD,Q6_K,190,0,0.6771652441275747,0.049151191378190504,0.24021867535784674,0.07990034729288766,0,0.37063752443999365,0.10793422678765759,72.75,0,0.09496240601503761,0.24292231158139457,1.9
MAIN-013,Gemma-3-4B-it,Q3_K_M,0,190,,,,,190,,,,190,,,0.0
MAIN-013,Gemma-3-4B-it,Q4_K_M,190,0,0.8638195473896829,0.03310300226848563,0.6118274163831865,0.09056748967139733,0,0.724725811600344,0.07585043557430915,100.9,0,0.7245614035087721,0.4452825570202555,0.25
MAIN-013,Gemma-3-4B-it,Q5_K_M,190,0,0.88673114619757,0.025271665551485835,0.6920035118456873,0.07007255251381563,0,0.7793637914467086,0.06888792691994769,106.7,0,0.6631578947368421,0.4738791022072739,0.2
MAIN-013,Gemma-3-4B-it,Q6_K,190,0,0.8876148954818123,0.032515910382721475,0.7009106309096894,0.09317887453710767,0,0.78810775648683,0.09385214914708132,100.15,0,0.6052631578947368,0.4900854954141897,0.25
MAIN-013,Phi-4-mini-instruct,Q3_K_M,190,0,0.650751238747647,0.04839881632611415,0.24793340984728235,0.05724029766088886,0,0.3633242963898949,0.1076378743811139,65.25,0,0.1614035087719298,0.35090596744541,0.95
MAIN-013,Phi-4-mini-instruct,Q4_K_M,190,0,0.6621036218969445,0.03505974866134003,0.24411444036470234,0.045917854681131486,0,0.36296533798216263,0.1003348708653859,66.6,0,0.23157894736842105,0.4037556906787814,0.75
MAIN-013,Phi-4-mini-instruct,Q5_K_M,190,0,0.6677232209004854,0.04014092211630744,0.2359714106236408,0.05647178068322262,0,0.4174151943941793,0.10464490909309025,78.85,0,0.2508771929824561,0.33377280043573815,1.3
MAIN-013,Phi-4-mini-instruct,Q6_K,190,0,0.7041386036496413,0.03666971896815306,0.2876249985323712,0.06502315853824403,0,0.3980466445473382,0.11263348586913309,60.8,0,0.3377192982456141,0.39486497090249806,1.15
MAIN-013,Qwen-MediCare-BD,Q3_K_M,190,0,0.5682799732998798,0.08484100064784277,0.20072763326848725,0.07063875686956123,0,0.28393571399791384,0.13062939173459315,32.0,0,1.0,0.0,0.0
MAIN-013,Qwen-MediCare-BD,Q4_K_M,190,0,0.6483999807583658,0.040419486516937046,0.21820166613535355,0.052767538133919274,0,0.3263552761912295,0.11567225981588045,98.7,0,0.11175723399407611,0.18212789973748003,3.15
MAIN-013,Qwen-MediCare-BD,Q5_K_M,190,0,0.6260151132156975,0.04758059866892322,0.1847424883229025,0.0728887134368002,0,0.2949088272133433,0.18561672325397002,114.6,0,0.17727462595883647,0.3568985798643878,1.75
MAIN-013,Qwen-MediCare-BD,Q6_K,190,0,0.643867467735943,0.09818079514873175,0.26681220842150744,0.07219265634333298,0,0.35414821303872984,0.10477796187636002,75.5,0,0.07595883648515227,0.13935370454740903,3.4
MAIN-014,Gemma-3-4B-it,Q3_K_M,190,0,0.8315360869231977,0.028398785407351777,0.6425641257983742,0.06296343743047791,0,0.7268406592616026,0.0539106570748153,113.0,0,1.0,0.0,1.0
MAIN-014,Gemma-3-4B-it,Q4_K_M,190,0,0.8012240067908638,0.030531309502567706,0.5584800935939966,0.05841619115151264,0,0.7219408422377133,0.06559920609852936,134.35,0,0.5578947368421052,0.4979490098135241,0.7
MAIN-014,Gemma-3-4B-it,Q5_K_M,190,0,0.8698990881443024,0.024248159821870018,0.6990226069204434,0.052393640594799874,0,0.8302743997618763,0.041949430791988374,125.15,0,1.0,0.0,1.0
MAIN-014,Gemma-3-4B-it,Q6_K,190,0,0.8248632518868697,0.02669326856067442,0.5888346280586091,0.06765909501671112,0,0.74672091174475,0.049681212464622294,131.0,0,0.6631578947368421,0.4738791022072739,0.8
MAIN-014,Phi-4-mini-instruct,Q3_K_M,190,0,0.6815392299702293,0.03656602341941284,0.2763397613382441,0.0594835630118116,0,0.48871071185214865,0.10455662928652007,71.3,0,1.0,0.0,1.0
MAIN-014,Phi-4-mini-instruct,Q4_K_M,190,0,0.6885993631262528,0.03202833257866958,0.27113306365671,0.05434693792914918,0,0.5275507598710232,0.091246180198733,76.5,0,0.95,0.15039630187955957,1.05
MAIN-014,Phi-4-mini-instruct,Q5_K_M,190,0,0.6779995745734164,0.03404288282670342,0.2551341718282576,0.052271306114147605,0,0.5043556504437823,0.08637727298341846,77.1,0,1.0,0.0,1.0
MAIN-014,Phi-4-mini-instruct,Q6_K,190,0,0.6986098829068635,0.029808405130671584,0.29269827282468286,0.058909520659793685,0,0.5259466616476505,0.07675553451403232,78.85,0,1.0,0.0,1.0
MAIN-014,Qwen-MediCare-BD,Q3_K_M,190,0,0.5858147271369633,0.05888180652777729,0.18287824506313738,0.050358930357592264,0,0.34282276690693214,0.12092758200912358,59.35,0,0.8193713450292397,0.3029069152482166,1.45
MAIN-014,Qwen-MediCare-BD,Q4_K_M,190,0,0.6916058979536358,0.059682744452333736,0.2942935402140356,0.09734287994464622,0,0.4609175438286815,0.13703440997506194,50.1,0,0.8773684210526315,0.25622084772129206,1.2
MAIN-014,Qwen-MediCare-BD,Q5_K_M,190,0,0.6237465347114363,0.11451412763664172,0.24166498621612229,0.09220663723408143,0,0.3579074712038657,0.17950819428556586,61.0,0,0.717408293460925,0.3323219922756191,1.65
MAIN-014,Qwen-MediCare-BD,Q6_K,190,0,0.664959863926235,0.043060875782096,0.24690702761178412,0.07060961264826249,0,0.34784085970285245,0.10608429671422843,76.85,0,0.5554030910609857,0.3415546888196689,1.9
MAIN-015,Gemma-3-4B-it,Q3_K_M,190,0,0.7796286068464581,0.03189146264386029,0.4435700365892719,0.07250163734196913,0,0.6085551826372123,0.08809386304955126,118.2,0,0.6052631578947368,0.4900854954141897,0.25
MAIN-015,Gemma-3-4B-it,Q4_K_M,190,0,0.8117548239858527,0.0313393157851777,0.51255594239493,0.07626757908349818,0,0.6480200697858808,0.0987408969867831,112.5,0,0.5578947368421052,0.49794900981352397,0.7
MAIN-015,Gemma-3-4B-it,Q5_K_M,190,0,0.8502271049901059,0.029815069318656347,0.6136959117421504,0.07169704637965145,0,0.7232148508416365,0.08932544071914772,124.0,0,0.9,0.3007926037591192,0.95
MAIN-015,Gemma-3-4B-it,Q6_K,190,0,0.8398678704311974,0.03447012702374219,0.6075285547711313,0.08333444780800046,0,0.724237683106309,0.0925074319449233,126.25,0,1.0,0.0,1.0
MAIN-015,Phi-4-mini-instruct,Q3_K_M,190,0,0.6654383308009097,0.02946117462245242,0.23959658336995265,0.05131052809385508,0,0.4280228681562317,0.08840003239578667,86.4,0,0.30526315789473685,0.46173549336307773,0.55
MAIN-015,Phi-4-mini-instruct,Q4_K_M,190,0,0.6584035318148763,0.03554311786886869,0.22690827066779296,0.039193503382286964,0,0.4479966436356893,0.11735890701700823,82.0,0,0.3736842105263158,0.4712272677218621,0.7
MAIN-015,Phi-4-mini-instruct,Q5_K_M,190,0,0.662583580456282,0.03203061148231121,0.23434373602047873,0.03919678270658778,0,0.4339591582980055,0.09086696485582443,83.4,0,0.21228070175438593,0.35173384704247,1.1
MAIN-015,Phi-4-mini-instruct,Q6_K,190,0,0.663143969836988,0.029376693216417393,0.22413033690521467,0.04783866169300214,0,0.4230575070116783,0.0874451623247429,85.45,0,0.24473684210526317,0.38970257397962077,0.85
MAIN-015,Qwen-MediCare-BD,Q3_K_M,190,0,0.5372362124292474,0.07192826052469763,0.11627792051189145,0.04220744193264047,0,0.18048834638611647,0.12254071361654911,43.75,0,0.631578947368421,0.4836508334066745,0.9
MAIN-015,Qwen-MediCare-BD,Q4_K_M,190,0,0.6239006647938177,0.038204041542180905,0.18846418585846264,0.04177535890269051,0,0.2850841349727824,0.1238105008787675,83.3,0,0.21026315789473685,0.4038668047636188,1.5
MAIN-015,Qwen-MediCare-BD,Q5_K_M,190,0,0.6234892867113414,0.052428152897675474,0.20913510636804922,0.08154845440072028,0,0.3155917079919729,0.12078961647048424,97.8,0,0.08395989974937343,0.17871463495208678,2.6
MAIN-015,Qwen-MediCare-BD,Q6_K,190,0,0.6507810790287821,0.046512061826781304,0.23947272618352577,0.07040860861776303,0,0.2874686307365162,0.10544696587818059,64.0,0,0.05298872180451127,0.17298933531810598,1.75
MAIN-016,Gemma-3-4B-it,Q3_K_M,190,0,0.7576396390011436,0.034600503325272286,0.42664694176044227,0.09206065810260108,0,0.6382564111994425,0.06637322835572045,144.3,0,0.582468671679198,0.22243173514208764,3.2
MAIN-016,Gemma-3-4B-it,Q4_K_M,190,0,0.7324224723012824,0.04547002091772225,0.35492844841569576,0.09968941051344166,0,0.5975662768523173,0.0656788863522346,115.45,0,0.35463659147869675,0.2821337262999539,2.65
MAIN-016,Gemma-3-4B-it,Q5_K_M,190,0,0.7370881748826881,0.03265930858066078,0.3948418091869329,0.07618964340334348,0,0.6623127300093458,0.0649969897489679,156.95,0,0.5585964912280701,0.18093441011426636,3.5
MAIN-016,Gemma-3-4B-it,Q6_K,190,0,0.7882691047693554,0.02835504129170558,0.5167381982266106,0.07481233486872901,0,0.7099545032540532,0.06216064144126053,169.65,0,0.7612280701754386,0.21008441663310085,3.1
MAIN-016,Phi-4-mini-instruct,Q3_K_M,190,0,0.6340530147677974,0.03262623787598017,0.23933031340304325,0.04839677747938374,0,0.47102018364663534,0.10586171988469507,80.1,0,0.48394736842105257,0.22427210008260112,1.8
MAIN-016,Phi-4-mini-instruct,Q4_K_M,190,0,0.6443078473994607,0.03739654719588676,0.229674357124004,0.049858485630125245,0,0.44265519017511573,0.1317984092454366,99.5,0,0.4218421052631579,0.2165638032428944,2.25
MAIN-016,Phi-4-mini-instruct,Q5_K_M,190,0,0.6515793643499675,0.0228619590086506,0.21839444922845394,0.045239183939168454,0,0.4568260459292389,0.10280921018205849,104.85,0,0.39754385964912287,0.20128143889308972,2.4
MAIN-016,Phi-4-mini-instruct,Q6_K,190,0,0.6628486216068268,0.0381980489384367,0.24135629836490183,0.07229968432631607,0,0.4493376322120962,0.11445330772221955,96.05,0,0.42684210526315786,0.22123185048423263,2.65
MAIN-016,Qwen-MediCare-BD,Q3_K_M,190,0,0.5929408354194541,0.08199408714989803,0.2436456212759878,0.12826095224708225,0,0.374158490603832,0.2123807493748372,33.95,0,0.4564035087719298,0.30523300106255347,1.7
MAIN-016,Qwen-MediCare-BD,Q4_K_M,190,0,0.602223631582762,0.07677127002107262,0.1920193797836445,0.11502592447143097,0,0.30149273907713336,0.165451573865139,60.25,0,0.2213116123642439,0.3930817104515322,1.5
MAIN-016,Qwen-MediCare-BD,Q5_K_M,190,0,0.6171225908555482,0.09839881149350103,0.20477980895440528,0.10897612619935529,0,0.329535547176443,0.17287463294872948,47.95,0,0.26303258145363406,0.19091717725584612,2.2
MAIN-016,Qwen-MediCare-BD,Q6_K,190,0,0.6297131463101036,0.10162696523959587,0.22347735692193846,0.13026076214664228,0,0.29470930704974224,0.19928533409488844,40.15,0,0.2807894736842105,0.23321543281143814,1.8
MAIN-017,Gemma-3-4B-it,Q3_K_M,190,0,0.7929637212502328,0.02390591685805397,0.501916827063615,0.05838127076734265,0,0.7460601341644115,0.048627628637406335,137.1,0,0.531578947368421,0.5003201425658247,0.3
MAIN-017,Gemma-3-4B-it,Q4_K_M,190,0,0.7613238469550484,0.027201975307748306,0.4459415772308681,0.07172741075230167,0,0.6348121007500965,0.05936005047312871,120.2,0,0.8526315789473684,0.3201659970455332,1.05
MAIN-017,Gemma-3-4B-it,Q5_K_M,190,0,0.7748133687596572,0.021961096523600815,0.4883848183635011,0.058206567950337976,0,0.6580037278820212,0.06915091012935926,113.85,0,0.4763157894736842,0.4941103975171526,1.0
MAIN-017,Gemma-3-4B-it,Q6_K,190,0,0.7721945953996558,0.02550989379707281,0.45205681478069765,0.06716059068592044,0,0.6565080869002864,0.06316515302185283,115.6,0,0.6894736842105263,0.44053206988234167,0.9
MAIN-017,Phi-4-mini-instruct,Q3_K_M,190,0,0.6631822353915164,0.04243300939793909,0.247144256911903,0.05261583643827401,0,0.4235207244397504,0.14188597192036467,61.75,0,0.3078947368421053,0.4614112117421498,0.5
MAIN-017,Phi-4-mini-instruct,Q4_K_M,190,0,0.6742398214967628,0.042387836815537414,0.2689060925614346,0.06608329327392465,0,0.5240934580806674,0.10588754940818812,68.35,0,0.13157894736842105,0.3389255222129955,0.8
MAIN-017,Phi-4-mini-instruct,Q5_K_M,190,0,0.695146118653448,0.03838473801366796,0.3013753389555051,0.07660104851979853,0,0.5678315818549279,0.09316678883401741,60.4,0,0.23157894736842105,0.42295587669225704,0.6
MAIN-017,Phi-4-mini-instruct,Q6_K,190,0,0.6893409788608551,0.03678467584402277,0.2669854690916404,0.06044217254674302,0,0.5352621391617147,0.0913996859051422,64.7,0,0.14736842105263157,0.3554093266554554,0.65
MAIN-017,Qwen-MediCare-BD,Q3_K_M,190,0,0.5528677530978855,0.0616906808518471,0.15844677177351388,0.08368756695720556,0,0.21223910601051452,0.13999185454957133,56.35,0,0.22105263157894736,0.416052178464046,0.8
MAIN-017,Qwen-MediCare-BD,Q4_K_M,190,0,0.685838112078215,0.04801226277636302,0.31872607375405326,0.09177109041064775,0,0.42175255714218446,0.12933160361494564,52.65,0,0.37894736842105264,0.4864067009167758,0.5
MAIN-017,Qwen-MediCare-BD,Q5_K_M,190,0,0.6215089757191508,0.05348247574519472,0.17833436259370014,0.0793333370320423,0,0.26458332299554604,0.1517894646484369,104.05,0,0.14210526315789473,0.32232111331672103,1.2
MAIN-017,Qwen-MediCare-BD,Q6_K,190,0,0.647594375516239,0.08241544883441607,0.25196903131490844,0.11351500651617567,0,0.35419081617083986,0.17754495322318253,61.7,0,0.03850877192982456,0.13954174047908544,1.85
MAIN-018,Gemma-3-4B-it,Q3_K_M,190,0,0.8318997226263347,0.032489743642550355,0.590526955102022,0.07288573033288709,0,0.7383829002006422,0.07573041738112653,106.25,0,1.0,0.0,1.0
MAIN-018,Gemma-3-4B-it,Q4_K_M,190,0,0.8339512131716076,0.031231385018354926,0.6142622514238052,0.07940359297042625,0,0.7096711670754688,0.07888727053879133,123.1,0,0.5017543859649123,0.49482610372033564,0.4
MAIN-018,Gemma-3-4B-it,Q5_K_M,190,0,0.8674867046506781,0.02726967167283079,0.7071280751764157,0.06158083706943549,0,0.8138661340198798,0.05509097223352493,116.4,0,0.8657894736842106,0.22215433382393995,1.15
MAIN-018,Gemma-3-4B-it,Q6_K,190,0,0.8775386396207308,0.028704205709388246,0.7116958920792891,0.08237418424851393,0,0.8142498522058866,0.06351378147682477,118.15,0,0.5447368421052632,0.4762604376342669,0.95
MAIN-018,Phi-4-mini-instruct,Q3_K_M,190,0,0.6903432582554064,0.03344556602766421,0.3005454496042473,0.06908983728818295,0,0.4652256491818822,0.09295029174623937,58.05,0,0.73859649122807,0.26187564709947125,1.4
MAIN-018,Phi-4-mini-instruct,Q4_K_M,190,0,0.7144157237128208,0.07374173858251261,0.3769911484164192,0.1286964907898061,0,0.49828607218863197,0.14784987082237325,46.95,0,0.8315789473684211,0.2369395511036369,1.2
MAIN-018,Phi-4-mini-instruct,Q5_K_M,190,0,0.7166567858896757,0.03442247196104485,0.34874840393388884,0.07361877022522624,0,0.5413987973192913,0.10124784782742749,62.5,0,0.7043859649122806,0.2581045015554686,1.55
MAIN-018,Phi-4-mini-instruct,Q6_K,190,0,0.7210858181903237,0.042109876534786775,0.33504468827313516,0.07254490949371574,0,0.5007775882721475,0.1076583689677418,62.7,0,0.7228070175438597,0.25729854915161465,1.4
MAIN-018,Qwen-MediCare-BD,Q3_K_M,190,0,0.575838251490342,0.09175380033845995,0.20138811687811087,0.07147164269362714,0,0.2920170392756579,0.13257668428203734,50.45,0,0.7951754385964911,0.2737246063519474,1.25
MAIN-018,Qwen-MediCare-BD,Q4_K_M,190,0,0.6661369938599436,0.06170702538097401,0.2849929304145139,0.10794861277834489,0,0.38872214231938673,0.12870074343012794,62.7,0,0.6849999999999998,0.3729994649098646,1.3
MAIN-018,Qwen-MediCare-BD,Q5_K_M,190,0,0.6216796269542293,0.06646526777939102,0.18110616206912902,0.08491313420683698,0,0.207531464327118,0.1151602527277977,76.15,0,0.19333333333333333,0.39231596523527207,0.95
MAIN-018,Qwen-MediCare-BD,Q6_K,190,0,0.7108771650414718,0.03914386926874378,0.3594828684450226,0.08910974603827106,0,0.45198409557284824,0.08874267070656378,51.75,0,0.6251754385964912,0.34785704707809734,1.35
MAIN-019,Gemma-3-4B-it,Q3_K_M,190,0,0.7723579180868049,0.02231407534779091,0.4661907599179871,0.05677572382981244,0,0.6764527311182639,0.1148362837374459,57.7,0,1.0,0.0,1.0
MAIN-019,Gemma-3-4B-it,Q4_K_M,190,0,0.7765462207166772,0.032815847952348376,0.4538326043413609,0.08471199519538822,0,0.6804224994807461,0.08409161653317487,53.5,0,1.0,0.0,1.0
MAIN-019,Gemma-3-4B-it,Q5_K_M,190,0,0.7770798962367208,0.029305287532431848,0.43637166950063694,0.0856342975695578,0,0.5970467843084806,0.1185537208855079,54.05,0,1.0,0.0,1.0
MAIN-019,Gemma-3-4B-it,Q6_K,190,0,0.8058322589648398,0.04313325752122263,0.5002630645059504,0.1259360809035018,0,0.6266241286953218,0.16008630005158242,68.6,0,1.0,0.0,1.0
MAIN-019,Phi-4-mini-instruct,Q3_K_M,190,0,0.6634043078673514,0.027692509467098888,0.26624811447155156,0.05478026746642276,0,0.29869629401151143,0.12165863479148371,30.4,0,0.5578947368421052,0.49794900981352397,0.3
MAIN-019,Phi-4-mini-instruct,Q4_K_M,190,0,0.666656622133757,0.03528995544943424,0.256411850173971,0.06460680563419038,0,0.39209689153645966,0.14358443778450497,36.45,0,0.6631578947368421,0.4738791022072738,0.2
MAIN-019,Phi-4-mini-instruct,Q5_K_M,190,0,0.6715573564956062,0.03098540545074651,0.28558989770834864,0.059077315363478114,0,0.3566092175070712,0.11891139138954976,35.15,0,0.8105263157894737,0.3929197945030012,0.1
MAIN-019,Phi-4-mini-instruct,Q6_K,190,0,0.6833009776316191,0.025941205133901614,0.2933230027809309,0.04800549468635646,0,0.425787576644636,0.13073674245678268,35.05,0,0.7210526315789474,0.4496664811893449,0.15
MAIN-019,Qwen-MediCare-BD,Q3_K_M,190,0,0.5408630234630485,0.08710227377532127,0.12108817737617546,0.06104722109717804,0,0.1376041810731327,0.09519726182964082,35.6,0,0.33859649122807023,0.4532543708975903,0.8
MAIN-019,Qwen-MediCare-BD,Q4_K_M,190,0,0.5928435294251693,0.052463341376519555,0.15951254928271374,0.05943594177086953,0,0.16696268119066024,0.1746155132862759,51.05,0,0.3045614035087719,0.4575574937789197,0.9
MAIN-019,Qwen-MediCare-BD,Q5_K_M,190,0,0.6188693786922254,0.037801607533568586,0.19800660345341387,0.05055704756157275,0,0.22573677596028446,0.1251233225943281,76.25,0,0.138734335839599,0.3189336235150228,1.25
MAIN-019,Qwen-MediCare-BD,Q6_K,190,0,0.6223157371345319,0.02951366651888301,0.19200679819003919,0.03892896511849708,0,0.2167207314706145,0.11817329956334317,66.05,0,0.21833333333333335,0.4020945674244597,1.05
MAIN-020,Gemma-3-4B-it,Q3_K_M,190,0,0.7807294858129401,0.02541148749087671,0.4857515547307013,0.05550422055294931,0,0.7144261392239628,0.05964562721511516,131.25,0,1.0,0.0,0.0
MAIN-020,Gemma-3-4B-it,Q4_K_M,190,0,0.765472645194907,0.026509537013263897,0.45384096763812193,0.06285547717152261,0,0.6604765786627478,0.05706873043640272,142.1,0,1.0,0.0,0.0
MAIN-020,Gemma-3-4B-it,Q5_K_M,190,0,0.7847850172143234,0.02286984974688268,0.4832254326587347,0.05737231656015308,0,0.6597863993595485,0.05163209422076845,144.85,0,0.9,0.30079260375911915,0.05
MAIN-020,Gemma-3-4B-it,Q6_K,190,0,0.787023902880518,0.025554682297800713,0.49058256515371546,0.06558867223584107,0,0.6907404342090836,0.04974166221666556,135.7,0,0.9,0.30079260375911915,0.05
MAIN-020,Phi-4-mini-instruct,Q3_K_M,190,0,0.6149021335338292,0.0556911241190533,0.18478586611733472,0.06738949616637907,0,0.34844798483419165,0.17489853957449586,70.8,0,1.0,0.0,0.0
MAIN-020,Phi-4-mini-instruct,Q4_K_M,190,0,0.6280861911020781,0.04918150411725749,0.21081832177136467,0.06731015174037744,0,0.36069838901887274,0.10103052381965252,57.9,0,0.6052631578947368,0.4900854954141897,0.25
MAIN-020,Phi-4-mini-instruct,Q5_K_M,190,0,0.6207404883284318,0.034770424630529054,0.18711249205671,0.04063385287370317,0,0.3798529857805343,0.09381567973898303,69.95,0,0.8052631578947368,0.39704421702839243,0.1
MAIN-020,Phi-4-mini-instruct,Q6_K,190,0,0.6262178788059636,0.05393832573910087,0.19731136829479928,0.06344678607242749,0,0.3730946735944843,0.1414199375524356,62.25,0,1.0,0.0,0.0
MAIN-020,Qwen-MediCare-BD,Q3_K_M,190,0,0.5090056900915346,0.07436276325783327,0.11686103774589338,0.06139936510316285,0,0.2561448835297561,0.15015173744229837,42.15,0,0.3473684210526316,0.4773919679477084,0.8
MAIN-020,Qwen-MediCare-BD,Q4_K_M,190,0,0.6574001205594916,0.03342119741434154,0.22997296495651512,0.054470313708901714,0,0.33359274130302896,0.11290135868453935,101.55,0,0.3736842105263158,0.47957444237690505,0.7
MAIN-020,Qwen-MediCare-BD,Q5_K_M,190,0,0.6402277868045004,0.04124307998516852,0.20901754066314798,0.05273280947870729,0,0.2639914931766061,0.09703193462565478,116.0,0,0.1472328548644338,0.2526268018140776,2.5
MAIN-020,Qwen-MediCare-BD,Q6_K,190,0,0.6421513038246255,0.05286976279247254,0.22456489185891879,0.057902544557230595,0,0.3380661833126335,0.11647566020113297,77.3,0,0.0638533834586466,0.19315559908458108,1.85
MAIN-021,Gemma-3-4B-it,Q3_K_M,190,0,0.7978281890091143,0.02718364325476062,0.5418932425796827,0.06176634121028573,0,0.731404347578857,0.06319149843543188,124.65,0,1.0,0.0,0.0
MAIN-021,Gemma-3-4B-it,Q4_K_M,190,0,0.7876885210212908,0.03399120485556401,0.5353225484184002,0.07456795466298369,0,0.7060969005780602,0.09374494134090142,131.05,0,1.0,0.0,0.0
MAIN-021,Gemma-3-4B-it,Q5_K_M,190,0,0.81684713238164,0.02821148352410901,0.5794274205993561,0.0729375994844023,0,0.7962704105077759,0.04002863546362719,129.3,0,1.0,0.0,0.0
MAIN-021,Gemma-3-4B-it,Q6_K,190,0,0.822777356285798,0.02586855645819352,0.6023992452238657,0.06480012122941384,0,0.7792260239817405,0.04410976865593059,129.15,0,1.0,0.0,0.0
MAIN-021,Phi-4-mini-instruct,Q3_K_M,190,0,0.6709638423041293,0.04616974830306899,0.2888269681382546,0.06126325665545849,0,0.4858369417410411,0.13280332750063117,62.95,0,1.0,0.0,0.0
MAIN-021,Phi-4-mini-instruct,Q4_K_M,190,0,0.6680442414785687,0.04591677289534697,0.26045124423778,0.06035789627025609,0,0.5076021417660582,0.11063390278284702,67.15,0,0.7210526315789474,0.4496664811893448,0.15
MAIN-021,Phi-4-mini-instruct,Q5_K_M,190,0,0.6691006823589928,0.0368371385220525,0.2649274501081943,0.04722711398973701,0,0.5079256537417144,0.09519438080721629,76.05,0,0.29473684210526313,0.4571289332326718,0.75
MAIN-021,Phi-4-mini-instruct,Q6_K,190,0,0.6694786021583958,0.03044205748167759,0.2615713058547726,0.05551574522430544,0,0.47559434638450077,0.09243014478671241,83.9,0,0.3473684210526316,0.4773919679477084,0.75
MAIN-021,Qwen-MediCare-BD,Q3_K_M,190,0,0.5480174376776344,0.06822485592757871,0.17552317900394648,0.07464203923879824,0,0.20899959430363438,0.14727269035081078,45.75,0,0.7157894736842105,0.4522292319117471,0.15
MAIN-021,Qwen-MediCare-BD,Q4_K_M,190,0,0.6487454633963735,0.043811005432353174,0.22582937938263806,0.0613699646209992,0,0.3448548981911498,0.12058094509722216,102.35,0,0.06522556390977444,0.23062320497799543,1.6
MAIN-021,Qwen-MediCare-BD,Q5_K_M,190,0,0.6577938415502247,0.048502205927728005,0.24893756283460136,0.08165295085752662,0,0.3336934195821732,0.11880291197584729,85.5,0,0.08276942355889723,0.22293713571646018,1.75
MAIN-021,Qwen-MediCare-BD,Q6_K,190,0,0.7042560232313055,0.05642672207893778,0.3354046870857145,0.11178689427604616,0,0.415678448505563,0.12523081364329916,64.7,0,0.15022556390977446,0.3289239865625267,1.5
MAIN-022,Gemma-3-4B-it,Q3_K_M,190,0,0.7548326671123504,0.02301065583877509,0.4350447267241239,0.0549505255576197,0,0.6171505948614988,0.06256861298565586,114.95,0,1.0,0.0,0.0
MAIN-022,Gemma-3-4B-it,Q4_K_M,190,0,0.7552492653068743,0.02710084490071339,0.42843675597976855,0.05888126383192062,0,0.6008084257870476,0.07533009824356031,127.0,0,0.6052631578947368,0.4900854954141897,0.25
MAIN-022,Gemma-3-4B-it,Q5_K_M,190,0,0.7585213256509681,0.02433458439214117,0.43555875316986603,0.0570931405715745,0,0.5904690871807631,0.0732726697078323,121.0,0,0.9,0.30079260375911915,0.05
MAIN-022,Gemma-3-4B-it,Q6_K,190,0,0.7943510591983796,0.02440606173959016,0.5394522660217425,0.06598739297450541,0,0.664776568472619,0.05896380564994557,128.7,0,0.8105263157894737,0.3929197945030012,0.1
MAIN-022,Phi-4-mini-instruct,Q3_K_M,190,0,0.6615549907872551,0.04755279527530388,0.2353643877052794,0.0696690216006582,0,0.28873691554057085,0.1362853274393071,50.85,0,0.5684210526315789,0.4966050154331745,0.25
MAIN-022,Phi-4-mini-instruct,Q4_K_M,190,0,0.6385478727127376,0.04352548455653077,0.21516602802465884,0.053276228775845945,0,0.30390804055089965,0.1404126188926251,56.45,0,0.4631578947368421,0.49995822716062727,0.35
MAIN-022,Phi-4-mini-instruct,Q5_K_M,190,0,0.6449122134007905,0.03726151168876727,0.21308713882363864,0.04573212189613818,0,0.3644895521682381,0.09566360133160173,66.4,0,0.41842105263157897,0.49326429330178073,0.45
MAIN-022,Phi-4-mini-instruct,Q6_K,190,0,0.6318021918597975,0.03751626046217277,0.19935515389501998,0.05554927597289719,0,0.3242499403792219,0.13091806189595295,68.25,0,0.43859649122807015,0.4882828323677136,0.45
MAIN-022,Qwen-MediCare-BD,Q3_K_M,190,0,0.5574128965013906,0.062229693925184945,0.16434271585385613,0.05294414790687842,0,0.22506272657406987,0.10646208303964907,42.55,0,0.631578947368421,0.4836508334066744,0.35
MAIN-022,Qwen-MediCare-BD,Q4_K_M,190,0,0.6036308396803706,0.0777653839475122,0.18986268143635598,0.07544281968426371,0,0.3013406566582555,0.13648759670048116,70.65,0,0.4105263157894737,0.4932290074612092,0.65
MAIN-022,Qwen-MediCare-BD,Q5_K_M,190,0,0.6226626138938101,0.042467407250423674,0.1784293327554914,0.0635927782144693,0,0.24588823075639343,0.12467741758502389,103.6,0,0.09150831624515834,0.27307047304614096,2.5
MAIN-022,Qwen-MediCare-BD,Q6_K,190,0,0.6454378535873011,0.0703952370593789,0.2075327666305152,0.09258555677580788,0,0.35041122996450336,0.14997723296738638,54.1,0,0.08666666666666668,0.23891780309820404,1.45
MAIN-023,Gemma-3-4B-it,Q3_K_M,3,187,0.8081230123837789,0.01129081177224633,0.5426811850091009,0.019990905397349875,187,0.6309903453767295,0.008343798402535928,90.33333333333333,187,1.0,0.0,0.0
MAIN-023,Gemma-3-4B-it,Q4_K_M,190,0,0.8436807428535662,0.01928821854674354,0.591673911341262,0.05426347656989073,0,0.7587874516388975,0.04729530518158947,103.2,0,1.0,0.0,0.0
MAIN-023,Gemma-3-4B-it,Q5_K_M,190,0,0.8641625931388454,0.02807119986302641,0.6406380529012912,0.08188042332737443,0,0.7651111094509272,0.06691615022165165,87.25,0,1.0,0.0,0.0
MAIN-023,Gemma-3-4B-it,Q6_K,190,0,0.8414960167909923,0.027682063844805944,0.5920462195962579,0.07309554345325514,0,0.7617726354548695,0.04823819603845036,98.7,0,1.0,0.0,0.0
MAIN-023,Phi-4-mini-instruct,Q3_K_M,190,0,0.688056574056023,0.0474236877528891,0.28025809700668286,0.07991519642346004,0,0.4168107381811403,0.12134570978183663,79.55,0,0.9,0.3007926037591192,0.05
MAIN-023,Phi-4-mini-instruct,Q4_K_M,190,0,0.6591586351394654,0.03962732696863618,0.22248760620167254,0.059659421150665165,0,0.39118408892786155,0.11142460057272043,63.4,0,0.7210526315789474,0.4496664811893448,0.15
MAIN-023,Phi-4-mini-instruct,Q5_K_M,190,0,0.6573383619910792,0.038313279497322654,0.23588089467001894,0.06750515034567324,0,0.3818545684237693,0.12065508825422423,69.15,0,0.6473684210526316,0.47905155531350413,0.2
MAIN-023,Phi-4-mini-instruct,Q6_K,190,0,0.6878352293842718,0.025217261660577577,0.2762662569594719,0.04910543551510549,0,0.47220805583926273,0.07894042094935146,75.9,0,0.5157894736842106,0.5010709777629665,0.3
MAIN-023,Qwen-MediCare-BD,Q3_K_M,190,0,0.5017888262083656,0.1466195665051416,0.13399019817125044,0.1714256485409735,0,0.22604320315298915,0.19657519993578887,40.05,0,0.36578947368421055,0.46761599346999233,0.85
MAIN-023,Qwen-MediCare-BD,Q4_K_M,190,0,0.619027673884442,0.04961077087412849,0.19187332572031418,0.06191691182114071,0,0.2763869747424823,0.12485743888777989,85.6,0,0.3526315789473684,0.47905155531350413,0.8
MAIN-023,Qwen-MediCare-BD,Q5_K_M,190,0,0.6285374501818105,0.049042743829440696,0.21220840022227971,0.079823163354211,0,0.30751084466936157,0.11222117641898836,78.05,0,0.20225772765246447,0.3926461784020872,1.8
MAIN-023,Qwen-MediCare-BD,Q6_K,190,0,0.6462684305090654,0.04270889786912623,0.22801609756546956,0.07129492632922386,0,0.30555387082610225,0.1026225303147912,75.45,0,0.24473684210526317,0.42462601145654655,1.0
MAIN-024,Gemma-3-4B-it,Q3_K_M,0,190,,,,,190,,,,190,,,0.0
MAIN-024,Gemma-3-4B-it,Q4_K_M,190,0,0.8329966501185768,0.04519806453661493,0.580793723496755,0.13333492470340402,0,0.7109717499301134,0.17955938084109696,133.9,0,0.7368421052631579,0.2503130871608794,1.5
MAIN-024,Gemma-3-4B-it,Q5_K_M,190,0,0.8237321709331713,0.025654069372448473,0.5736672644993714,0.07259175710632071,0,0.6465758295564581,0.10751895504621459,88.6,0,0.5263157894736842,0.2523444328700751,1.8
MAIN-024,Gemma-3-4B-it,Q6_K,190,0,0.8378703989480671,0.027308348910826074,0.5923241504729929,0.07649839141575147,0,0.6990695159401662,0.11638349240191237,115.15,0,0.7271929824561405,0.317049825110286,1.9
MAIN-024,Phi-4-mini-instruct,Q3_K_M,190,0,0.6625404607308538,0.05804715948895971,0.2705558721587044,0.06318802919156884,0,0.36421512939562545,0.1494679982654592,64.05,0,0.21140350877192982,0.3237853270672909,1.1
MAIN-024,Phi-4-mini-instruct,Q4_K_M,190,0,0.6903082565257423,0.04876531800941164,0.3168822998036337,0.060893461738915716,0,0.3953532631085125,0.13268226688074156,70.1,0,0.7333333333333333,0.2810913475705226,1.8
MAIN-024,Phi-4-mini-instruct,Q5_K_M,190,0,0.6852620664395784,0.04348541423991067,0.29611147312153957,0.07336411303945534,0,0.3723321017669883,0.14199281660401616,62.55,0,0.6350877192982456,0.25807902581156783,1.5
MAIN-024,Phi-4-mini-instruct,Q6_K,190,0,0.7044568821003563,0.03135400659694348,0.31934775080449385,0.04974664612456535,0,0.3751464373545655,0.12285685583473571,64.85,0,0.505263157894737,0.2969100438188078,1.65
MAIN-024,Qwen-MediCare-BD,Q3_K_M,190,0,0.6064434053082215,0.07808128416415656,0.224382106257021,0.07355494498540657,0,0.29370907507946453,0.12786454510717732,48.65,0,0.8105263157894737,0.25035016783468644,1.2
MAIN-024,Qwen-MediCare-BD,Q4_K_M,190,0,0.6102117881963127,0.05428660306409294,0.18416513330119041,0.06617650422188524,0,0.27234311735579314,0.1468565068379622,89.75,0,0.27561403508771926,0.4334541313538806,0.9
MAIN-024,Qwen-MediCare-BD,Q5_K_M,190,0,0.5950385686598326,0.0980797332906867,0.18081106021188773,0.11312455400828894,0,0.21125994961455524,0.15703358220337346,73.0,0,0.07140350877192983,0.23895548669196207,1.45
MAIN-024,Qwen-MediCare-BD,Q6_K,190,0,0.5950068194615213,0.10301235381780156,0.19076820038796202,0.1154992874501344,0,0.22533739172906295,0.13648844448396966,72.85,0,0.21052631578947367,0.33130824563358324,1.2
MAIN-025,Gemma-3-4B-it,Q3_K_M,0,190,,,,,190,,,,190,,,0.0
MAIN-025,Gemma-3-4B-it,Q4_K_M,190,0,0.8211445378629785,0.023782564132453325,0.5532735313203122,0.06804496040009315,0,0.5832959216158884,0.08700323558084624,77.4,0,0.26842105263157895,0.44430866764787996,0.6
MAIN-025,Gemma-3-4B-it,Q5_K_M,190,0,0.8295749921547739,0.02373681077951288,0.5667100790124034,0.07384487189277904,0,0.6006439128402065,0.08183803320449193,75.05,0,0.631578947368421,0.25762303424409966,1.5
MAIN-025,Gemma-3-4B-it,Q6_K,190,0,0.8262183468592794,0.028386167508007012,0.5583602341028454,0.08082968811785436,0,0.6545786041811331,0.08376457739007069,68.05,0,0.7627192982456141,0.27301294861884384,1.3
MAIN-025,Phi-4-mini-instruct,Q3_K_M,190,0,0.6751221584646325,0.04989347855217587,0.27089526314587836,0.08098131666765852,0,0.402434601256835,0.15757564062534923,51.15,0,0.6035087719298246,0.32399072007564184,1.4
MAIN-025,Phi-4-mini-instruct,Q4_K_M,190,0,0.6639328049985986,0.04017826116971115,0.25161386418248494,0.06769626793185546,0,0.39043473007532054,0.15736307847072414,52.45,0,0.500438596491228,0.34614885613157004,1.45
MAIN-025,Phi-4-mini-instruct,Q5_K_M,190,0,0.6936505063583976,0.024566592747619413,0.27927418276556176,0.04624684539224183,0,0.4724496107726211,0.11917406071530179,57.05,0,0.5701754385964912,0.4562447666622112,0.95
MAIN-025,Phi-4-mini-instruct,Q6_K,190,0,0.687667966830103,0.031112629924543403,0.28986506616559343,0.05028102817922492,0,0.5251823099658178,0.09346946340751881,61.8,0,0.3982456140350877,0.34729976856148387,1.4
MAIN-025,Qwen-MediCare-BD,Q3_K_M,190,0,0.5619991747956526,0.07370070365060206,0.17050384751415953,0.045716811053005624,0,0.30845121576529,0.1111255671274878,49.8,0,0.6146517809675703,0.3405178446391682,1.85
MAIN-025,Qwen-MediCare-BD,Q4_K_M,190,0,0.6254082762881329,0.05572273166914069,0.24220630856698486,0.07278085991945618,0,0.37093718716611074,0.12746461358245356,76.85,0,0.38421299460773145,0.3043892339454391,2.25
MAIN-025,Qwen-MediCare-BD,Q5_K_M,190,0,0.6299989750510768,0.05284549533718009,0.1987883988965162,0.07833238760559232,0,0.29438307631018273,0.13259214588309584,77.65,0,0.10427944862155387,0.25037060250370824,1.7
MAIN-025,Qwen-MediCare-BD,Q6_K,190,0,0.673699173488115,0.05112361720714473,0.3137874539590381,0.09051366324735374,0,0.4718488606587386,0.10977159934176947,45.0,0,0.5719298245614035,0.31065029324103205,1.4
MAIN-026,Gemma-3-4B-it,Q3_K_M,190,0,0.7734064481760327,0.030279901384431405,0.45238647350681105,0.0715953434501619,0,0.6131760244804177,0.0772166288858495,95.85,0,0.6052631578947368,0.4900854954141897,0.75
MAIN-026,Gemma-3-4B-it,Q4_K_M,190,0,0.790683483763745,0.03191437021483416,0.482588771935445,0.06943356361185489,0,0.6893363393419484,0.07357847649473945,128.4,0,1.0,0.0,0.0
MAIN-026,Gemma-3-4B-it,Q5_K_M,190,0,0.8078126744220131,0.02295016282597878,0.49462133393822055,0.07912166231876039,0,0.6426566074429845,0.1024805132702233,101.3,0,1.0,0.0,0.0
MAIN-026,Gemma-3-4B-it,Q6_K,190,0,0.8107885495612496,0.03663190166159485,0.5216953984951966,0.09718151336891882,0,0.6807592316865,0.08145759675468657,107.6,0,1.0,0.0,0.0
MAIN-026,Phi-4-mini-instruct,Q3_K_M,190,0,0.6818734187828867,0.03770215208341622,0.27333507724729456,0.06150679126218942,0,0.4718613193426328,0.08453760150707898,56.8,0,1.0,0.0,0.0
MAIN-026,Phi-4-mini-instruct,Q4_K_M,190,0,0.666389073509919,0.028047896439916127,0.24673781762640376,0.04834108596087788,0,0.3866199854985019,0.12722129361893522,49.95,0,1.0,0.0,0.0
MAIN-026,Phi-4-mini-instruct,Q5_K_M,190,0,0.6969615481401744,0.04867136459677742,0.28851445698210065,0.09633587485689592,0,0.3847916066582148,0.12895285256474823,41.8,0,0.6473684210526316,0.4790515553135042,0.2
MAIN-026,Phi-4-mini-instruct,Q6_K,190,0,0.6689281297357459,0.056909893483841144,0.24715536374439318,0.10483467443611609,0,0.3802104094614698,0.12614286614689202,50.5,0,0.6473684210526316,0.4790515553135042,0.2
MAIN-026,Qwen-MediCare-BD,Q3_K_M,190,0,0.5282721401829469,0.08895103704405144,0.10656367871337162,0.04555008322374404,0,0.15567801524718178,0.1200239482400228,54.95,0,0.06219298245614035,0.23497567176883538,1.25
MAIN-026,Qwen-MediCare-BD,Q4_K_M,190,0,0.6267922784152784,0.03902067277277707,0.203938280019511,0.053708488299208434,0,0.26701675626394783,0.1162614880850549,105.6,0,0.3564536340852131,0.47356637394101564,0.9
MAIN-026,Qwen-MediCare-BD,Q5_K_M,190,0,0.6487704970334706,0.034212350874827324,0.24022644210442845,0.04966915627631398,0,0.3035844970672907,0.09745946973700645,96.15,0,0.06999999999999998,0.17448336437736536,2.05
MAIN-026,Qwen-MediCare-BD,Q6_K,190,0,0.6862882262782046,0.042249062304405414,0.29638556832704643,0.07529272182043803,0,0.32512683820789273,0.10545235193345198,63.85,0,0.05894736842105263,0.20888284532397478,1.4
MAIN-027,Gemma-3-4B-it,Q3_K_M,190,0,0.7810276407944529,0.024372025866774224,0.48071410713640744,0.06252339142414848,0,0.683291923794456,0.05718706737568389,141.15,0,0.4429323308270677,0.2710916414578521,4.2
MAIN-027,Gemma-3-4B-it,Q4_K_M,190,0,0.7501658301604421,0.06162768025440051,0.39440837816380797,0.11381031256414462,0,0.608741368420257,0.0940004848494962,133.3,0,0.4286194653299916,0.3563366929213785,3.3
MAIN-027,Gemma-3-4B-it,Q5_K_M,190,0,0.8003011452524286,0.04618052477255323,0.5264906306814793,0.10088030167896599,0,0.6961084654709473,0.09526591252132328,146.05,0,0.7421052631578947,0.33620318477616196,5.1
MAIN-027,Gemma-3-4B-it,Q6_K,190,0,0.8025365167542508,0.02849273831801911,0.5481781738892648,0.07206153145967575,0,0.7077022394039216,0.06003985961637987,149.35,0,0.8026315789473685,0.24504274770709486,5.25
MAIN-027,Phi-4-mini-instruct,Q3_K_M,190,0,0.6626599098506727,0.03200725572641768,0.23340759696266214,0.052633336844522205,0,0.48122901233336585,0.14127177382144177,62.9,0,0.1107017543859649,0.2509876527229242,1.25
MAIN-027,Phi-4-mini-instruct,Q4_K_M,190,0,0.6497709606823169,0.03714627636882232,0.21581379446456175,0.04615760182312972,0,0.4885974705622309,0.09793107764955353,71.6,0,0.08596491228070174,0.2649006312588747,1.05
MAIN-027,Phi-4-mini-instruct,Q5_K_M,190,0,0.6674542154136457,0.04066080920607213,0.24840974903044374,0.07553807217695449,0,0.5160872519965577,0.11526244586400775,71.65,0,0.0881578947368421,0.2506871184858391,1.25
MAIN-027,Phi-4-mini-instruct,Q6_K,190,0,0.6591792583465577,0.07118348892789458,0.24694246498559097,0.09181818662836036,0,0.4559490804105746,0.18815986475667698,66.4,0,0.1475438596491228,0.2563246813622163,1.65
MAIN-027,Qwen-MediCare-BD,Q3_K_M,190,0,0.5516010268738395,0.07292454328060452,0.15449338775373228,0.08293686804580443,0,0.24092555191269224,0.15409626182285,48.25,0,0.5535087719298245,0.4977042813327208,0.5
MAIN-027,Qwen-MediCare-BD,Q4_K_M,190,0,0.6393297234648152,0.06278934928877104,0.20769093130663832,0.07774309679631787,0,0.3802242436434168,0.1393818323627471,76.8,0,0.06969734943419154,0.22760614839428264,2.5
MAIN-027,Qwen-MediCare-BD,Q5_K_M,190,0,0.6386782997532895,0.03805958378311385,0.21158768295410318,0.050550987109122696,0,0.30957831424987803,0.13532575378597145,118.2,0,0.05422989291410344,0.09441231482439973,3.9
MAIN-027,Qwen-MediCare-BD,Q6_K,190,0,0.6263948851510098,0.04051416484112433,0.17979382232428384,0.049795532942207156,0,0.3190189316989747,0.11437660930138657,103.55,0,0.09441259033364298,0.12664437683819477,3.65
MAIN-028,Gemma-3-4B-it,Q3_K_M,0,190,,,,,190,,,,190,,,0.0
MAIN-028,Gemma-3-4B-it,Q4_K_M,190,0,0.7890188110502143,0.03963809704651716,0.49472367668194767,0.10482085036832635,0,0.6692180088137538,0.08960232935790438,96.6,0,0.49473684210526314,0.501293231478825,0.6
MAIN-028,Gemma-3-4B-it,Q5_K_M,190,0,0.8325126252676311,0.02368095489941408,0.5678084479482488,0.07084849936426316,0,0.7689264310619753,0.06347786676813252,96.0,0,1.0,0.0,0.0
MAIN-028,Gemma-3-4B-it,Q6_K,190,0,0.8018108628298107,0.030869357638650705,0.49568328535213885,0.08794878253448277,0,0.6653787126948467,0.10021311582232315,108.4,0,0.5578947368421052,0.49794900981352397,0.7
MAIN-028,Phi-4-mini-instruct,Q3_K_M,190,0,0.6625112495924297,0.03663138203038754,0.24534335399634266,0.061066380859783796,0,0.353223437151296,0.12301059685704482,69.65,0,0.9,0.30079260375911915,0.05
MAIN-028,Phi-4-mini-instruct,Q4_K_M,190,0,0.684808855935147,0.04891249096267662,0.28850505278525307,0.09197207301766026,0,0.4186310165526554,0.1640101645050912,72.05,0,0.9,0.30079260375911915,0.05
MAIN-028,Phi-4-mini-instruct,Q5_K_M,190,0,0.6862168842240384,0.05267786289130141,0.29685225119675596,0.07533266459196225,0,0.4469794483794806,0.12491238214480911,79.25,0,0.9,0.30079260375911915,0.05
MAIN-028,Phi-4-mini-instruct,Q6_K,190,0,0.693554436219366,0.041303459796770796,0.3023569897807583,0.07363111157115988,0,0.480484445074406,0.12475234615838907,84.85,0,1.0,0.0,0.0
MAIN-028,Qwen-MediCare-BD,Q3_K_M,190,0,0.5701690749118202,0.0630488768475671,0.18277823945553856,0.08437808078293214,0,0.230514537813476,0.14457848638302465,57.2,0,0.19710526315789476,0.3917042242885238,1.15
MAIN-028,Qwen-MediCare-BD,Q4_K_M,190,0,0.6476875248708223,0.046952587724842974,0.24706936853576525,0.06925850156289219,0,0.309135441754547,0.13839222647300625,75.3,0,0.24622807017543857,0.42825467888837976,1.15
MAIN-028,Qwen-MediCare-BD,Q5_K_M,190,0,0.6231820247675243,0.06147600043397019,0.20626318754825804,0.08449014128864009,0,0.21673494697910223,0.12439234782517347,79.7,0,0.42131578947368425,0.48866369240626245,0.95
MAIN-028,Qwen-MediCare-BD,Q6_K,190,0,0.6209763547307566,0.04550775976824802,0.2061255574625163,0.07796075543648606,0,0.3014949878762805,0.13638403837093288,77.6,0,0.3156140350877193,0.450620517543066,1.0
MAIN-029,Gemma-3-4B-it,Q3_K_M,190,0,0.8107312152260229,0.022120093338147885,0.555690753588308,0.05196090291515399,0,0.6470047832735822,0.06520389690042477,118.6,0,0.5105263157894737,0.5012098978847859,0.3
MAIN-029,Gemma-3-4B-it,Q4_K_M,190,0,0.7928637683391571,0.041435079327371824,0.5237532570582163,0.0830796320139452,0,0.6653397636725001,0.08397220295317762,112.8,0,0.4368421052631579,0.48108181257149885,0.5
MAIN-029,Gemma-3-4B-it,Q5_K_M,190,0,0.8273582047537753,0.03647612509162425,0.5923223052745724,0.09616827469029142,0,0.7135641719453543,0.07427793477376975,109.15,0,0.6473684210526316,0.4790515553135042,0.2
MAIN-029,Gemma-3-4B-it,Q6_K,190,0,0.8618789305812434,0.029409480723470677,0.679800884787949,0.06454983752171597,0,0.7235950647668535,0.08265693016461488,108.2,0,0.8105263157894737,0.3929197945030012,0.1
MAIN-029,Phi-4-mini-instruct,Q3_K_M,190,0,0.6885636837858903,0.04239028114870933,0.2502392594168968,0.05823442993295611,0,0.35442135670457836,0.13451914139729246,53.2,0,0.1,0.29186501192363773,0.95
MAIN-029,Phi-4-mini-instruct,Q4_K_M,190,0,0.6739434047749168,0.03964866269154123,0.25452845632932597,0.04639573625724495,0,0.39256680586682946,0.10742226291528005,68.6,0,0.23333333333333334,0.409972683737508,0.65
MAIN-029,Phi-4-mini-instruct,Q5_K_M,190,0,0.7112869999910656,0.03299520283423983,0.27586296122290604,0.05791436061166761,0,0.3681474110738935,0.11475178273072069,60.7,0,0.3684210526315789,0.4836508334066744,0.45
MAIN-029,Phi-4-mini-instruct,Q6_K,190,0,0.7007629749022032,0.03604712011348164,0.2602660828337964,0.06772106398386597,0,0.311842907308426,0.12391586374380814,48.45,0,0.4421052631578947,0.49794900981352397,0.35
MAIN-029,Qwen-MediCare-BD,Q3_K_M,190,0,0.5123547800277409,0.0843185690305861,0.10777039913153073,0.056128374008852275,0,0.15619481814267622,0.14599929246118168,38.2,0,0.412280701754386,0.49205450895043984,0.9
MAIN-029,Qwen-MediCare-BD,Q4_K_M,190,0,0.7193131129992636,0.0816710077234861,0.3381191057007907,0.1334148787338286,0,0.428524674259168,0.15610952628346764,43.9,0,0.2649122807017544,0.4381127937107012,0.65
MAIN-029,Qwen-MediCare-BD,Q5_K_M,190,0,0.6187408332761966,0.08716614730616074,0.22534713685367583,0.09900749261793727,0,0.24929754030250578,0.14642583902255404,70.85,0,0.0761967418546366,0.17562320143095192,2.25
MAIN-029,Qwen-MediCare-BD,Q6_K,190,0,0.7074784733747181,0.04198279529935268,0.2982903117781776,0.08035358580668626,0,0.37214209789557307,0.11351859782989263,46.65,0,0.0930701754385965,0.22884365605728407,1.7
MAIN-030,Gemma-3-4B-it,Q3_K_M,190,0,0.818188256339023,0.028360214123670516,0.5250813790604806,0.09405573186514483,0,0.7369094104880168,0.05612899836547836,106.65,0,0.7184210526315788,0.2624554348577375,1.65
MAIN-030,Gemma-3-4B-it,Q4_K_M,190,0,0.8048469894810727,0.022168376386578623,0.561759096673301,0.05818801040750071,0,0.7484568650484128,0.04737241226180949,108.3,0,0.6526315789473685,0.4338439251371927,0.95
MAIN-030,Gemma-3-4B-it,Q5_K_M,190,0,0.8177222289537128,0.03442022985496261,0.5520776391570383,0.08203540766930326,0,0.7443976032279152,0.061438631437999464,103.4,0,0.49473684210526314,0.501293231478825,0.6
MAIN-030,Gemma-3-4B-it,Q6_K,190,0,0.8130933818064238,0.02775449884583861,0.5212918904716016,0.06288092058275446,0,0.7356669561969327,0.05042467132088417,106.55,0,0.5210526315789473,0.5008764248619175,0.65
MAIN-030,Phi-4-mini-instruct,Q3_K_M,190,0,0.6578385804828845,0.05675017169465281,0.2726884210890911,0.05681173583793328,0,0.44458364798833555,0.10142016922603432,49.95,0,0.643859649122807,0.3253998818040128,1.35
MAIN-030,Phi-4-mini-instruct,Q4_K_M,190,0,0.6564558063682757,0.04283344976309836,0.2564651093888284,0.04611475938090236,0,0.462873780579588,0.10309423143779485,70.2,0,0.7122807017543861,0.25423179726200634,1.55
MAIN-030,Phi-4-mini-instruct,Q5_K_M,190,0,0.6605296495713686,0.04023073176324456,0.2593007708499846,0.0536031462263724,0,0.454166625718321,0.10471160020437706,61.7,0,0.7043859649122808,0.2581045015554686,1.55
MAIN-030,Phi-4-mini-instruct,Q6_K,190,0,0.6676822458442889,0.035766093513846554,0.2648332823110221,0.043658985586929426,0,0.4446082264155499,0.08993090327771955,70.5,0,0.8315789473684211,0.2369395511036369,1.8
MAIN-030,Qwen-MediCare-BD,Q3_K_M,190,0,0.5705389455745095,0.06267960007191577,0.19059646796180557,0.05759554431771352,0,0.39757760390713204,0.11663255666787907,57.75,0,0.6961737677527151,0.4052978793121034,1.6
MAIN-030,Qwen-MediCare-BD,Q4_K_M,190,0,0.6225950281870992,0.06614350115400415,0.20649032694123698,0.09320869768955804,0,0.29194772107791783,0.14500246757652788,69.25,0,0.242593984962406,0.3393587032543587,1.45
MAIN-030,Qwen-MediCare-BD,Q5_K_M,190,0,0.6804269508311623,0.06873298834354818,0.2756442660322683,0.10378168740902075,0,0.398831578555279,0.1390780523989976,52.55,0,0.49473684210526314,0.4049608828330158,1.2
MAIN-030,Qwen-MediCare-BD,Q6_K,190,0,0.6584695081961782,0.03643555196906298,0.260455264524874,0.06786701164019487,0,0.3927461852664113,0.10853954692080815,57.2,0,0.2957894736842105,0.34572188804659315,1.55
MAIN-031,Gemma-3-4B-it,Q3_K_M,190,0,0.7619801913437091,0.02457393815621303,0.42879231692989356,0.06170554418774191,0,0.6977682371458901,0.09269173951443493,171.2,0,0.917543859649123,0.1729395952126468,2.0
MAIN-031,Gemma-3-4B-it,Q4_K_M,190,0,0.7243804147368983,0.04177607212525913,0.38841706053978464,0.0882697104956699,0,0.692301896877582,0.10715365623024913,174.2,0,0.7802631578947369,0.26282101569280675,1.9
MAIN-031,Gemma-3-4B-it,Q5_K_M,190,0,0.749403345898578,0.026164567284644884,0.4272900844545339,0.05784330896817405,0,0.7206705355951859,0.08771217740319866,168.75,0,1.0,0.0,2.0
MAIN-031,Gemma-3-4B-it,Q6_K,190,0,0.7683438552053351,0.025362140554333376,0.46585611816926564,0.06300354582687855,0,0.7639022900000503,0.04443049866816714,183.0,0,0.95,0.1503963018795596,1.95
MAIN-031,Phi-4-mini-instruct,Q3_K_M,190,0,0.6491908321255132,0.031215643169092862,0.27005657040006054,0.05498665682245642,0,0.5813293322202003,0.08731374994752543,97.0,0,0.5917543859649123,0.28885707684237133,1.65
MAIN-031,Phi-4-mini-instruct,Q4_K_M,190,0,0.6659463330319053,0.036831837373121706,0.26768154168459657,0.051220225309963105,0,0.6464980108347563,0.0852131412025471,97.95,0,0.4152631578947369,0.21079987023332453,2.05
MAIN-031,Phi-4-mini-instruct,Q5_K_M,190,0,0.6821316104186209,0.021398647336619735,0.2689815138878095,0.04509222605959561,0,0.6152241723818228,0.08899751826156452,108.75,0,0.47517543859649114,0.2702076382434289,1.75
MAIN-031,Phi-4-mini-instruct,Q6_K,190,0,0.6665679821842595,0.03641999873938927,0.25492055159210497,0.05559987976640935,0,0.6294854517250296,0.07614309237010593,101.4,0,0.48947368421052634,0.23791857364888316,1.85
MAIN-031,Qwen-MediCare-BD,Q3_K_M,190,0,0.5792087562774357,0.07691610813689817,0.19997364754181415,0.09815319518840646,0,0.4777968420935283,0.13767667739077175,75.75,0,0.8140350877192982,0.24829004617193978,1.2
MAIN-031,Qwen-MediCare-BD,Q4_K_M,190,0,0.5878443037208758,0.05029975367935606,0.15912269188412775,0.05500569453777496,0,0.3774435829818576,0.17651882616262482,78.1,0,0.07802631578947368,0.20568773644541494,2.2
MAIN-031,Qwen-MediCare-BD,Q5_K_M,190,0,0.6740916310172332,0.06574654024358868,0.26725903905201565,0.10020283802133302,0,0.5639201163612381,0.17463280083736493,82.5,0,0.3866241360978203,0.28768585763117727,2.55
MAIN-031,Qwen-MediCare-BD,Q6_K,190,0,0.6372635027295664,0.060938290704901935,0.23928556783977484,0.07375042822787198,0,0.49424618922394237,0.12468634792517633,90.1,0,0.4117857142857143,0.23105952958238352,3.1
MAIN-032,Gemma-3-4B-it,Q3_K_M,190,0,0.7867034959165673,0.03171909806788723,0.5117836295548627,0.07906957265619154,0,0.6830070334162249,0.07138847190079914,125.95,0,0.63859649122807,0.2480406838049485,2.0
MAIN-032,Gemma-3-4B-it,Q4_K_M,190,0,0.8306495581802569,0.031059169693825144,0.6069894659969877,0.0778873558365675,0,0.7421897628061535,0.07787370708423799,133.05,0,0.8403508771929825,0.1930841145541787,2.75
MAIN-032,Gemma-3-4B-it,Q5_K_M,190,0,0.818236336896294,0.029989823911134986,0.5885518764275213,0.07135893863654617,0,0.724955332817771,0.062425806460824955,144.2,0,0.7210526315789474,0.25190876877455687,1.65
MAIN-032,Gemma-3-4B-it,Q6_K,190,0,0.7933543406034771,0.03966388107731658,0.538068628417106,0.08645820192162601,0,0.693144824982294,0.08015017481780075,152.2,0,0.7247368421052631,0.22850719648868345,2.5
MAIN-032,Phi-4-mini-instruct,Q3_K_M,190,0,0.6614204532221744,0.04688519110486908,0.265602142379401,0.06028978132502668,0,0.42059387096741724,0.11490334549162347,72.4,0,0.7017543859649121,0.2610235548824505,1.4
MAIN-032,Phi-4-mini-instruct,Q4_K_M,190,0,0.6847800941843736,0.04921040245445786,0.26379146623693767,0.09727174121879244,0,0.4409784807716626,0.128784138612597,67.6,0,0.5017543859649123,0.33825270917296213,1.5
MAIN-032,Phi-4-mini-instruct,Q5_K_M,190,0,0.6958477465729964,0.03836301836944227,0.298027887288439,0.08446975216241023,0,0.447853203324582,0.12597821077105859,55.45,0,0.5736842105263158,0.3498683631463104,1.35
MAIN-032,Phi-4-mini-instruct,Q6_K,190,0,0.6905577628236068,0.04195964177066672,0.301817684865482,0.08658625242449804,0,0.42635232090818725,0.1438221623640043,57.4,0,0.543859649122807,0.33919929085392864,1.4
MAIN-032,Qwen-MediCare-BD,Q3_K_M,190,0,0.5538838808473788,0.06749014400122691,0.18237626850704716,0.07151832478335515,0,0.22258155869952057,0.11207727356451701,35.15,0,0.6623266499582289,0.3395819562024536,1.65
MAIN-032,Qwen-MediCare-BD,Q4_K_M,190,0,0.589169726403136,0.04013332136993604,0.17070401774784721,0.044630532864507896,0,0.2396167363756682,0.10650239358814335,88.2,0,0.1486779448621554,0.24981651399936164,3.05
MAIN-032,Qwen-MediCare-BD,Q5_K_M,190,0,0.6312455453370747,0.040314965710050346,0.2038148001259371,0.05908134296873054,0,0.252146101804636,0.098604188298833,83.8,0,0.09403508771929825,0.272962666352136,1.85
MAIN-032,Qwen-MediCare-BD,Q6_K,190,0,0.642576789855957,0.06564311168187856,0.23981366890102862,0.10899678611337324,0,0.2890439690709644,0.1343033392818728,55.6,0,0.416222374117111,0.27729201476723214,2.55
MAIN-033,Gemma-3-4B-it,Q3_K_M,190,0,0.7937817815103029,0.020891028690020696,0.5047898439197904,0.0531582861864204,0,0.6959573380538652,0.045297783128537265,130.25,0,0.4605263157894737,0.49376508010416253,0.7
MAIN-033,Gemma-3-4B-it,Q4_K_M,190,0,0.7918609186222679,0.02304293840816233,0.511295110418806,0.059360359554901376,0,0.7097965006258077,0.05093835023996937,127.3,0,0.40789473684210525,0.47427559852726553,0.85
MAIN-033,Gemma-3-4B-it,Q5_K_M,190,0,0.8027226639421363,0.02376560200635717,0.5177182763513911,0.05816437164127469,0,0.6990488520476688,0.061813154181150756,127.85,0,0.33157894736842103,0.4720243823616103,0.95
MAIN-033,Gemma-3-4B-it,Q6_K,190,0,0.7959538259004292,0.02880629449284776,0.5131723982113544,0.0670726349617667,0,0.7022872395363455,0.05075274398230161,136.65,0,0.5952631578947368,0.48474472004243907,0.85
MAIN-033,Phi-4-mini-instruct,Q3_K_M,190,0,0.6292333850735112,0.02918105666013433,0.19819950159404204,0.039631628328519776,0,0.33490401324150126,0.09189499790178174,79.6,0,0.6368421052631579,0.48218037231442745,0.2
MAIN-033,Phi-4-mini-instruct,Q4_K_M,190,0,0.6424977616259926,0.037490176766839724,0.20648833730642943,0.044152362108138034,0,0.396434137626454,0.10691262695726664,70.75,0,0.9,0.30079260375911915,0.1
MAIN-033,Phi-4-mini-instruct,Q5_K_M,190,0,0.6419345458871439,0.0408621572530568,0.19803607584332272,0.053759198284916834,0,0.3760599850830905,0.11420704121289114,89.65,0,0.5,0.4960158727618966,0.35
MAIN-033,Phi-4-mini-instruct,Q6_K,190,0,0.6513862578492415,0.030508630994860522,0.20969168740393274,0.04248186992274969,0,0.47193035824823043,0.07879786357366575,97.0,0,0.5631578947368421,0.4946384776931451,0.3
MAIN-033,Qwen-MediCare-BD,Q3_K_M,190,0,0.5743723597965742,0.08644220445912577,0.1889576800769249,0.08675260512655321,0,0.29876259740361855,0.15343504186356569,51.85,0,0.55,0.44010781106627955,0.95
MAIN-033,Qwen-MediCare-BD,Q4_K_M,190,0,0.6202901281808552,0.04123041579280202,0.19631547373734495,0.04173528580618363,0,0.3008467634263639,0.12133240637097731,119.7,0,0.05482456140350877,0.1976087164123303,1.65
MAIN-033,Qwen-MediCare-BD,Q5_K_M,190,0,0.6536038859894401,0.04849705989060838,0.241369290403929,0.06161504988601963,0,0.35482145918511304,0.08928424346244379,103.05,0,0.10178571428571428,0.16109089855672049,2.6
MAIN-033,Qwen-MediCare-BD,Q6_K,190,0,0.6642327804314463,0.06233214557523791,0.2632600758236954,0.08610043791183204,0,0.3730455911922887,0.10411117077822551,68.95,0,0.08740601503759399,0.22413261277185154,1.8
MAIN-034,Gemma-3-4B-it,Q3_K_M,190,0,0.7993163758202603,0.02171193474318043,0.510897484320516,0.05131207022435321,0,0.7138132570939224,0.05269923355876262,151.95,0,0.7657894736842106,0.39726333395163343,0.95
MAIN-034,Gemma-3-4B-it,Q4_K_M,190,0,0.8188853856764342,0.028044771616079926,0.5445338660989466,0.09023530849856344,0,0.7242127910224925,0.0656657697521405,97.7,0,0.5842105263157895,0.4941597088776345,0.8
MAIN-034,Gemma-3-4B-it,Q5_K_M,10,180,0.8406879067420959,0.023288894934975102,0.621948418375246,0.06322184017311894,180,0.7776384802514767,0.05056264137624173,135.8,180,1.0,0.0,1.0
MAIN-034,Gemma-3-4B-it,Q6_K,190,0,0.7877383068988197,0.027880530015921005,0.5104765620701701,0.06533359741814154,0,0.7116058439862355,0.05497092145252308,143.3,0,1.0,0.0,1.0
MAIN-034,Phi-4-mini-instruct,Q3_K_M,190,0,0.6533083912573363,0.04634329121733436,0.21758789403556966,0.07500209748173232,0,0.36999925011160895,0.16266597189262735,74.65,0,0.37894736842105264,0.4864067009167758,0.55
MAIN-034,Phi-4-mini-instruct,Q4_K_M,190,0,0.6667214280680607,0.041526382195510206,0.231129924881,0.05981810956056197,0,0.42444165426402675,0.13992753283850337,72.2,0,0.29912280701754385,0.43559218896972,0.7
MAIN-034,Phi-4-mini-instruct,Q5_K_M,190,0,0.6647278832761865,0.03530170964952201,0.2249111567353839,0.052791382489104303,0,0.4327536707856446,0.10551629048934817,75.2,0,0.34122807017543855,0.350646854219839,1.4
MAIN-034,Phi-4-mini-instruct,Q6_K,190,0,0.6761389791965484,0.03575524473883555,0.22502717158464902,0.05459513325693423,0,0.3821442271491306,0.12549436638173142,64.9,0,0.29912280701754385,0.35031579287651105,1.45
MAIN-034,Qwen-MediCare-BD,Q3_K_M,190,0,0.5217994371527119,0.07870539866592745,0.11259095784371025,0.049692302948692785,0,0.20465869530193825,0.12634550859803248,36.25,0,0.29210526315789476,0.454478932374376,0.6
MAIN-034,Qwen-MediCare-BD,Q4_K_M,190,0,0.6137581001771124,0.07020663732454667,0.1870015315305118,0.0660933068294924,0,0.29937668070326634,0.13277584414507757,83.8,0,0.15403508771929825,0.3555284033074437,1.7
MAIN-034,Qwen-MediCare-BD,Q5_K_M,190,0,0.6407034506923274,0.03557848985435164,0.20407133971779168,0.04276092813268364,0,0.3234539246089533,0.06649482180671884,123.15,0,0.050817004632794115,0.11846409819509006,3.25
MAIN-034,Qwen-MediCare-BD,Q6_K,190,0,0.6349997667889846,0.034855236536871045,0.2067871097349844,0.06326806713657458,0,0.3356290786772095,0.10263020323482423,101.2,0,0.038321561479456215,0.11073823384844729,2.85
MAIN-035,Gemma-3-4B-it,Q3_K_M,190,0,0.7483084907657221,0.020230136573648774,0.3903353658474433,0.0491473445773404,0,0.6205244032277657,0.06741785680441958,128.8,0,1.0,0.0,0.0
MAIN-035,Gemma-3-4B-it,Q4_K_M,190,0,0.7651904121825569,0.024876515420410406,0.4061950635656251,0.06846383365860699,0,0.6088275607821955,0.08085049326791334,84.9,0,1.0,0.0,0.0
MAIN-035,Gemma-3-4B-it,Q5_K_M,190,0,0.7672724598332455,0.03828166183345495,0.4307286604317927,0.09829995037643242,0,0.6406096767441484,0.06116801575901453,100.85,0,1.0,0.0,0.0
MAIN-035,Gemma-3-4B-it,Q6_K,190,0,0.7550268549668161,0.024166569931250995,0.39002145779082076,0.06081431926180168,0,0.610948997031181,0.07291945510606776,103.1,0,1.0,0.0,0.0
MAIN-035,Phi-4-mini-instruct,Q3_K_M,190,0,0.6294805821619536,0.04008665909965595,0.21564931492789477,0.05077942794742092,0,0.42602152941510846,0.13326246610172776,53.45,0,1.0,0.0,0.0
MAIN-035,Phi-4-mini-instruct,Q4_K_M,190,0,0.6395584115856572,0.041121670035287654,0.23219938163812784,0.06248365176125897,0,0.44323982682696067,0.13506889282399467,45.65,0,0.9,0.30079260375911915,0.05
MAIN-035,Phi-4-mini-instruct,Q5_K_M,190,0,0.625948489810291,0.047202862283103796,0.22373722952874917,0.060982718649313004,0,0.4286699583208365,0.16415481729685016,54.15,0,0.9,0.30079260375911915,0.05
MAIN-035,Phi-4-mini-instruct,Q6_K,190,0,0.6746667908994775,0.03201685461959852,0.26957081584399306,0.06342539127853272,0,0.4955385559628904,0.10263145863729324,40.25,0,0.5105263157894737,0.5012098978847859,0.3
MAIN-035,Qwen-MediCare-BD,Q3_K_M,190,0,0.5289282128999108,0.0647554674536439,0.11824201077300282,0.033533676396535324,0,0.16243687214474126,0.1182690165120743,72.1,0,0.12878446115288222,0.29784523926453677,1.5
MAIN-035,Qwen-MediCare-BD,Q4_K_M,190,0,0.6168280184268952,0.04553922973483968,0.16334176184137675,0.04721905124416971,0,0.3148420343058368,0.08756211393300957,84.35,0,0.4789473684210526,0.5008764248619176,0.45
MAIN-035,Qwen-MediCare-BD,Q5_K_M,190,0,0.5804811113759091,0.05650589683085422,0.1518066797686944,0.053949661742162196,0,0.309544912196126,0.1390052160171393,69.3,0,0.35,0.4768447885643214,1.05
MAIN-035,Qwen-MediCare-BD,Q6_K,190,0,0.6090848295312179,0.079204039369663,0.18383548058348853,0.06171259665242893,0,0.32377170903786273,0.12213342030124567,43.95,0,0.6368421052631579,0.48218037231442745,0.3
MAIN-036,Gemma-3-4B-it,Q3_K_M,190,0,0.7908545205467625,0.027626818991740236,0.48341780487634184,0.07046338647761377,0,0.670353448906685,0.09754898019547015,163.5,0,0.9,0.3007926037591192,0.05
MAIN-036,Gemma-3-4B-it,Q4_K_M,190,0,0.7807048101174204,0.029039852112539066,0.451510577689006,0.0799151698069362,0,0.6690525637047914,0.09329917790847517,171.6,0,0.7315789473684211,0.4443086676478799,0.15
MAIN-036,Gemma-3-4B-it,Q5_K_M,190,0,0.8314743973706898,0.028128548612176625,0.5834728291556556,0.09090316885911438,0,0.6920181545867353,0.09572784504392023,165.7,0,1.0,0.0,0.0
MAIN-036,Gemma-3-4B-it,Q6_K,190,0,0.8005906873627713,0.022818674069377987,0.4947242012232795,0.06874764425480219,0,0.7416881554737559,0.07090641091589474,173.85,0,0.8105263157894737,0.3929197945030012,0.1
MAIN-036,Phi-4-mini-instruct,Q3_K_M,190,0,0.6775593403138612,0.047231812524419804,0.28311374395517663,0.0876391138495581,0,0.39814117905451085,0.12577786710806038,65.45,0,0.6342105263157894,0.48155189811321597,0.25
MAIN-036,Phi-4-mini-instruct,Q4_K_M,190,0,0.6387304964818452,0.04696292005023548,0.20860126486982886,0.07026139290442078,0,0.33810123205970316,0.14395299825071625,75.1,0,0.5631578947368421,0.4946384776931451,0.3
MAIN-036,Phi-4-mini-instruct,Q5_K_M,190,0,0.6301261036019576,0.04165935872053407,0.19659053853256395,0.05375139639564197,0,0.3459527209354141,0.15357725769881128,80.65,0,0.4473684210526316,0.49853586801343225,0.35
MAIN-036,Phi-4-mini-instruct,Q6_K,190,0,0.6601584876838483,0.026235513637866536,0.21990830653101834,0.04510407640354328,0,0.38373627950396344,0.10344120988580346,92.6,0,0.4473684210526316,0.49853586801343225,0.35
MAIN-036,Qwen-MediCare-BD,Q3_K_M,190,0,0.5440055569535808,0.07546554600692815,0.1380093872676331,0.05466147677498024,0,0.20504808310631822,0.1410552775895545,63.85,0,0.3473684210526316,0.4773919679477084,0.5
MAIN-036,Qwen-MediCare-BD,Q4_K_M,190,0,0.6217584153539256,0.04537796171242375,0.20136074261227935,0.05449307097411118,0,0.2906375662023973,0.11256518748617078,93.45,0,0.35342105263157897,0.4741665461495805,0.95
MAIN-036,Qwen-MediCare-BD,Q5_K_M,190,0,0.650608427901017,0.04345612301160827,0.24457543479488889,0.05441895702696162,0,0.39594616923808695,0.12963068986905962,128.3,0,0.06469924812030074,0.13658539748201554,2.15
MAIN-036,Qwen-MediCare-BD,Q6_K,190,0,0.6515903865036211,0.06817777968073614,0.26283141160331136,0.11510457185202205,0,0.3037924192024731,0.1395206782209049,67.3,0,0.08973684210526316,0.26063773546234903,1.75
MAIN-037,Gemma-3-4B-it,Q3_K_M,190,0,0.7443452286092859,0.024216150139143484,0.4316214794584762,0.057559112397998664,0,0.6216063446128598,0.08111169808291802,81.0,0,0.6003508771929824,0.26060661549280567,2.25
MAIN-037,Gemma-3-4B-it,Q4_K_M,190,0,0.7312871678879387,0.051839173070484884,0.38242805194887985,0.1142396971197448,0,0.5786972162393391,0.11854840629976447,117.3,0,0.6347368421052632,0.21535914192608344,2.45
MAIN-037,Gemma-3-4B-it,Q5_K_M,190,0,0.7389147062050668,0.03864151294782365,0.41543425519947746,0.0886595449181054,0,0.6243530290458811,0.10032460425351988,119.25,0,0.6728070175438596,0.21507764387732117,2.55
MAIN-037,Gemma-3-4B-it,Q6_K,190,0,0.7603926561380687,0.03339928442918409,0.4446661238368429,0.0799050383315956,0,0.6416233040253307,0.09171185170313388,119.4,0,0.6416666666666667,0.2518406665739034,2.95
MAIN-037,Phi-4-mini-instruct,Q3_K_M,190,0,0.6548844613526997,0.05587859825006616,0.2780485079880517,0.08186666973253845,0,0.40427345083973504,0.11095121119944759,56.75,0,0.725438596491228,0.2753528237980565,1.4
MAIN-037,Phi-4-mini-instruct,Q4_K_M,190,0,0.6673821668875844,0.0396313549903561,0.2896361774396989,0.07136875883006076,0,0.49832435389909707,0.0891613926835595,68.0,0,0.6741228070175438,0.30024723714956525,1.85
MAIN-037,Phi-4-mini-instruct,Q5_K_M,190,0,0.677145023408689,0.02136404506214772,0.2820935430410324,0.0406030219673176,0,0.4868043409022206,0.10223503241638536,73.1,0,0.6271929824561404,0.2575554668955815,1.7
MAIN-037,Phi-4-mini-instruct,Q6_K,190,0,0.6836746579722355,0.04361741463256354,0.30650873393131906,0.07526777960764011,0,0.5169353488883197,0.1237110392051212,70.45,0,0.7596491228070175,0.2526645649999894,2.05
MAIN-037,Qwen-MediCare-BD,Q3_K_M,190,0,0.596478934037058,0.11006905941035285,0.2750656105677563,0.17248935798319665,0,0.5051407301438484,0.223822686603832,37.85,0,0.6551754385964912,0.41192661670201963,1.25
MAIN-037,Qwen-MediCare-BD,Q4_K_M,190,0,0.64932290096032,0.034715100067104265,0.24162402337962413,0.05557637439006436,0,0.3915594670588457,0.10805982117769844,62.35,0,0.1924143692564745,0.3204929884544503,2.1
MAIN-037,Qwen-MediCare-BD,Q5_K_M,190,0,0.6105757190992958,0.06463149169528741,0.18723185702127212,0.0941947074842983,0,0.3140840612312761,0.15008316647735082,61.75,0,0.30268170426065166,0.385514420269078,1.55
MAIN-037,Qwen-MediCare-BD,Q6_K,190,0,0.6579025761077278,0.0365950413768384,0.25504339314787866,0.06125935194144286,0,0.49542245780953137,0.10081581175612525,51.9,0,0.41437552213868006,0.3779867622194071,1.65
MAIN-038,Gemma-3-4B-it,Q3_K_M,190,0,0.7996478385046909,0.022357377852685538,0.5289495011767431,0.05673830282067579,0,0.7690752053944311,0.03879156248201927,148.65,0,0.4131578947368421,0.48695743250812945,0.45
MAIN-038,Gemma-3-4B-it,Q4_K_M,190,0,0.8361082083300541,0.023014366163947007,0.5491805299302703,0.07006888196555301,0,0.7357309107893316,0.06599231553386621,115.4,0,0.38421052631578945,0.4876931530468949,0.4
MAIN-038,Gemma-3-4B-it,Q5_K_M,190,0,0.7984517696656679,0.031809688269107704,0.5172574550483688,0.0877474928498915,0,0.7501209622784203,0.07069685075164493,131.9,0,0.7315789473684211,0.44430866764787996,0.15
MAIN-038,Gemma-3-4B-it,Q6_K,190,0,0.807546781866174,0.02120503307749788,0.5319431735021045,0.06799109136611813,0,0.7851559209134872,0.043229268774314274,149.25,0,0.8052631578947368,0.3970442170283925,0.1
MAIN-038,Phi-4-mini-instruct,Q3_K_M,190,0,0.6560640971911581,0.040671271487515336,0.2453644174913125,0.06936462094635862,0,0.3638143818670119,0.11492208327312058,49.45,0,0.9,0.30079260375911915,0.05
MAIN-038,Phi-4-mini-instruct,Q4_K_M,190,0,0.6735161765625602,0.03389300216916749,0.23285980145146415,0.052509756922370705,0,0.4113313249422804,0.09888716292041122,67.15,0,0.9,0.30079260375911915,0.05
MAIN-038,Phi-4-mini-instruct,Q5_K_M,190,0,0.6705671257094333,0.03734065348523836,0.23929630566319235,0.056570630617374884,0,0.4188788260859293,0.10981472953234438,63.8,0,0.5736842105263158,0.4958474177144974,0.25
MAIN-038,Phi-4-mini-instruct,Q6_K,190,0,0.659452632226442,0.041305748365884444,0.2285135210396667,0.05547365425115295,0,0.37292499085847053,0.12444347158485065,65.0,0,0.4473684210526316,0.49853586801343225,0.35
MAIN-038,Qwen-MediCare-BD,Q3_K_M,190,0,0.5057943615474199,0.08257943653628048,0.11335237425448498,0.054580209685899,0,0.18981847815487685,0.12589915567354723,48.75,0,0.29712614870509607,0.45599361637980634,0.9
MAIN-038,Qwen-MediCare-BD,Q4_K_M,190,0,0.6144186242630607,0.03754026184276209,0.1803815856297104,0.03495676541906255,0,0.30891139681627516,0.10560019847739303,102.65,0,0.15766290726817042,0.3537340548248915,1.75
MAIN-038,Qwen-MediCare-BD,Q5_K_M,190,0,0.6100599994784908,0.0469509469035694,0.18777856273396817,0.06042997088435384,0,0.2870281474624154,0.09473669250876356,120.3,0,0.05175875294296347,0.11969088873442121,2.65
MAIN-038,Qwen-MediCare-BD,Q6_K,190,0,0.6344129545123953,0.04348616984690577,0.21207570772726092,0.04710441516629543,0,0.31626542749273534,0.09924043395264594,116.95,0,0.05626173534068271,0.09866963053341812,3.5
MAIN-039,Gemma-3-4B-it,Q3_K_M,190,0,0.7719386800339347,0.024821921386637236,0.4912814644749168,0.05247294728175444,0,0.7332731265634362,0.05292997184885155,148.9,0,0.7605263157894738,0.19500753888227676,2.7
MAIN-039,Gemma-3-4B-it,Q4_K_M,190,0,0.7612778296596125,0.0408293249118888,0.47076006036904844,0.09318388701558938,0,0.7209681657993584,0.059101575619049725,137.15,0,0.7543859649122807,0.22068530063956726,2.55
MAIN-039,Gemma-3-4B-it,Q5_K_M,190,0,0.8057946500025297,0.07679704987020339,0.5684988432467815,0.15162803120944338,0,0.8014637195482512,0.08302158283414232,120.4,0,1.0,0.0,3.0
MAIN-039,Gemma-3-4B-it,Q6_K,190,0,0.7759674677723333,0.029146144230522676,0.47274433317791037,0.07487290387137432,0,0.7386605759887049,0.055107160798673345,139.0,0,0.7758771929824563,0.19834327663265278,2.6
MAIN-039,Phi-4-mini-instruct,Q3_K_M,190,0,0.7013843222668297,0.05101196244075619,0.3504517247984788,0.10458538526098472,0,0.5114676465273018,0.11602481253724728,66.15,0,0.5885964912280702,0.25582873779136317,1.65
MAIN-039,Phi-4-mini-instruct,Q4_K_M,190,0,0.6928529262542724,0.038703175643439953,0.3043474209533728,0.06912102976215481,0,0.4515729882509857,0.15435161616382095,79.0,0,0.7219298245614034,0.26173530208813933,1.35
MAIN-039,Phi-4-mini-instruct,Q5_K_M,190,0,0.7016157953362716,0.03755099438990649,0.3093563822436535,0.05843996659552835,0,0.45643621378597304,0.11536386825762147,80.45,0,0.7469298245614034,0.2757027060363813,1.35
MAIN-039,Phi-4-mini-instruct,Q6_K,190,0,0.6934408743130533,0.03480663050829033,0.2917796795233184,0.0684624691910283,0,0.5064934384922537,0.10768318656277347,90.55,0,0.8315789473684211,0.2369395511036369,1.2
MAIN-039,Qwen-MediCare-BD,Q3_K_M,190,0,0.581044759562141,0.07235729932611464,0.18237715184665404,0.07769954336211646,0,0.3212031597175178,0.1532913996574356,58.5,0,0.5935714285714285,0.35195601127077303,1.8
MAIN-039,Qwen-MediCare-BD,Q4_K_M,190,0,0.6070374520201433,0.05538200325227496,0.17473685884319215,0.07170184346582546,0,0.26621508600206334,0.13436350606672515,71.15,0,0.10470551378446115,0.2663670314439998,1.55
MAIN-039,Qwen-MediCare-BD,Q5_K_M,190,0,0.6745987208266008,0.06112222895122451,0.24865172952673992,0.11648784935437526,0,0.33311718659349565,0.14935784066118954,62.85,0,0.2675438596491228,0.42932187769568864,1.05
MAIN-039,Qwen-MediCare-BD,Q6_K,190,0,0.6885583413274665,0.056070150766892625,0.28318749838617524,0.10358784476707776,0,0.40013117748832905,0.12517663183376773,70.5,0,0.1839473684210526,0.37193731121037643,1.1
MAIN-040,Gemma-3-4B-it,Q3_K_M,190,0,0.8120755161109724,0.023065174688273696,0.5203697124703636,0.05963667361737281,0,0.6727552173256688,0.06799446020702189,165.5,0,0.6093859649122807,0.17339480537816812,2.95
MAIN-040,Gemma-3-4B-it,Q4_K_M,190,0,0.8209112609687604,0.0247963919047054,0.5671249167969314,0.06318091032181734,0,0.6453853004363767,0.0859063835464708,118.3,0,0.37552631578947365,0.211157438965447,2.9
MAIN-040,Gemma-3-4B-it,Q5_K_M,190,0,0.813935892519198,0.019373820192713324,0.5456547567614085,0.04899554642065141,0,0.6932691231469822,0.06001652156083328,149.0,0,0.5425438596491228,0.23022295025845324,2.8
MAIN-040,Gemma-3-4B-it,Q6_K,190,0,0.8022779050626253,0.019027131448407182,0.5261229941977831,0.04865782029464907,0,0.6694946720290771,0.06967665534101158,165.5,0,0.5752005012531328,0.19706284234057692,3.15
MAIN-040,Phi-4-mini-instruct,Q3_K_M,190,0,0.6767504036426544,0.04095068012131584,0.26690879272648455,0.06759573130126055,0,0.4044595357897799,0.12622851853732367,67.6,0,0.2596491228070175,0.32094784435635715,1.6
MAIN-040,Phi-4-mini-instruct,Q4_K_M,190,0,0.6772971341484472,0.04258219995220784,0.26933005014196854,0.08213799163352387,0,0.4992278830930191,0.14823299710939292,79.4,0,0.11666666666666665,0.2532562771512677,1.4
MAIN-040,Phi-4-mini-instruct,Q5_K_M,190,0,0.6477491090172216,0.04148024404200846,0.23636098986149892,0.06767021870631262,0,0.48468406192087565,0.09879511043802032,84.45,0,0.07850877192982457,0.1888541788345423,1.6
MAIN-040,Phi-4-mini-instruct,Q6_K,190,0,0.669285962456151,0.021715087971958015,0.24533913439258778,0.03662004888504704,0,0.4372707157175414,0.09090228222366796,76.9,0,0.1633333333333333,0.25872886032069436,1.55
MAIN-040,Qwen-MediCare-BD,Q3_K_M,190,0,0.5084777417935823,0.06815013470982187,0.10289939603717642,0.03558063101685289,0,0.1687191070503709,0.11493677594512569,54.5,0,0.11289473684210526,0.3143895394440393,1.75
MAIN-040,Qwen-MediCare-BD,Q4_K_M,190,0,0.6636627216088145,0.06605867160283484,0.27887251775410715,0.08053754119496982,0,0.4163153354503839,0.1443757834552313,66.75,0,0.0543859649122807,0.21059824260951535,1.2
MAIN-040,Qwen-MediCare-BD,Q5_K_M,190,0,0.6232436001300812,0.04950661937811613,0.2049791205296589,0.06754299872823824,0,0.35194378451382546,0.10107810358480837,81.45,0,0.06931077694235589,0.18152270016770333,2.25
MAIN-040,Qwen-MediCare-BD,Q6_K,190,0,0.6616456336096713,0.04480270040681616,0.2592125707245513,0.07195763828187085,0,0.3445337073981109,0.10063027866490971,73.45,0,0.06635964912280702,0.18311238094842622,2.3
MAIN-041,Gemma-3-4B-it,Q3_K_M,190,0,0.7640650761754889,0.02358424611039695,0.4270042037038672,0.06261926356632219,0,0.6266272267527798,0.07311643140560091,132.2,0,0.34210526315789475,0.4756680509358889,0.6
MAIN-041,Gemma-3-4B-it,Q4_K_M,190,0,0.7822427392005921,0.024587809956464243,0.48419623756243513,0.060612581838512265,0,0.7082027677150113,0.06061963987131639,132.9,0,0.49473684210526314,0.501293231478825,0.6
MAIN-041,Gemma-3-4B-it,Q5_K_M,190,0,0.7876289308071136,0.026930615017893154,0.48522155820729856,0.07698689175184217,0,0.6472972185041115,0.07960168918953943,118.9,0,0.7657894736842106,0.3972633339516334,0.95
MAIN-041,Gemma-3-4B-it,Q6_K,190,0,0.819920526993902,0.02054567749587488,0.5457016359185716,0.05960254775257039,0,0.7138717502471976,0.05110606577053202,122.8,0,0.5210526315789473,0.5008764248619175,0.65
MAIN-041,Phi-4-mini-instruct,Q3_K_M,190,0,0.6411386461634385,0.0408451771651381,0.2185391003946623,0.04725547211890195,0,0.3930122372533436,0.102704703338186,66.15,0,0.4631578947368421,0.4999582271606272,0.35
MAIN-041,Phi-4-mini-instruct,Q4_K_M,190,0,0.6785514508423053,0.04749738770912603,0.26269921043707717,0.0663522787516213,0,0.5121975331076222,0.13541667823723905,66.95,0,0.32105263157894737,0.4652801936370403,0.9
MAIN-041,Phi-4-mini-instruct,Q5_K_M,190,0,0.6740412812483938,0.04302744370395928,0.24781313722592258,0.054069691314412034,0,0.4747726328951195,0.12393417912620912,70.25,0,0.3017543859649123,0.4291650951784418,1.0
MAIN-041,Phi-4-mini-instruct,Q6_K,190,0,0.675836906307622,0.0357705676297272,0.2435519997179466,0.05212968599612533,0,0.4897299641554741,0.09905291845782498,88.6,0,0.33859649122807023,0.38714851049980137,1.15
MAIN-041,Qwen-MediCare-BD,Q3_K_M,190,0,0.548887870813671,0.06605724572925241,0.14729545163932592,0.06133704761769814,0,0.1939103238135107,0.12088165946080467,43.7,0,0.23991228070175435,0.4151301382135572,0.7
MAIN-041,Qwen-MediCare-BD,Q4_K_M,190,0,0.623041024647261,0.03605309549228796,0.19979188743486664,0.051014581465873454,0,0.3674984660837997,0.12260718537121296,100.15,0,0.29649122807017547,0.4566311649380959,0.75
MAIN-041,Qwen-MediCare-BD,Q5_K_M,190,0,0.6243844866752625,0.06190577580710505,0.20068790586930824,0.08540690579755623,0,0.28638005447745263,0.12010283010383686,76.7,0,0.09425438596491227,0.2826261267787901,1.6
MAIN-041,Qwen-MediCare-BD,Q6_K,190,0,0.7213560383570822,0.09267112490497714,0.38915467220813177,0.16725624520023083,0,0.4134941118450369,0.17086770541269347,46.45,0,0.10614035087719297,0.29245411596456394,1.3
MAIN-042,Gemma-3-4B-it,Q3_K_M,190,0,0.7538223737164548,0.032476478914363324,0.4121074536140518,0.07249440031947604,0,0.6613879738403727,0.07055879443413092,143.05,0,0.6631578947368421,0.47387910220727386,0.8
MAIN-042,Gemma-3-4B-it,Q4_K_M,190,0,0.8228881264987745,0.023478691660649233,0.5787783793081567,0.06656185437958252,0,0.7033194014698191,0.08411534499908721,147.2,0,1.0,0.0,1.0
MAIN-042,Gemma-3-4B-it,Q5_K_M,190,0,0.7693802883750513,0.03521227249808616,0.5013996738304453,0.08007447502564102,0,0.7142431197031789,0.07811517120424723,185.5,0,1.0,0.0,0.0
MAIN-042,Gemma-3-4B-it,Q6_K,190,0,0.8201980835513065,0.024911070347856397,0.6380930461257344,0.05652191764432758,0,0.7390022240736572,0.0561705320292411,171.55,0,1.0,0.0,0.0
MAIN-042,Phi-4-mini-instruct,Q3_K_M,190,0,0.6584348361743124,0.03849103366527935,0.2675071100754594,0.05880284244281062,0,0.41799289411161716,0.10590911951954125,74.4,0,0.95,0.15039630187955957,1.05
MAIN-042,Phi-4-mini-instruct,Q4_K_M,190,0,0.6110757104660335,0.077862872555132,0.19752434953866793,0.09420553469555341,0,0.2823497834264289,0.190200024249106,52.85,0,0.95,0.15039630187955957,1.05
MAIN-042,Phi-4-mini-instruct,Q5_K_M,190,0,0.6568847590371182,0.0383877697525168,0.22706323725134916,0.043339161116606156,0,0.3895227222895387,0.10404453701477359,76.8,0,1.0,0.0,1.0
MAIN-042,Phi-4-mini-instruct,Q6_K,190,0,0.6697843081072757,0.038624838642723876,0.25956278557941276,0.050541004303766145,0,0.43715684244074865,0.1039657311136834,73.5,0,1.0,0.0,1.0
MAIN-042,Qwen-MediCare-BD,Q3_K_M,190,0,0.5748987698241284,0.07023841715849523,0.16750527233865828,0.06290059524728578,0,0.24869143827080537,0.11751012760169055,63.75,0,0.11842105263157894,0.3001760573364622,1.15
MAIN-042,Qwen-MediCare-BD,Q4_K_M,190,0,0.6598651289939881,0.03564318470388921,0.25270233314275525,0.06569768907353069,0,0.35288227218652596,0.11648611587523612,94.45,0,0.21289473684210528,0.39314987729319767,1.2
MAIN-042,Qwen-MediCare-BD,Q5_K_M,190,0,0.6789694105323992,0.037740274166981086,0.2576757171546092,0.06268559485130719,0,0.41740629176726446,0.09651326936621116,104.35,0,0.29780701754385963,0.43939210071992335,0.8
MAIN-042,Qwen-MediCare-BD,Q6_K,190,0,0.6509785536088442,0.043019226413255854,0.23612783689600306,0.05544745995585019,0,0.3826918653672472,0.08674392410834253,100.2,0,0.29022556390977444,0.4543530859777214,0.9
MAIN-043,Gemma-3-4B-it,Q3_K_M,0,190,,,,,190,,,,190,,,0.0
MAIN-043,Gemma-3-4B-it,Q4_K_M,190,0,0.8320906780268017,0.03170953132631288,0.5719434275869618,0.10140877386881067,0,0.7003513041293532,0.08354001632974065,88.05,0,0.7114035087719299,0.26374906524454367,1.35
MAIN-043,Gemma-3-4B-it,Q5_K_M,190,0,0.8513608003917493,0.03628632094667807,0.6389963047548513,0.10266280329639652,0,0.7149321641799451,0.10227374472890466,82.15,0,0.8587719298245615,0.2282816997099766,1.15
MAIN-043,Gemma-3-4B-it,Q6_K,190,0,0.8239288741036466,0.032301533406353056,0.5583533280055282,0.08466766951317008,0,0.6638857395886597,0.08094357333604069,84.55,0,0.9052631578947369,0.19645989725150062,1.1
MAIN-043,Phi-4-mini-instruct,Q3_K_M,190,0,0.7020454582415129,0.04791641094808571,0.30258153542489463,0.06868554420948143,0,0.4218137590832851,0.11180571404495622,49.3,0,0.5140350877192982,0.23496926875091753,1.7
MAIN-043,Phi-4-mini-instruct,Q4_K_M,190,0,0.7177728797260083,0.04802545664742793,0.3125904587667315,0.09092519981309205,0,0.4039930422772112,0.1118295771068116,44.5,0,0.7745614035087719,0.25870320685544423,1.25
MAIN-043,Phi-4-mini-instruct,Q5_K_M,190,0,0.6866128949742568,0.036326066611463974,0.2908219958189288,0.059534603624361,0,0.4626504712586045,0.11027817846355302,51.9,0,0.7232456140350877,0.27826780781157456,1.35
MAIN-043,Phi-4-mini-instruct,Q6_K,190,0,0.72394681133722,0.03876561468098851,0.32969021359554357,0.07078608807302195,0,0.4523815965740555,0.10479508878179286,41.2,0,0.6561403508771929,0.26317212746560636,1.4
MAIN-043,Qwen-MediCare-BD,Q3_K_M,190,0,0.5582536625234704,0.06983373732529091,0.18784719996130717,0.08020498173295404,0,0.25791405165991393,0.14210732683733354,40.45,0,0.4797953216374269,0.416562977908729,1.65
MAIN-043,Qwen-MediCare-BD,Q4_K_M,190,0,0.6066114637412523,0.08758500915930714,0.20827140561897145,0.07719279623867943,0,0.3373544596768588,0.15577817297927996,62.85,0,0.09210526315789473,0.2876483550494054,1.25
MAIN-043,Qwen-MediCare-BD,Q5_K_M,190,0,0.7274268478155136,0.08487190431114018,0.39457056188297396,0.13093519050814129,0,0.46137151574818813,0.15673531483802655,45.5,0,0.2666666666666667,0.43060462256680027,0.75
MAIN-043,Qwen-MediCare-BD,Q6_K,190,0,0.7400678957763471,0.04999749671005762,0.3933414346016184,0.10252972663265589,0,0.45745781520761036,0.0971026255416739,39.2,0,0.2513157894736842,0.34455070853890934,1.2
MAIN-044,Gemma-3-4B-it,Q3_K_M,190,0,0.7563989843192853,0.02041552673213228,0.44470675283193206,0.0481652468468278,0,0.6642223695513053,0.053299624116050784,123.4,0,1.0,0.0,1.0
MAIN-044,Gemma-3-4B-it,Q4_K_M,190,0,0.7771135540384996,0.034386239547650334,0.49504542211208996,0.07650868416482765,0,0.7179194325959267,0.06423751919015867,148.3,0,1.0,0.0,1.0
MAIN-044,Gemma-3-4B-it,Q5_K_M,190,0,0.7709504569831648,0.02899265951881969,0.4724281693437855,0.07656131624850636,0,0.6558561301745884,0.06941660943266342,120.75,0,1.0,0.0,1.0
MAIN-044,Gemma-3-4B-it,Q6_K,190,0,0.7742304340789192,0.028443750977891934,0.4938602798089747,0.064900344461083,0,0.6842671951539087,0.05983188919608792,133.05,0,1.0,0.0,1.0
MAIN-044,Phi-4-mini-instruct,Q3_K_M,190,0,0.6569386237546018,0.04662564626249605,0.27977046524326715,0.06123345625672517,0,0.49207637623637823,0.09524970959374605,75.5,0,1.0,0.0,1.0
MAIN-044,Phi-4-mini-instruct,Q4_K_M,190,0,0.6649933115432137,0.03425226377265715,0.28272597771577224,0.05572586877733406,0,0.5243510014045402,0.10139533300348516,89.3,0,0.7263157894736842,0.39686883638596143,1.0
MAIN-044,Phi-4-mini-instruct,Q5_K_M,190,0,0.6697858772779766,0.021957994159721744,0.25684585591494863,0.04502075154752217,0,0.5024664179603855,0.09926025097947096,108.05,0,0.7438596491228069,0.2925294885227351,1.35
MAIN-044,Phi-4-mini-instruct,Q6_K,190,0,0.6555664605215976,0.043513886014949585,0.2435939079549943,0.07036790464738589,0,0.49096429274935677,0.12035242905492077,108.5,0,0.7916666666666665,0.34976581566577947,1.1
MAIN-044,Qwen-MediCare-BD,Q3_K_M,190,0,0.6183894819334934,0.09128534096033189,0.2754212472091875,0.11310549136360659,0,0.5342125152640654,0.1509701412855561,35.3,0,1.0,0.0,1.0
MAIN-044,Qwen-MediCare-BD,Q4_K_M,190,0,0.6412770628929139,0.04680027821857739,0.2247457707389947,0.0770450096922057,0,0.45425226891363346,0.1329806499751993,64.8,0,0.45219298245614037,0.4910451943576056,0.8
MAIN-044,Qwen-MediCare-BD,Q5_K_M,190,0,0.6115811736960161,0.09545284117840488,0.24157524982376052,0.13548291018630887,0,0.3922271248644123,0.22408153277856044,47.4,0,0.506578947368421,0.48824421590967815,0.85
MAIN-044,Qwen-MediCare-BD,Q6_K,190,0,0.6482860439702084,0.0455021626733797,0.2516543504434351,0.08459084488155828,0,0.4388900738815427,0.14636367428065541,76.4,0,0.42894736842105263,0.4813494560114948,0.7
MAIN-045,Gemma-3-4B-it,Q3_K_M,0,190,,,,,190,,,,190,,,0.0
MAIN-045,Gemma-3-4B-it,Q4_K_M,190,0,0.8843740218564083,0.037138895569290044,0.7350909396107017,0.09322623185625817,0,0.786578992290239,0.08455835143942741,81.1,0,0.7885964912280701,0.2523582268315953,1.25
MAIN-045,Gemma-3-4B-it,Q5_K_M,190,0,0.8584199459929215,0.023525220760496037,0.6405886361701243,0.06714347032746658,0,0.7556454048869023,0.06832795831857456,77.1,0,0.8587719298245614,0.22828169970997664,1.15
MAIN-045,Gemma-3-4B-it,Q6_K,190,0,0.839329582452774,0.028308104104034417,0.5934018705072852,0.07906195279553437,0,0.6826527487966152,0.08278833873217421,79.6,0,0.8552631578947368,0.23120423385752123,1.15
MAIN-045,Phi-4-mini-instruct,Q3_K_M,190,0,0.7008034502205096,0.05641308256433928,0.2991261545347433,0.06161641982756504,0,0.38242304960598955,0.10208145744143972,46.15,0,0.6368421052631579,0.3023316672438931,1.75
MAIN-045,Phi-4-mini-instruct,Q4_K_M,190,0,0.7236748899284162,0.0353543778226163,0.3570489349834813,0.05939543330982009,0,0.4961042090755541,0.11729636140688893,49.75,0,0.6596491228070175,0.2903663779356013,1.55
MAIN-045,Phi-4-mini-instruct,Q5_K_M,190,0,0.7188738728824414,0.047610968997623106,0.3463515592590795,0.0761735507695261,0,0.4551819114614351,0.09869855592778713,42.0,0,0.7052631578947368,0.2571181027102092,1.5
MAIN-045,Phi-4-mini-instruct,Q6_K,190,0,0.7390462643221805,0.03565938369864077,0.3392559171905399,0.06374570257969463,0,0.4347307111843486,0.11445691030812725,44.8,0,0.6973684210526315,0.28497362924990816,1.55
MAIN-045,Qwen-MediCare-BD,Q3_K_M,190,0,0.6031510125649603,0.09187151856845355,0.23579553921306268,0.09903229643457667,0,0.30709249462254784,0.11596315876230767,32.2,0,0.8855263157894737,0.23651680218646942,1.15
MAIN-045,Qwen-MediCare-BD,Q4_K_M,190,0,0.6244691525634967,0.04441889598410931,0.2104846303522587,0.07167550031671648,0,0.2468263476219262,0.1001504686339067,75.1,0,0.2338345864661654,0.3209201852369932,1.85
MAIN-045,Qwen-MediCare-BD,Q5_K_M,190,0,0.615852203965187,0.05325680225911083,0.19800325301697042,0.07138055176069637,0,0.2714710047056762,0.11280315159630064,78.8,0,0.09622807017543861,0.262666392551079,1.8
MAIN-045,Qwen-MediCare-BD,Q6_K,190,0,0.7142886099062468,0.049775126476702146,0.34082822751408626,0.07871656769058702,0,0.4585660506972223,0.09111074868397633,52.1,0,0.7873684210526315,0.2878768985133578,1.3
MAIN-046,Gemma-3-4B-it,Q3_K_M,190,0,0.7382468882359956,0.022738890882036223,0.392372975848792,0.057570738603172154,0,0.6695133055491005,0.04886849910479247,144.1,0,1.0,0.0,2.0
MAIN-046,Gemma-3-4B-it,Q4_K_M,190,0,0.762617646393023,0.019968660056550427,0.46634240634143465,0.05923886187866162,0,0.6954955356342216,0.056324913870870894,158.95,0,0.9666666666666668,0.10026420125303973,2.05
MAIN-046,Gemma-3-4B-it,Q5_K_M,190,0,0.7395150570492995,0.028862623381311972,0.3696774324392504,0.07513492441728221,0,0.6415810671472378,0.05464197730226422,162.35,0,0.6973684210526315,0.28497362924990816,1.55
MAIN-046,Gemma-3-4B-it,Q6_K,190,0,0.7413861205703334,0.02451412802934543,0.41289606405201495,0.05756971445553549,0,0.6592923972270957,0.0506880140040835,151.0,0,0.6921052631578948,0.39331825297117945,1.05
MAIN-046,Phi-4-mini-instruct,Q3_K_M,190,0,0.6504944559774901,0.031706682234273,0.267077380816177,0.057785007719307085,0,0.5805670679085458,0.08850509458730177,72.95,0,0.4975438596491228,0.2305639180105492,1.75
MAIN-046,Phi-4-mini-instruct,Q4_K_M,190,0,0.6484614792623018,0.02856033209902883,0.2274448896814927,0.0413965942672197,0,0.5524820285484515,0.08607678495527421,89.0,0,0.6035087719298246,0.2570910248203221,1.65
MAIN-046,Phi-4-mini-instruct,Q5_K_M,190,0,0.6452561551018765,0.03369136926264572,0.232197263128628,0.0527509427113415,0,0.5909973895824062,0.07028113860957352,80.3,0,0.7008771929824562,0.2653280823912615,1.35
MAIN-046,Phi-4-mini-instruct,Q6_K,190,0,0.654746561301382,0.03573941614057597,0.2370958785026469,0.05163540705885325,0,0.5870193413903897,0.08595613131670098,83.5,0,0.5480701754385965,0.26537233454703557,1.8
MAIN-046,Qwen-MediCare-BD,Q3_K_M,190,0,0.5706293137449967,0.07491532372580813,0.1848294997198124,0.06606709510740122,0,0.5217032686085135,0.13222419420187267,59.35,0,0.601907341884122,0.35359562882358003,2.15
MAIN-046,Qwen-MediCare-BD,Q4_K_M,190,0,0.6063976060403021,0.0816876697255415,0.1986130089649099,0.08263540805245181,0,0.46178455248015854,0.17393394845086999,58.85,0,0.10390977443609022,0.2639972108254176,1.55
MAIN-046,Qwen-MediCare-BD,Q5_K_M,190,0,0.6071051890912809,0.052980412979869496,0.17282620079101196,0.07539491986311785,0,0.3021535118694483,0.15212550935321806,82.7,0,0.13662071846282373,0.2225233877119605,2.6
MAIN-046,Qwen-MediCare-BD,Q6_K,190,0,0.6198551497961345,0.05829922105121674,0.20865490274557624,0.07525859030945228,0,0.4129186216908517,0.13980669815333036,95.85,0,0.17952058175742386,0.1692568245245794,3.75
MAIN-047,Gemma-3-4B-it,Q3_K_M,190,0,0.7568298863737206,0.01844288435756494,0.3969528720234715,0.045057467781944034,0,0.6740971642419709,0.0569562761821106,199.05,0,1.0,0.0,0.0
MAIN-047,Gemma-3-4B-it,Q4_K_M,190,0,0.7977956178941225,0.022294798733256453,0.5096198834290839,0.05522252024961546,0,0.723997973773645,0.04968762316273288,189.15,0,1.0,0.0,0.0
MAIN-047,Gemma-3-4B-it,Q5_K_M,190,0,0.7917741555916635,0.023815655893102656,0.4763424001286624,0.0642440189044221,0,0.7414717748106278,0.05185163425014955,171.75,0,1.0,0.0,0.0
MAIN-047,Gemma-3-4B-it,Q6_K,190,0,0.8162005964078402,0.025963068945579405,0.575151565396112,0.05478157455531773,0,0.7574016792965482,0.0535219966216533,180.15,0,1.0,0.0,0.0
MAIN-047,Phi-4-mini-instruct,Q3_K_M,190,0,0.6561943041650873,0.04970299267486492,0.2654194132416827,0.0688432312916842,0,0.5171949643757026,0.1933712079482792,69.5,0,1.0,0.0,0.0
MAIN-047,Phi-4-mini-instruct,Q4_K_M,190,0,0.6686717817657872,0.051714622205764754,0.24393175310594936,0.07894054913607428,0,0.539025904524867,0.1900746886668182,76.65,0,1.0,0.0,0.0
MAIN-047,Phi-4-mini-instruct,Q5_K_M,190,0,0.6571558531961943,0.04086230585205244,0.23527343231020334,0.06495032526345729,0,0.5484875947066403,0.08987719369664893,81.5,0,1.0,0.0,0.0
MAIN-047,Phi-4-mini-instruct,Q6_K,190,0,0.7078929502713053,0.028601024613025806,0.3101107888407607,0.07059456845826945,0,0.5809392770658549,0.13027215671697692,69.05,0,1.0,0.0,0.0
MAIN-047,Qwen-MediCare-BD,Q3_K_M,190,0,0.5576980364950079,0.06636097526887065,0.12921769964383997,0.046559415917884504,0,0.186172599662948,0.10187815455422401,69.1,0,0.11921052631578946,0.31460288622372434,1.65
MAIN-047,Qwen-MediCare-BD,Q4_K_M,190,0,0.6551112777308414,0.05538287756336607,0.26384133218848677,0.06903973392348889,0,0.46108276000437104,0.1047458559216506,86.65,0,0.631578947368421,0.4836508334066744,0.45
MAIN-047,Qwen-MediCare-BD,Q5_K_M,190,0,0.6361848744906877,0.05316831307155314,0.22051763854335366,0.053810625263392316,0,0.3307568698830558,0.1164066462442683,116.85,0,0.1668629908103592,0.3613493832623933,1.8
MAIN-047,Qwen-MediCare-BD,Q6_K,190,0,0.6428178291571768,0.04686986671424397,0.22566569395886757,0.06736627628744701,0,0.3351516031213429,0.11477784738479463,112.4,0,0.16949620554883713,0.3570862673729965,1.9
MAIN-048,Gemma-3-4B-it,Q3_K_M,190,0,0.7956777312253651,0.029037039946825074,0.5151939623141175,0.07774589822386836,0,0.7037380883287665,0.06632661360006137,113.8,0,1.0,0.0,0.0
MAIN-048,Gemma-3-4B-it,Q4_K_M,190,0,0.8290302141716606,0.054044478189735796,0.5918052057945778,0.13075374704666012,0,0.658918743117653,0.12983357250678132,68.85,0,1.0,0.0,0.0
MAIN-048,Gemma-3-4B-it,Q5_K_M,190,0,0.8541557239858728,0.027350342037799565,0.6139429551026121,0.07554377734173966,0,0.7581647315058992,0.07019922931330665,103.0,0,1.0,0.0,0.0
MAIN-048,Gemma-3-4B-it,Q6_K,190,0,0.8218679057924371,0.02931977315277082,0.5916397084295496,0.08372285061114224,0,0.7118346423783144,0.06293122704590712,125.85,0,1.0,0.0,0.0
MAIN-048,Phi-4-mini-instruct,Q3_K_M,190,0,0.6550985593544809,0.029452351606505077,0.22705822595020067,0.03929676707100532,0,0.3344319246527334,0.10713687175718718,62.5,0,0.7157894736842105,0.4522292319117471,0.15
MAIN-048,Phi-4-mini-instruct,Q4_K_M,190,0,0.6444449788645694,0.04424853677651809,0.2256583576132425,0.046045736282981864,0,0.40555449839277413,0.10334483442977181,65.35,0,0.9,0.3007926037591192,0.05
MAIN-048,Phi-4-mini-instruct,Q5_K_M,190,0,0.6623704254627227,0.04162335610717546,0.23504908017636328,0.05168137291503032,0,0.4132381171721131,0.08808413982999301,70.1,0,0.5105263157894737,0.5012098978847859,0.3
MAIN-048,Phi-4-mini-instruct,Q6_K,190,0,0.659555290874682,0.03280348104561783,0.23130352677664856,0.056363127385481535,0,0.36704100185354127,0.1099955024166473,70.3,0,0.45789473684210524,0.49954030664358856,0.65
MAIN-048,Qwen-MediCare-BD,Q3_K_M,190,0,0.5402709055888025,0.07436560314893817,0.13077593886605296,0.079235002374228,0,0.19685015011472146,0.12865900404655248,62.95,0,0.20676691729323313,0.38586159012188725,1.0
MAIN-048,Qwen-MediCare-BD,Q4_K_M,190,0,0.6071547643134468,0.050041353925997144,0.19472470932223085,0.056590581063896105,0,0.29005564256640093,0.10029619643647089,92.8,0,0.06353383458646618,0.20302090456714403,1.9
MAIN-048,Qwen-MediCare-BD,Q5_K_M,190,0,0.636557318976051,0.03997775655452288,0.20931088839962722,0.048271058063075065,0,0.31042486332141705,0.09778073340263203,109.45,0,0.03794486215538847,0.09762615151920787,2.45
MAIN-048,Qwen-MediCare-BD,Q6_K,190,0,0.6360051757410953,0.04666034700222172,0.22936528582345816,0.06000640314797247,0,0.3717215953030886,0.09963859710471346,87.0,0,0.14947368421052631,0.32592249245046007,1.8
MAIN-049,Gemma-3-4B-it,Q3_K_M,190,0,0.8031946762611991,0.02692721016027261,0.5339742674657632,0.0647496478110884,0,0.6874594981795125,0.05745050772289183,130.8,0,0.5842105263157895,0.49415970887763444,0.25
MAIN-049,Gemma-3-4B-it,Q4_K_M,190,0,0.8484688740027578,0.022583719275185606,0.6269895157446644,0.05834499994139644,0,0.6966542368974842,0.07508357985107314,103.2,0,0.5578947368421052,0.4979490098135241,0.3
MAIN-049,Gemma-3-4B-it,Q5_K_M,190,0,0.806590979036532,0.030934615844981375,0.5249906666648996,0.06806804945710103,0,0.6899251771633296,0.06974959008645805,128.65,0,0.7210526315789474,0.4496664811893448,0.15
MAIN-049,Gemma-3-4B-it,Q6_K,190,0,0.8005199517074384,0.028448810060957265,0.5308106469048328,0.06189830957908083,0,0.687743139212108,0.07320964065844382,130.3,0,0.43157894736842106,0.4966050154331745,0.7
MAIN-049,Phi-4-mini-instruct,Q3_K_M,190,0,0.6482213792048003,0.034668245078977866,0.2328930411332277,0.04413916476112832,0,0.345702322930627,0.11309884287782355,88.85,0,0.2631578947368421,0.44151078568834795,0.6
MAIN-049,Phi-4-mini-instruct,Q4_K_M,190,0,0.6446009585731908,0.05182641792716705,0.22611485746598373,0.06890740450774083,0,0.37337045218935805,0.14646576922707522,68.85,0,0.20350877192982458,0.366256743255683,0.85
MAIN-049,Phi-4-mini-instruct,Q5_K_M,190,0,0.64680679754207,0.03243999037847059,0.22713420738049636,0.04199580256460563,0,0.42014048944541577,0.12094034329003162,98.0,0,0.15350877192982454,0.31702054613481656,1.05
MAIN-049,Phi-4-mini-instruct,Q6_K,190,0,0.6669960432930997,0.023849538827553404,0.24742510342308074,0.038161448854577715,0,0.45657688228814247,0.10056728241120667,90.4,0,0.3324561403508772,0.40335795412961356,1.05
MAIN-049,Qwen-MediCare-BD,Q3_K_M,190,0,0.5454243136079688,0.06991808144296327,0.13998446577502846,0.04403507577497057,0,0.18244002457717048,0.10246033971038535,65.0,0,0.1921198830409357,0.3920697963147599,1.4
MAIN-049,Qwen-MediCare-BD,Q4_K_M,190,0,0.6800839800583689,0.0481366357422793,0.2691485277694687,0.06472453590378871,0,0.35986822487381387,0.10189402064719892,53.2,0,0.2578947368421053,0.4386315775439719,0.7
MAIN-049,Qwen-MediCare-BD,Q5_K_M,190,0,0.6270973305953177,0.04937442580311711,0.19850439429701172,0.05686928459985698,0,0.2647209266999707,0.09541528422747442,92.85,0,0.05974937343358396,0.10521241726806181,2.6
MAIN-049,Qwen-MediCare-BD,Q6_K,190,0,0.6760264142563469,0.054668951604708464,0.2569297997587539,0.08874109074234861,0,0.32087797549890784,0.1817140415508102,47.85,0,0.12894736842105264,0.3260375337376612,0.85
MAIN-050,Gemma-3-4B-it,Q3_K_M,190,0,0.8053591549396515,0.019769430101060928,0.5415922164575449,0.06449366448284323,0,0.7500015289557624,0.04902870353175259,95.65,0,0.8105263157894737,0.3929197945030012,0.4
MAIN-050,Gemma-3-4B-it,Q4_K_M,190,0,0.7972429953123393,0.025401887807471688,0.5257460198631372,0.06796184422658343,0,0.702483569640493,0.05894664892656548,110.15,0,0.642719298245614,0.47391812204018324,0.5
MAIN-050,Gemma-3-4B-it,Q5_K_M,190,0,0.8512342211447264,0.035840956610930896,0.6667354353058899,0.10284002785045321,0,0.7633048288778298,0.10728018076667574,108.15,0,0.3678070175438596,0.4620044742472198,1.45
MAIN-050,Gemma-3-4B-it,Q6_K,190,0,0.804200050391649,0.02508114700211584,0.5209151766632654,0.07521073099928517,0,0.7073994887012285,0.0627597946779157,109.3,0,0.3736842105263158,0.46272954293853286,1.6
MAIN-050,Phi-4-mini-instruct,Q3_K_M,190,0,0.6992416855536009,0.043484136536286154,0.3305618889276752,0.07373375102428578,0,0.46477763199214256,0.1439831215640711,55.95,0,0.8105263157894737,0.3929197945030012,0.1
MAIN-050,Phi-4-mini-instruct,Q4_K_M,190,0,0.6646731938186444,0.04030237750430594,0.25432248205037866,0.060492622643321114,0,0.3813554839173967,0.14467229313147664,59.3,0,0.6368421052631579,0.48218037231442745,0.2
MAIN-050,Phi-4-mini-instruct,Q5_K_M,190,0,0.6916489378402108,0.03037974071856968,0.26844943092160006,0.057926886742567824,0,0.4775982033413765,0.1263745347530736,63.95,0,0.38421052631578945,0.4794873341312721,0.5
MAIN-050,Phi-4-mini-instruct,Q6_K,190,0,0.6738895833492279,0.034409039008294826,0.25955462956567393,0.050473141316723,0,0.4511171393689118,0.10916062028256912,63.2,0,0.41578947368421054,0.4941597088776345,0.35
MAIN-050,Qwen-MediCare-BD,Q3_K_M,190,0,0.5411037393306432,0.08798001425595077,0.13763483770719365,0.045823366455262735,0,0.19535531611270393,0.10503673871854752,52.95,0,0.04618022328548644,0.1869415837363402,2.1
MAIN-050,Qwen-MediCare-BD,Q4_K_M,190,0,0.7108845064514562,0.08548105838401909,0.35334554160563136,0.17451544769690322,0,0.41240529257216596,0.21794326860050217,42.3,0,0.25956140350877194,0.40893257404995875,1.15
MAIN-050,Qwen-MediCare-BD,Q5_K_M,190,0,0.6611424725306662,0.04676674205856858,0.24921353793072878,0.08655571547988025,0,0.3631655333493324,0.16517181039520137,78.55,0,0.06449874686716792,0.1663373162134739,2.3
MAIN-050,Qwen-MediCare-BD,Q6_K,190,0,0.6799639234417363,0.05621827556783374,0.2823179216615312,0.09704356877517728,0,0.3482673836804582,0.12457899687135035,49.65,0,0.08389097744360902,0.19387790788027534,2.1
MAIN-051,Gemma-3-4B-it,Q3_K_M,190,0,0.7706363050561202,0.020811905681633887,0.45213555118482446,0.05565203568445296,0,0.6266557665403947,0.05678739356511474,141.45,0,0.33596491228070174,0.35798455844996524,1.65
MAIN-051,Gemma-3-4B-it,Q4_K_M,190,0,0.7773734782871448,0.024040069125571602,0.4117738849830636,0.0731384079494159,0,0.5460160046858935,0.09365993065259652,73.95,0,0.5754385964912281,0.27406880559711555,1.8
MAIN-051,Gemma-3-4B-it,Q5_K_M,190,0,0.8011169461827529,0.04113058645451007,0.5102439579094437,0.1002554656524302,0,0.6661909583238073,0.10485481990303892,110.3,0,0.46842105263157896,0.4383140276742566,1.3
MAIN-051,Gemma-3-4B-it,Q6_K,190,0,0.7546898292867761,0.024542181453762104,0.4298688157119145,0.06693448220440981,0,0.638778199468422,0.0658028455358991,142.6,0,0.5628070175438596,0.23940147580405638,2.6
MAIN-051,Phi-4-mini-instruct,Q3_K_M,190,0,0.6487252028364884,0.04738234868528524,0.22576538594248777,0.05677301039190976,0,0.26099973884778194,0.11309018369868024,60.25,0,0.38421052631578945,0.4876931530468949,0.6
MAIN-051,Phi-4-mini-instruct,Q4_K_M,190,0,0.6478479153231571,0.03648231445680228,0.2128854619051887,0.04417970602551201,0,0.41144464337652814,0.10231517815773394,71.2,0,0.35526315789473684,0.427454788790916,1.1
MAIN-051,Phi-4-mini-instruct,Q5_K_M,190,0,0.6421890547401027,0.05260531402471058,0.24142280180495457,0.07525500774640752,0,0.4040946944306266,0.1461185216473342,56.1,0,0.1526315789473684,0.2744918429334466,1.3
MAIN-051,Phi-4-mini-instruct,Q6_K,190,0,0.6607936824622908,0.0344689931019083,0.23150510763922572,0.05576865988048004,0,0.4187630518934988,0.09655427734662929,78.25,0,0.35789473684210527,0.35508270563083444,1.45
MAIN-051,Qwen-MediCare-BD,Q3_K_M,190,0,0.5986100810138802,0.05889405990580204,0.20465634342356426,0.08278053063289985,0,0.19933365037812514,0.11286899914398593,41.95,0,0.28087719298245617,0.4207155547625045,1.4
MAIN-051,Qwen-MediCare-BD,Q4_K_M,190,0,0.6123909693015249,0.04922264976306223,0.19837345185387792,0.05410676405797972,0,0.27506148930080926,0.09471231977830742,95.0,0,0.05399749373433584,0.138873599826818,2.1
MAIN-051,Qwen-MediCare-BD,Q5_K_M,190,0,0.6215492370881532,0.047815075189216065,0.17673490873557102,0.0722543403225039,0,0.25445596752174066,0.13705874491902673,102.45,0,0.08699665831244778,0.22978482668558103,2.25
MAIN-051,Qwen-MediCare-BD,Q6_K,190,0,0.6374637669638583,0.05314072409548335,0.20009693424865896,0.07839950759986228,0,0.2615245146035602,0.11431634702777987,87.8,0,0.043646616541353385,0.10109214621744077,2.25
MAIN-052,Gemma-3-4B-it,Q3_K_M,190,0,0.7322295257919713,0.021817689134155854,0.33424953062675145,0.0501504233861354,0,0.6304108613969777,0.07108150220145786,162.8,0,0.28157894736842104,0.31118643914408506,1.65
MAIN-052,Gemma-3-4B-it,Q4_K_M,190,0,0.7485688498145655,0.029476107202239414,0.3823259466763128,0.06591586183373886,0,0.653763040223451,0.06598052121846593,151.65,0,0.2529824561403509,0.4229246381373544,0.8
MAIN-052,Gemma-3-4B-it,Q5_K_M,190,0,0.7742121505109887,0.024588438239123475,0.4335038724960278,0.06533775816759346,0,0.6969286827097763,0.06938971745966645,176.7,0,0.3175438596491228,0.42306285309205316,1.35
MAIN-052,Gemma-3-4B-it,Q6_K,190,0,0.7655835104616064,0.023934886443310963,0.40165315983787336,0.05606900301693159,0,0.6802458355056764,0.07380564034608218,179.8,0,0.3355263157894737,0.30240489763548273,1.6
MAIN-052,Phi-4-mini-instruct,Q3_K_M,190,0,0.6587221358951769,0.03141643578882705,0.2416263038665549,0.03939765798632936,0,0.4985201084807902,0.11520507701610484,91.65,0,0.8416666666666665,0.25624905901664025,1.2
MAIN-052,Phi-4-mini-instruct,Q4_K_M,190,0,0.6264288916399604,0.04793669427345535,0.19704807726935694,0.04937452410111381,0,0.49099113812020856,0.1288934635194875,98.75,0,0.655,0.35802691874269127,1.3
MAIN-052,Phi-4-mini-instruct,Q5_K_M,190,0,0.6151680690677542,0.04100879078375447,0.18958043851674683,0.05296870880928052,0,0.4422337039977868,0.16025226201433143,95.5,0,0.8314912280701755,0.2759481515516108,1.25
MAIN-052,Phi-4-mini-instruct,Q6_K,190,0,0.6430440411755913,0.03909371876709884,0.22136280220812496,0.03977314174269722,0,0.513015383546104,0.1157689953590632,96.3,0,0.9017543859649123,0.20066722453897928,1.1
MAIN-052,Qwen-MediCare-BD,Q3_K_M,78,112,0.5348283686699011,0.06880704371934004,0.14841581514055419,0.07624802379873,112,0.28827186867288773,0.13238238074842043,69.46153846153847,112,0.2553418803418803,0.4181445098226582,1.0769230769230769
MAIN-052,Qwen-MediCare-BD,Q4_K_M,190,0,0.5940915912389755,0.04942088734673519,0.16452177897037235,0.05299834772083254,0,0.2869545055907231,0.12754387919437518,113.05,0,0.05711177711177711,0.1824457424559058,3.35
MAIN-052,Qwen-MediCare-BD,Q5_K_M,190,0,0.6000985024791015,0.07047284438348354,0.17121469738085093,0.08071485945594761,0,0.233386478643616,0.13536939573120416,101.15,0,0.08554112554112556,0.2709020408431786,2.1
MAIN-052,Qwen-MediCare-BD,Q6_K,190,0,0.5977073407486866,0.05486153259895123,0.16990066281108507,0.08076753956957769,0,0.25404108917715323,0.15144242004964245,74.7,0,0.09374724690514163,0.27392171641182406,2.1
MAIN-053,Gemma-3-4B-it,Q3_K_M,190,0,0.7220080918387363,0.023944106125429385,0.34197421333482025,0.0539449862799369,0,0.6046228690896592,0.07523709090466002,107.95,0,0.7298245614035087,0.2658043236822829,1.3
MAIN-053,Gemma-3-4B-it,Q4_K_M,190,0,0.7587774135564503,0.020172687758316005,0.44633548212258,0.04742784941787426,0,0.6214168580690724,0.07392355590574426,110.1,0,0.7605263157894737,0.25043821243095876,1.35
MAIN-053,Gemma-3-4B-it,Q5_K_M,190,0,0.7284388488844822,0.03552109064383285,0.3479657827985502,0.10335870795142905,0,0.5553168951476737,0.07759463605972147,107.0,0,0.3368421052631579,0.44210957285297825,0.75
MAIN-053,Gemma-3-4B-it,Q6_K,190,0,0.7200904419547633,0.0291705393275097,0.3486883394770727,0.07503719346996161,0,0.5874140853717866,0.09239394116674497,109.95,0,0.4052631578947368,0.4922399769744163,0.4
MAIN-053,Phi-4-mini-instruct,Q3_K_M,190,0,0.6732159272620553,0.04856868675928763,0.31330280220520007,0.09422281191085335,0,0.4181181286517393,0.13829739860211074,25.5,0,0.6473684210526316,0.47905155531350413,0.2
MAIN-053,Phi-4-mini-instruct,Q4_K_M,190,0,0.6146877610369732,0.046785208208179524,0.21669615672837075,0.07259230758745608,0,0.2703440329603713,0.1474204102021067,43.85,0,0.2951754385964912,0.45349430263358065,0.7
MAIN-053,Phi-4-mini-instruct,Q5_K_M,190,0,0.6138601453680741,0.04741271472855324,0.20542046642195158,0.07070234605517493,0,0.3521899158525596,0.1244195315774932,42.2,0,0.31842105263157894,0.46567653644077733,0.8
MAIN-053,Phi-4-mini-instruct,Q6_K,190,0,0.6206447303295135,0.04484451189817645,0.21629236285134684,0.08047559667156343,0,0.3311868472997852,0.14942300280357212,50.1,0,0.3350877192982456,0.43271203380397055,0.8
MAIN-053,Qwen-MediCare-BD,Q3_K_M,190,0,0.5279545614593908,0.0882963499633672,0.11886455798306392,0.06357108428501716,0,0.17527790836629956,0.1143988964102361,25.75,0,0.4842105263157895,0.5010709777629665,0.4
MAIN-053,Qwen-MediCare-BD,Q4_K_M,190,0,0.602052074357083,0.051009001589397605,0.1706061921386565,0.05652434552614536,0,0.30663386277220617,0.15284584959325784,120.35,0,0.13087719298245615,0.3160601117586201,1.6
MAIN-053,Qwen-MediCare-BD,Q5_K_M,190,0,0.6031865049349634,0.05252704077184932,0.16847050832276797,0.06455817872403039,0,0.267032688836409,0.1304065023777073,89.3,0,0.381140350877193,0.4693919392796004,0.8
MAIN-053,Qwen-MediCare-BD,Q6_K,190,0,0.6092871943586751,0.03984810953550676,0.16762689668396896,0.04871015417899099,0,0.261895693465195,0.11464987083651296,79.4,0,0.29736842105263156,0.4568623390925231,0.9
MAIN-054,Gemma-3-4B-it,Q3_K_M,190,0,0.7781034711160157,0.02385455676531988,0.4581377755406828,0.06023080379666052,0,0.6085931383541783,0.07970856130575309,117.1,0,0.8105263157894737,0.39291979450300113,0.1
MAIN-054,Gemma-3-4B-it,Q4_K_M,190,0,0.8195334961539821,0.02551336323107135,0.5381656211663477,0.08209212613358716,0,0.625091754220002,0.08943832952760641,81.3,0,1.0,0.0,0.0
MAIN-054,Gemma-3-4B-it,Q5_K_M,190,0,0.754908225410863,0.026027877507221343,0.37890758151366766,0.06041964080771136,0,0.5408378615263217,0.07265097113253534,111.1,0,0.2736842105263158,0.44702675045503637,0.65
MAIN-054,Gemma-3-4B-it,Q6_K,190,0,0.7967639885450665,0.02387917895320866,0.4728554995673453,0.0743185286487414,0,0.5850700998704416,0.07084683138162864,109.25,0,0.8052631578947368,0.39704421702839243,0.1
MAIN-054,Phi-4-mini-instruct,Q3_K_M,190,0,0.6637729666734996,0.05873211523173948,0.27379848276728147,0.0886754212369616,0,0.3385263424598712,0.14804404894998083,46.1,0,1.0,0.0,0.0
MAIN-054,Phi-4-mini-instruct,Q4_K_M,190,0,0.6264564118887249,0.04047401235576031,0.2016741612368435,0.04751693058188742,0,0.28222913941830924,0.10697624683618985,57.0,0,0.9,0.30079260375911915,0.05
MAIN-054,Phi-4-mini-instruct,Q5_K_M,190,0,0.6403070779223191,0.050414512990014766,0.21138389234900493,0.08061297383054301,0,0.2904559063410953,0.126863478464971,61.55,0,0.39473684210526316,0.4900854954141897,0.8
MAIN-054,Phi-4-mini-instruct,Q6_K,190,0,0.6646223865057292,0.04863069185506032,0.2533573462756299,0.08154689905054138,0,0.341868126252254,0.12302890200025145,65.95,0,0.531578947368421,0.5003201425658247,0.8
MAIN-054,Qwen-MediCare-BD,Q3_K_M,171,19,0.5154609345553214,0.0827503165657398,0.12386536388772879,0.05661203376172355,19,0.17347456752057552,0.12381370426553812,27.94736842105263,19,0.7953216374269005,0.404651319111256,0.3684210526315789
MAIN-054,Qwen-MediCare-BD,Q4_K_M,190,0,0.6891187426291014,0.045856998145033724,0.29577951627948756,0.08300130089856708,0,0.3319321194838142,0.0886535475847928,51.75,0,0.8052631578947368,0.3970442170283925,0.2
MAIN-054,Qwen-MediCare-BD,Q5_K_M,190,0,0.6469921479099675,0.057475312406525716,0.22391415148358743,0.07704540030157182,0,0.2891160394000675,0.08682079590066358,67.9,0,0.24464912280701756,0.4114959870623541,1.05
MAIN-054,Qwen-MediCare-BD,Q6_K,190,0,0.7273335265485864,0.059689766025553405,0.39735695943147065,0.12576734019936042,0,0.3513914012173979,0.1361483173304079,50.9,0,0.12419799498746867,0.18558244363247725,2.5
MAIN-055,Gemma-3-4B-it,Q3_K_M,190,0,0.7326646089553833,0.022153612812576023,0.3937930956360771,0.05272935621867511,0,0.6349773610334819,0.05729636732368015,176.6,0,0.7539473684210526,0.2589217628640577,1.95
MAIN-055,Gemma-3-4B-it,Q4_K_M,190,0,0.739742173332917,0.03395086831094422,0.4365384380724989,0.08219119759292821,0,0.6306478900024373,0.07823886526465194,158.4,0,0.6464912280701754,0.28307535445751353,2.45
MAIN-055,Gemma-3-4B-it,Q5_K_M,190,0,0.7638675391674041,0.02613021310541555,0.48470195394146354,0.06211541028814134,0,0.6834452069725588,0.059914231649336847,165.1,0,0.6350877192982456,0.2637124019604306,1.9
MAIN-055,Gemma-3-4B-it,Q6_K,190,0,0.7683770276998219,0.031000796015149743,0.504766315209593,0.08559658320115242,0,0.630633943935839,0.07413804497951466,180.95,0,0.6442982456140351,0.2509030227093049,2.3
MAIN-055,Phi-4-mini-instruct,Q3_K_M,190,0,0.6572524051917227,0.04406561812577468,0.2951480610716151,0.07261362367768025,0,0.5754373735884972,0.10183807916261266,91.9,0,0.5780701754385965,0.2452699284235977,1.55
MAIN-055,Phi-4-mini-instruct,Q4_K_M,190,0,0.615318859250922,0.056909920657045275,0.20628852477288837,0.07140583135532283,0,0.4572940512751263,0.17481271950920274,92.0,0,0.564561403508772,0.2794157222268135,1.65
MAIN-055,Phi-4-mini-instruct,Q5_K_M,190,0,0.6411041796207428,0.03935524386963108,0.2489407877610044,0.0720629381285143,0,0.5573876952664092,0.08351446221277795,91.4,0,0.5896491228070174,0.28034977468021555,1.6
MAIN-055,Phi-4-mini-instruct,Q6_K,190,0,0.6497290375985597,0.02786897179329117,0.24074846986052337,0.042754081889506,0,0.5428404290506015,0.06935986203403226,112.65,0,0.5103508771929824,0.2686946579456226,1.95
MAIN-055,Qwen-MediCare-BD,Q3_K_M,190,0,0.5800742884999828,0.0870892822093703,0.21972639151879275,0.1032536976490118,0,0.6261866348285848,0.19181498918066142,63.6,0,0.8052631578947368,0.39704421702839243,0.95
MAIN-055,Qwen-MediCare-BD,Q4_K_M,190,0,0.5899083217507914,0.06363262392540524,0.1768463576439724,0.09482626077431676,0,0.30349443164835327,0.22927107499944577,77.75,0,0.1674561403508772,0.3621425515415079,1.35
MAIN-055,Qwen-MediCare-BD,Q5_K_M,190,0,0.6545509291322608,0.03564253436585094,0.2303107466188586,0.06582995250661866,0,0.38603423184606683,0.11659555603045803,83.85,0,0.1217000835421888,0.275877438074752,1.5
MAIN-055,Qwen-MediCare-BD,Q6_K,190,0,0.6790940761566162,0.08849918477219858,0.32622733152145317,0.16956522182619202,0,0.43375745113364,0.19102191622784404,66.2,0,0.18921052631578944,0.3685257817310086,1.65
MAIN-056,Gemma-3-4B-it,Q3_K_M,190,0,0.7583024385728334,0.025100102806731178,0.4463265163727859,0.06816136989100259,0,0.651881218756312,0.05166063473177175,138.8,0,0.7135964912280702,0.24850686570778668,2.15
MAIN-056,Gemma-3-4B-it,Q4_K_M,190,0,0.7661541480767099,0.025245786877974602,0.47717710556720205,0.06229773444196786,0,0.6534729282932148,0.07633303286933654,166.55,0,1.0,0.0,2.0
MAIN-056,Gemma-3-4B-it,Q5_K_M,190,0,0.761782443523407,0.036512521745225776,0.46708023143276967,0.09553368470772525,0,0.662004425015839,0.09453088558523326,158.95,0,0.95,0.15039630187955957,1.95
MAIN-056,Gemma-3-4B-it,Q6_K,190,0,0.7802192082530574,0.024002358756653037,0.48855393214399556,0.060067490432452526,0,0.680177370055832,0.07347514893564781,175.4,0,1.0,0.0,2.0
MAIN-056,Phi-4-mini-instruct,Q3_K_M,190,0,0.6558957743017297,0.04382806398318941,0.2510741097062452,0.0702753806243016,0,0.39213422361368117,0.10568285530847057,62.9,0,0.6078947368421053,0.2680502259005009,1.6
MAIN-056,Phi-4-mini-instruct,Q4_K_M,190,0,0.6427667037436836,0.04011534301579509,0.2376232954948378,0.05473763687779726,0,0.3744230477965781,0.11195078619511667,68.55,0,0.622719298245614,0.29202092898424153,1.55
MAIN-056,Phi-4-mini-instruct,Q5_K_M,190,0,0.6557762321672942,0.03007976152441293,0.24774719282107394,0.0449848874994444,0,0.40275996548630416,0.09446805657839412,66.75,0,0.6414035087719299,0.2831425144126701,1.5
MAIN-056,Phi-4-mini-instruct,Q6_K,190,0,0.6496504648735649,0.028687350136972083,0.23975129920057328,0.04226264880512727,0,0.4180914969348963,0.08992197875953517,81.4,0,0.6657894736842105,0.26085902974271485,1.45
MAIN-056,Qwen-MediCare-BD,Q3_K_M,190,0,0.5407918966130206,0.0732369317952858,0.1385704617265563,0.04922047672346694,0,0.19761825321728896,0.14202962345430492,61.2,0,0.2436612364243943,0.3974932912029744,1.45
MAIN-056,Qwen-MediCare-BD,Q4_K_M,190,0,0.6417849923435011,0.04821161801391799,0.2594560396612061,0.08008701901637168,0,0.38441322080470913,0.10647819802946631,79.75,0,0.26503222869321935,0.249899850686384,3.3
MAIN-056,Qwen-MediCare-BD,Q5_K_M,190,0,0.6657423315863861,0.06256090205085359,0.2591501566667943,0.10717135958465533,0,0.43390658359589784,0.18033533237824861,89.0,0,0.0677931571352624,0.18248899186121859,3.4
MAIN-056,Qwen-MediCare-BD,Q6_K,190,0,0.6353992496666155,0.050335867840693875,0.2324984917777998,0.07474165549608945,0,0.3306349896136257,0.1022805697896586,80.4,0,0.1896058327637275,0.27636078750266313,3.4
MAIN-057,Gemma-3-4B-it,Q3_K_M,190,0,0.7095247899231157,0.025856948575589508,0.3205493807534184,0.05644204988385462,0,0.51387450669925,0.06316830312247086,137.4,0,0.531578947368421,0.5003201425658247,0.3
MAIN-057,Gemma-3-4B-it,Q4_K_M,190,0,0.7225932638896139,0.01817581315073768,0.34091192482301397,0.05154623780379488,0,0.5913059677538411,0.05078331056825409,129.2,0,0.9,0.30079260375911915,0.1
MAIN-057,Gemma-3-4B-it,Q5_K_M,190,0,0.7532953886609328,0.018293591747797093,0.4316027567325529,0.04770842989725146,0,0.6047537456770721,0.05658173979157603,124.45,0,0.9,0.30079260375911915,0.05
MAIN-057,Gemma-3-4B-it,Q6_K,190,0,0.74777699614826,0.021455449114032698,0.4323447089250912,0.05104328817337566,0,0.5806769542398076,0.06343386190716195,131.6,0,0.9,0.3007926037591192,0.05
MAIN-057,Phi-4-mini-instruct,Q3_K_M,190,0,0.6118573006830718,0.04286003619259378,0.19878991060973283,0.06697362829355138,0,0.21016685197153884,0.11177488117555415,42.2,0,0.9,0.30079260375911915,0.05
MAIN-057,Phi-4-mini-instruct,Q4_K_M,190,0,0.6151017554496464,0.04509991472941728,0.23553234615470503,0.06454353228263444,0,0.26521702674345826,0.13105993820173717,46.15,0,1.0,0.0,0.0
MAIN-057,Phi-4-mini-instruct,Q5_K_M,190,0,0.6166375856650503,0.04228767818482159,0.19913804250640404,0.05876420656311413,0,0.2940949952651904,0.12410129039022584,57.6,0,0.7157894736842105,0.4522292319117471,0.15
MAIN-057,Phi-4-mini-instruct,Q6_K,190,0,0.6213478794223384,0.03550840934860029,0.21531143269413072,0.05138217460843517,0,0.25024184134964506,0.10643800926697697,42.9,0,0.9,0.30079260375911915,0.05
MAIN-057,Qwen-MediCare-BD,Q3_K_M,190,0,0.537395568584141,0.08969462782526169,0.14893011178580973,0.07208182674480137,0,0.14057757949332947,0.128145498680849,23.35,0,1.0,0.0,0.0
MAIN-057,Qwen-MediCare-BD,Q4_K_M,190,0,0.6875012990675474,0.042069013467740585,0.2984373154259805,0.07186297878681072,0,0.4040606749314016,0.09496081646944779,47.5,0,0.9,0.3007926037591192,0.05
MAIN-057,Qwen-MediCare-BD,Q5_K_M,190,0,0.6757105428921549,0.06845465379997,0.2753804040939288,0.112554649975875,0,0.36989512926832796,0.13026933075620997,49.3,0,0.8078947368421052,0.3933182529711795,0.3
MAIN-057,Qwen-MediCare-BD,Q6_K,190,0,0.6469999118855125,0.07588214491397989,0.24687177713242325,0.10193720472004617,0,0.32250071360756366,0.12880459701535946,53.05,0,0.7171052631578947,0.45049595183270547,0.3
MAIN-058,Gemma-3-4B-it,Q3_K_M,190,0,0.721417089198765,0.03139943843490718,0.3406824447958359,0.08098369268383353,0,0.6053856894794697,0.10115963127719753,151.4,0,0.4820175438596492,0.22036864452707886,2.7
MAIN-058,Gemma-3-4B-it,Q4_K_M,190,0,0.7399837271163338,0.02641622960059456,0.42911945380377386,0.06192711630978875,0,0.7438198275771688,0.04249801747293174,176.4,0,0.5220426065162906,0.279321826942206,2.45
MAIN-058,Gemma-3-4B-it,Q5_K_M,190,0,0.7826068344869112,0.025208659502610063,0.5202888004669881,0.056554071870528244,0,0.7439551360502737,0.08415140904339079,181.65,0,0.7561403508771931,0.23358581240159731,2.05
MAIN-058,Gemma-3-4B-it,Q6_K,190,0,0.7628202918328737,0.021070534166917874,0.4901287886339856,0.0449251967084109,0,0.7190697469882478,0.0894889765889642,177.45,0,0.6049122807017543,0.2877355251224002,2.1
MAIN-058,Phi-4-mini-instruct,Q3_K_M,190,0,0.6494547778054287,0.030850975009342745,0.26539063102360566,0.04564452778630863,0,0.5158967936311833,0.1273484290751545,72.15,0,0.7298245614035087,0.2658043236822829,1.3
MAIN-058,Phi-4-mini-instruct,Q4_K_M,190,0,0.6515681966354973,0.026619625374860182,0.2272499999247786,0.04854334689622701,0,0.48465625342172874,0.12279738224172013,100.0,0,0.5264912280701755,0.31588825460821507,1.5
MAIN-058,Phi-4-mini-instruct,Q5_K_M,190,0,0.6531765790362107,0.030134927739188022,0.2579957691468278,0.051778774490272544,0,0.5582457714654048,0.12597936520939443,98.5,0,0.6171052631578947,0.2651768026363844,1.5
MAIN-058,Phi-4-mini-instruct,Q6_K,190,0,0.6519046306610108,0.03224225327223881,0.2497627018402319,0.0518088414073138,0,0.4986333523451525,0.12237039294991382,88.2,0,0.6631578947368421,0.2633601747403798,1.4
MAIN-058,Qwen-MediCare-BD,Q3_K_M,190,0,0.5946966489678935,0.07806859949224941,0.21323944843802184,0.08700296701902065,0,0.5067002750365783,0.20576240356217984,59.0,0,0.6947368421052632,0.33697536930362104,1.2
MAIN-058,Qwen-MediCare-BD,Q4_K_M,190,0,0.594672468304634,0.06100512619207146,0.15930459692953852,0.0831404180568044,0,0.2893189287827031,0.18263245069820888,72.9,0,0.10211152882205515,0.27500506629751015,2.0
MAIN-058,Qwen-MediCare-BD,Q5_K_M,190,0,0.5976888306831059,0.04945618823730885,0.19326134728661223,0.07064251531727267,0,0.32018614671530177,0.13264962280558024,76.5,0,0.31914995822890563,0.24336613489229852,2.65
MAIN-058,Qwen-MediCare-BD,Q6_K,190,0,0.6447556702714218,0.05415351761700157,0.22339456295403487,0.09012734755853118,0,0.3148464877166354,0.11623207962370598,72.7,0,0.1508375104427736,0.2397585074203818,2.05
MAIN-059,Gemma-3-4B-it,Q3_K_M,190,0,0.7565085985158619,0.027667320355313788,0.40265671305590794,0.07704719472983657,0,0.6478910652894426,0.0715370344419969,118.6,0,0.29299802536644637,0.16387191490082206,4.8
MAIN-059,Gemma-3-4B-it,Q4_K_M,190,0,0.7489920669480374,0.024600590915536336,0.3603687661340755,0.07265947535954324,0,0.6542635902058638,0.08579156364964308,92.75,0,0.39009797220323533,0.1942058047558897,4.75
MAIN-059,Gemma-3-4B-it,Q5_K_M,190,0,0.7634795273605146,0.023800519542916822,0.4273578550267425,0.06021141373684992,0,0.6894795769165464,0.05418663855653379,112.3,0,0.23623049465154725,0.17013041829036615,5.2
MAIN-059,Gemma-3-4B-it,Q6_K,190,0,0.7387167641991064,0.0244265654125608,0.36278270599737644,0.0583359945399794,0,0.6193484882705524,0.06353166255541938,108.0,0,0.17643996354522667,0.15820703504815273,4.3
MAIN-059,Phi-4-mini-instruct,Q3_K_M,190,0,0.619153695671182,0.04703062003849482,0.1992495177624554,0.06080517707205605,0,0.32324149117939255,0.13720102117540703,42.05,0,0.3548245614035088,0.4490650666429362,1.0
MAIN-059,Phi-4-mini-instruct,Q4_K_M,190,0,0.6521212853883442,0.036462859074828075,0.23730532071989696,0.05982459364512291,0,0.3988681128003438,0.12862101869322537,46.7,0,0.26842105263157895,0.44430866764787996,0.5
MAIN-059,Phi-4-mini-instruct,Q5_K_M,190,0,0.6306655061872382,0.030254986031765668,0.20922742190439264,0.045309322925170384,0,0.4132604903208467,0.10834818638712346,57.85,0,0.17982456140350875,0.37362638675203147,0.85
MAIN-059,Phi-4-mini-instruct,Q6_K,190,0,0.6554191335251457,0.02583159969277883,0.22639157629100662,0.037495745115227526,0,0.4449208677424366,0.09610519036085555,57.15,0,0.28157894736842104,0.43350948586390026,0.75
MAIN-059,Qwen-MediCare-BD,Q3_K_M,190,0,0.6885686444608788,0.11183584228660874,0.4179993591863503,0.18101190233743428,0,0.44528145774983485,0.2011650030940451,21.6,0,0.7157894736842105,0.4522292319117471,1.0
MAIN-059,Qwen-MediCare-BD,Q4_K_M,190,0,0.6148681518278624,0.03805528326227864,0.16232539588542538,0.06201067433284666,0,0.25773547502331806,0.1110358070743377,94.85,0,0.08961538461538461,0.2718876965123649,2.9
MAIN-059,Qwen-MediCare-BD,Q5_K_M,190,0,0.6185250665012159,0.054696515044825075,0.20038856975728617,0.09703163895761659,0,0.24957112982423524,0.13233427696273536,86.9,0,0.1488259109311741,0.35514046944798167,1.55
MAIN-059,Qwen-MediCare-BD,Q6_K,190,0,0.6230973933872423,0.03719524240108379,0.19278438383742863,0.06300262513907706,0,0.2878277907352945,0.09972406041133144,70.95,0,0.19013157894736843,0.39270545602011936,1.85
MAIN-060,Gemma-3-4B-it,Q3_K_M,190,0,0.7542420249236258,0.027780053016093178,0.4331038289351571,0.06673837226307698,0,0.6882056173124245,0.05875123386489432,127.6,0,0.609122807017544,0.2181002420568566,2.8
MAIN-060,Gemma-3-4B-it,Q4_K_M,190,0,0.7450100550526066,0.02742794186914476,0.4269972548427596,0.06405038641966007,0,0.654726126831571,0.06929364930091915,161.25,0,0.541265664160401,0.2547092194639433,2.9
MAIN-060,Gemma-3-4B-it,Q5_K_M,190,0,0.7512742051952763,0.028355556674973144,0.4556273129204964,0.06399843728676173,0,0.6282842345459031,0.08151828724993382,159.7,0,0.668859649122807,0.23902023744233394,2.15
MAIN-060,Gemma-3-4B-it,Q6_K,190,0,0.737180359112589,0.02874709671060546,0.39689857554825975,0.08045966799098901,0,0.6708544423484786,0.08096789361990173,160.05,0,0.520438596491228,0.2936854258669068,2.2
MAIN-060,Phi-4-mini-instruct,Q3_K_M,190,0,0.6239378016245992,0.053397703566592,0.2514829447363311,0.08178202744267664,0,0.48765365649693615,0.1461559439697553,66.15,0,0.5471052631578948,0.25206748983415983,1.65
MAIN-060,Phi-4-mini-instruct,Q4_K_M,190,0,0.6412478630480013,0.046433490804086264,0.20968625794926204,0.05966123880612157,0,0.49870984576686733,0.1896360234084177,94.0,0,0.4281578947368421,0.19351888160025846,2.35
MAIN-060,Phi-4-mini-instruct,Q5_K_M,190,0,0.6339909296286733,0.03821264783316292,0.22587615044469125,0.04644269815588452,0,0.538275261482929,0.10314106460761654,83.85,0,0.5228947368421052,0.24454203325280138,1.85
MAIN-060,Phi-4-mini-instruct,Q6_K,190,0,0.6534978483852587,0.027912601503396844,0.22755063142827636,0.04591077486191838,0,0.5399727056277516,0.1060109150299274,96.4,0,0.5167606516290726,0.275600687480094,2.15
MAIN-060,Qwen-MediCare-BD,Q3_K_M,190,0,0.5593549593498832,0.07717501167432377,0.16441127099519534,0.05223328153459578,0,0.45008472024313,0.16913331594743256,63.9,0,0.45185222672064773,0.4299085843675441,1.75
MAIN-060,Qwen-MediCare-BD,Q4_K_M,190,0,0.6045313927688096,0.04101147088818035,0.1726874529134783,0.04810237048596186,0,0.28626845573603976,0.11975723953988517,100.8,0,0.0499937343358396,0.11268720051698936,3.05
MAIN-060,Qwen-MediCare-BD,Q5_K_M,190,0,0.6283851929401096,0.0816180902344579,0.22195636131287444,0.11255251323256006,0,0.3251897260129323,0.17504811929976888,69.2,0,0.28838137009189646,0.24787101037849127,2.55
MAIN-060,Qwen-MediCare-BD,Q6_K,190,0,0.6833422999632986,0.056360433254103864,0.28421596074001587,0.12573799323015197,0,0.4014766203215676,0.15668936281266024,65.6,0,0.306610275689223,0.2906038464829062,2.25
MAIN-061,Gemma-3-4B-it,Q3_K_M,190,0,0.7891220993117283,0.02448423144593161,0.5087519316269337,0.07072852656987136,0,0.6475703266718459,0.05404766093587451,164.45,0,0.9,0.30079260375911915,1.0
MAIN-061,Gemma-3-4B-it,Q4_K_M,190,0,0.803496179455205,0.025442377397038137,0.5404049290757772,0.06914488294876653,0,0.6834699545004972,0.06834219519957418,163.8,0,0.7368421052631579,0.3267236636094598,2.0
MAIN-061,Gemma-3-4B-it,Q5_K_M,190,0,0.7900342605615917,0.01898662850685315,0.484217836156594,0.05590080844718232,0,0.6759978993711341,0.05445992145705587,185.45,0,0.3105263157894737,0.43751914466605646,1.05
MAIN-061,Gemma-3-4B-it,Q6_K,190,0,0.809391271754315,0.02898992266558182,0.5428474352449678,0.07248077069616887,0,0.6727767752351002,0.07326881266400656,184.4,0,0.4263157894736842,0.44524781193745094,1.2
MAIN-061,Phi-4-mini-instruct,Q3_K_M,190,0,0.6368034011439273,0.03809882573513057,0.22717712180456243,0.0738603789937747,0,0.2833495363103061,0.13045990517034153,77.25,0,0.6236842105263158,0.4648685372148028,0.85
MAIN-061,Phi-4-mini-instruct,Q4_K_M,190,0,0.6304587605752443,0.04652155515409793,0.2031266191939533,0.05316512321035263,0,0.3014960596870648,0.1272300332820281,92.0,0,0.3605263157894737,0.46889461010814704,0.6
MAIN-061,Phi-4-mini-instruct,Q5_K_M,190,0,0.6476277787434427,0.03358539680758627,0.21773085842019302,0.048269342976270294,0,0.2976937514847678,0.1279626052828709,95.05,0,0.7315789473684211,0.44430866764787996,0.85
MAIN-061,Phi-4-mini-instruct,Q6_K,190,0,0.6504235917016079,0.03811367944125476,0.19125152237228565,0.05373349514878476,0,0.34045612940518627,0.1385416399371889,131.05,0,0.8526315789473684,0.3201659970455332,1.0
MAIN-061,Qwen-MediCare-BD,Q3_K_M,190,0,0.6845433539465854,0.21922631524332675,0.44098555665815925,0.37612125040057465,0,0.5828613363131614,0.47324134652949096,5.3,0,1.0,0.0,0.0
MAIN-061,Qwen-MediCare-BD,Q4_K_M,190,0,0.6117915859347896,0.057592937143025685,0.21122231117000909,0.06795218281287581,0,0.29777465858008634,0.13352048798846594,85.15,0,0.5614035087719298,0.26607919369729977,1.65
MAIN-061,Qwen-MediCare-BD,Q5_K_M,190,0,0.609854792136895,0.06457812710607588,0.18940082521902185,0.07342524332718815,0,0.3439923091821134,0.188129806846053,162.15,0,0.1662280701754386,0.23705419628611452,2.0
MAIN-061,Qwen-MediCare-BD,Q6_K,190,0,0.6368541617142527,0.04714527782842761,0.21635717170885993,0.07164003322896455,0,0.2956298158235887,0.13095617415901475,120.75,0,0.20717234519866093,0.2807464256793197,2.6
MAIN-062,Gemma-3-4B-it,Q3_K_M,190,0,0.7544604411250666,0.024092838737885248,0.41735153301190175,0.06727286839085553,0,0.6331852172178207,0.05865140328448886,142.9,0,0.6315789473684209,0.30582694714543557,2.6
MAIN-062,Gemma-3-4B-it,Q4_K_M,190,0,0.7325327054450387,0.02234805509995965,0.39614042941930555,0.057172594582725896,0,0.6410462144035389,0.08345517047785408,159.3,0,0.539298245614035,0.2696963671419783,1.75
MAIN-062,Gemma-3-4B-it,Q5_K_M,190,0,0.7563493032204477,0.021889704031854345,0.447599496513892,0.054635994966361165,0,0.6822989415712457,0.06865672029249668,172.05,0,1.0,0.0,1.0
MAIN-062,Gemma-3-4B-it,Q6_K,190,0,0.77406060507423,0.020741613905351706,0.4761758474548404,0.055022002141937934,0,0.7451181572005063,0.0466608916642278,176.0,0,0.8855263157894737,0.23651680218646945,1.15
MAIN-062,Phi-4-mini-instruct,Q3_K_M,190,0,0.6650204740072552,0.04096053390319009,0.278200572676218,0.0712066078178435,0,0.3924706222973363,0.09968475753510758,66.0,0,0.6482456140350876,0.2639909152166686,1.5
MAIN-062,Phi-4-mini-instruct,Q4_K_M,190,0,0.6297535400641592,0.029506177781821383,0.21639408500707327,0.05294418839220799,0,0.3263737658827604,0.10755331860016132,80.5,0,0.5285087719298246,0.3054210356785089,1.5
MAIN-062,Phi-4-mini-instruct,Q5_K_M,171,19,0.6399482415433515,0.03406705637377675,0.23008604216080555,0.06628261742142164,19,0.32713392555693754,0.10488034837959374,95.57894736842105,19,0.5810916179337232,0.33118401780321755,1.4736842105263157
MAIN-062,Phi-4-mini-instruct,Q6_K,190,0,0.6499284916802457,0.035930326273860266,0.2357267131356135,0.05932512579870622,0,0.333399497691051,0.0995003062282475,92.95,0,0.6229824561403509,0.34890589844432857,1.35
MAIN-062,Qwen-MediCare-BD,Q3_K_M,190,0,0.5453569634964591,0.0820957755120564,0.16363323291233436,0.0729022446912179,0,0.30815926337122096,0.10014952510991715,47.5,0,0.47192982456140353,0.4103329053669647,1.1
MAIN-062,Qwen-MediCare-BD,Q4_K_M,171,19,0.6342627859255027,0.03954374026943721,0.22220438088205635,0.04611273276260683,19,0.3688587992107488,0.0796217089735587,103.78947368421052,19,0.19979351382860153,0.14656393961601524,3.4210526315789473
MAIN-062,Qwen-MediCare-BD,Q5_K_M,190,0,0.6530544776665537,0.044650188033416346,0.22979824248779482,0.08016043433172752,0,0.29902215849576247,0.10589285153132591,90.3,0,0.14338345864661653,0.3168331018523341,1.8
MAIN-062,Qwen-MediCare-BD,Q6_K,190,0,0.6360709052336844,0.04341306960805472,0.2221470564953643,0.04959260718575601,0,0.36075744973159657,0.08795618639346721,91.75,0,0.532781954887218,0.31634724608684267,1.9
MAIN-063,Gemma-3-4B-it,Q3_K_M,190,0,0.7202012733409279,0.021857566320962283,0.3245027274206852,0.04919552483498599,0,0.6042033144992409,0.061873319067395655,157.75,0,0.5578947368421052,0.4979490098135241,0.3
MAIN-063,Gemma-3-4B-it,Q4_K_M,190,0,0.7313894833389082,0.02895109349423152,0.3626437394248516,0.07077946284381677,0,0.6092821293780529,0.07615915496772167,142.95,0,0.5578947368421052,0.4979490098135241,0.3
MAIN-063,Gemma-3-4B-it,Q5_K_M,190,0,0.7633992163758528,0.02711041990055134,0.4493908096148026,0.06713894176898004,0,0.686702018415915,0.06910614717785987,157.15,0,0.9,0.3007926037591192,0.05
MAIN-063,Gemma-3-4B-it,Q6_K,190,0,0.7338311358502037,0.024069404888715402,0.385891903276696,0.05839392542147167,0,0.6361563578611498,0.061516693162723776,149.45,0,0.9,0.3007926037591192,0.05
MAIN-063,Phi-4-mini-instruct,Q3_K_M,190,0,0.6307093846170526,0.06765125075447322,0.27307959995555486,0.12409531433801742,0,0.4602164383247399,0.1633534800953044,63.3,0,0.6631578947368421,0.4738791022072738,0.8
MAIN-063,Phi-4-mini-instruct,Q4_K_M,190,0,0.6378558359648052,0.04816704331412118,0.2574458111320008,0.08669248205799439,0,0.4829047283428672,0.11609130065281571,68.4,0,0.6052631578947368,0.4900854954141897,0.75
MAIN-063,Phi-4-mini-instruct,Q5_K_M,190,0,0.6202005518110175,0.04144296572868784,0.2185213767314373,0.06096209194418365,0,0.434409191678142,0.116288515306013,68.55,0,0.5052631578947369,0.4933136892383738,0.4
MAIN-063,Phi-4-mini-instruct,Q6_K,190,0,0.6357314439196335,0.031011636720352072,0.2394688478257313,0.057337383348659475,0,0.45862487539809343,0.10299470924622794,83.5,0,0.6631578947368421,0.4738791022072738,0.8
MAIN-063,Qwen-MediCare-BD,Q3_K_M,190,0,0.5748674215454804,0.04707510181955517,0.1481216808794849,0.0358794020112883,0,0.2420262267200936,0.11786820904813597,81.4,0,0.30290726817042607,0.4539655026037816,1.2
MAIN-063,Qwen-MediCare-BD,Q4_K_M,190,0,0.5988930018324601,0.041955245877859655,0.16998763072623596,0.03426992768538782,0,0.3316256913493392,0.10860231511663433,126.65,0,0.1523684210526316,0.2808276043823848,1.65
MAIN-063,Qwen-MediCare-BD,Q5_K_M,190,0,0.592453144569146,0.05331291361671565,0.15651552004016728,0.07625618513770861,0,0.2770611784022798,0.12401237424000715,82.65,0,0.10435729475203159,0.26325202792460706,2.4
MAIN-063,Qwen-MediCare-BD,Q6_K,190,0,0.5995669388457349,0.04748822362484581,0.19407782358739287,0.06140721383444393,0,0.34749747025513306,0.11912834545579472,94.15,0,0.12368421052631579,0.3174947767429782,1.7
MAIN-064,Gemma-3-4B-it,Q3_K_M,190,0,0.7489844886880171,0.026649956097691004,0.4127252283938114,0.06971053006998741,0,0.6392423699079345,0.062458685580526106,142.9,0,0.17842105263157895,0.25660440029221443,2.05
MAIN-064,Gemma-3-4B-it,Q4_K_M,190,0,0.7785133446517744,0.027702439930360045,0.47002348096508645,0.07537776832264717,0,0.6127689043853065,0.07004179039886722,146.15,0,0.26938805346700084,0.25186442462804,3.15
MAIN-064,Gemma-3-4B-it,Q5_K_M,190,0,0.7878353065566013,0.02118626146106996,0.5080370320878762,0.0512602714504654,0,0.647289245209796,0.05991814468357225,152.3,0,0.46347117794486214,0.3220887448464168,2.9
MAIN-064,Gemma-3-4B-it,Q6_K,190,0,0.7956171725925646,0.030190140896574867,0.5317258924625602,0.07806832650511156,0,0.6688833827399161,0.06793466562624058,156.0,0,0.3192481203007519,0.27367700588007104,3.0
MAIN-064,Phi-4-mini-instruct,Q3_K_M,190,0,0.6266574254161433,0.03723668736563766,0.20625469153990275,0.057330170883290246,0,0.33287280578077055,0.14387200808098533,66.8,0,0.1642982456140351,0.305825189252595,1.55
MAIN-064,Phi-4-mini-instruct,Q4_K_M,190,0,0.6307806651843222,0.04260444494706419,0.19808806165330034,0.0494300271705743,0,0.41664092709523476,0.16174878546267965,86.5,0,0.18026315789473685,0.306860016475453,1.3
MAIN-064,Phi-4-mini-instruct,Q5_K_M,190,0,0.6433679703034852,0.039819224540059116,0.20668593668489016,0.04940854222887505,0,0.41725149793269606,0.11963660072122499,83.1,0,0.11675438596491226,0.23266784266429258,1.55
MAIN-064,Phi-4-mini-instruct,Q6_K,190,0,0.6493502635704843,0.04115712449780866,0.20835612899463643,0.051985000578899127,0,0.3936064120010277,0.12849925284363398,79.75,0,0.1444736842105263,0.27894493030371686,1.35
MAIN-064,Qwen-MediCare-BD,Q3_K_M,190,0,0.5690148654736971,0.1177435672479899,0.22147842096331127,0.1950622631094041,0,0.2796310673136087,0.1626749286469211,34.45,0,0.4789473684210526,0.5008764248619176,0.4
MAIN-064,Qwen-MediCare-BD,Q4_K_M,190,0,0.5945595584417644,0.038933641053318986,0.16076246261541766,0.03910654085923589,0,0.27743926243808803,0.09337048244017457,131.1,0,0.03892353991038201,0.07852825618382546,4.2
MAIN-064,Qwen-MediCare-BD,Q5_K_M,190,0,0.6084352603084162,0.03953015418302332,0.16415826358113642,0.052854057698480415,0,0.27461045386308586,0.10541414992838993,124.15,0,0.04043669780511886,0.12792753863884493,2.55
MAIN-064,Qwen-MediCare-BD,Q6_K,190,0,0.622390571079756,0.04195879193097705,0.18864946235151023,0.04565794210998909,0,0.36932318564377087,0.09763300103494513,87.25,0,0.024385964912280705,0.10685803287806217,1.8
MAIN-065,Gemma-3-4B-it,Q3_K_M,190,0,0.7060232087185508,0.029225445400663616,0.29453930735057127,0.07079990284480267,0,0.5385463157853502,0.06273994007935019,127.65,0,0.1531578947368421,0.272939824461088,1.45
MAIN-065,Gemma-3-4B-it,Q4_K_M,190,0,0.7407608433773644,0.03138804704432116,0.38671874127784245,0.08853682356600487,0,0.5978285629965198,0.07307196516021296,125.6,0,0.2820175438596491,0.3322818861978035,1.45
MAIN-065,Gemma-3-4B-it,Q5_K_M,190,0,0.7137632564494484,0.027878330531237356,0.3420777945939893,0.06787278777167187,0,0.5735419165611478,0.08057104182172266,128.2,0,0.23684210526315788,0.41931535374207973,0.7
MAIN-065,Gemma-3-4B-it,Q6_K,190,0,0.7396133840084076,0.03014502951068731,0.4094798732367912,0.0847635960736044,0,0.607893236425399,0.0738762281349164,132.35,0,0.185,0.32688448808090137,1.15
MAIN-065,Phi-4-mini-instruct,Q3_K_M,190,0,0.6382153987884521,0.04009883555565902,0.20238800028188125,0.06522968844760933,0,0.33750211180396233,0.11631664520457048,43.45,0,0.48947368421052634,0.501209897884786,0.3
MAIN-065,Phi-4-mini-instruct,Q4_K_M,190,0,0.629549345217253,0.0368621518209443,0.1845279196383797,0.040736298710838066,0,0.32507207645518343,0.10535131116648105,58.0,0,0.21842105263157896,0.40944876039027095,0.6
MAIN-065,Phi-4-mini-instruct,Q5_K_M,190,0,0.6460728692381006,0.02982026007255573,0.20788744931577935,0.04331348492727073,0,0.3656012887921285,0.10466209768434177,61.05,0,0.1618421052631579,0.2923658260308482,1.25
MAIN-065,Phi-4-mini-instruct,Q6_K,190,0,0.6347059011459351,0.031917200874605096,0.18663249183140565,0.038122351154888476,0,0.336936058866777,0.10659687190166209,66.55,0,0.09429824561403508,0.2551433389193357,1.15
MAIN-065,Qwen-MediCare-BD,Q3_K_M,190,0,0.5549038708209991,0.08365386012266257,0.1329597255589678,0.06396158270210767,0,0.23218044172251584,0.145719574861069,42.95,0,0.09473684210526316,0.28908482527039564,1.05
MAIN-065,Qwen-MediCare-BD,Q4_K_M,190,0,0.6453891216140044,0.07117864443975677,0.22580478441334337,0.10518950708402654,0,0.3227378948072756,0.14733475188733514,68.1,0,0.05228070175438597,0.1964650945345335,1.85
MAIN-065,Qwen-MediCare-BD,Q5_K_M,190,0,0.6389703719239486,0.04336396622313743,0.20279176980935396,0.06772709520725617,0,0.355235025014463,0.10331522822958603,100.3,0,0.04604237867395762,0.11501728478932824,2.75
MAIN-065,Qwen-MediCare-BD,Q6_K,190,0,0.6287356202539645,0.049751074173313405,0.18870715976372587,0.05855951327984313,0,0.3281171037605494,0.106349594534128,95.45,0,0.02673767752715121,0.08567115867222402,2.45
MAIN-066,Gemma-3-4B-it,Q3_K_M,190,0,0.7103932308523279,0.025067127187733948,0.352945856725518,0.04807920895169916,0,0.5806694544451256,0.07743813541954395,136.4,0,0.653157894736842,0.3048143461796571,2.65
MAIN-066,Gemma-3-4B-it,Q4_K_M,190,0,0.7521155708714535,0.028370051724400717,0.4656449726199987,0.06670767900691167,0,0.6491395800666524,0.06967729837748972,145.15,0,0.8346491228070174,0.2794232106900927,2.8
MAIN-066,Gemma-3-4B-it,Q5_K_M,171,19,0.7408612917738351,0.026741758541983733,0.4350829244387881,0.0746711285565003,19,0.6410320185230213,0.07914981332175662,144.6315789473684,19,0.6894736842105263,0.26564076396493846,2.5789473684210527
MAIN-066,Gemma-3-4B-it,Q6_K,190,0,0.7536837483707227,0.028817405697299913,0.46441171873645176,0.07667563499864058,0,0.6686604632328419,0.07897618550211828,159.35,0,0.7526315789473684,0.3060848305821197,2.55
MAIN-066,Phi-4-mini-instruct,Q3_K_M,190,0,0.659022571538624,0.06495015303641866,0.2738300749422964,0.12455231481784794,0,0.41484961308979423,0.1629637298939417,49.85,0,0.5788596491228071,0.25978587066726266,1.7
MAIN-066,Phi-4-mini-instruct,Q4_K_M,190,0,0.6728991878660102,0.023362802557298615,0.28311228931915605,0.048317095516439264,0,0.5181343794052491,0.06602718739604344,75.35,0,0.6294736842105263,0.2853615818606153,2.1
MAIN-066,Phi-4-mini-instruct,Q5_K_M,190,0,0.6402583158329913,0.04835000585197764,0.2372201780531315,0.06973392790237348,0,0.42469177576411166,0.16053647086181952,64.25,0,0.5587719298245615,0.23968235526262588,2.05
MAIN-066,Phi-4-mini-instruct,Q6_K,190,0,0.6827308494793741,0.028969404870341525,0.30458001864286754,0.06075687403572882,0,0.5390602132080805,0.08826174847466876,75.85,0,0.5859649122807018,0.2701200093588913,2.15
MAIN-066,Qwen-MediCare-BD,Q3_K_M,190,0,0.602070519641826,0.0710049233404157,0.16360307323199313,0.03813960940480242,0,0.34286864455314625,0.13214367283100267,55.2,0,0.2862280701754386,0.38511637387953074,1.5
MAIN-066,Qwen-MediCare-BD,Q4_K_M,190,0,0.59797464169954,0.039177126211486044,0.18359102543991312,0.0521492497378819,0,0.27885760922530584,0.09421148366444382,97.1,0,0.09001827120248172,0.18425628763699156,3.1
MAIN-066,Qwen-MediCare-BD,Q5_K_M,190,0,0.6112545016564821,0.07130484317636494,0.18121626967429,0.07715782992871101,0,0.2101736046795608,0.11473528637004263,104.65,0,0.02930451127819549,0.13235173069910017,3.65
MAIN-066,Qwen-MediCare-BD,Q6_K,190,0,0.6226913398817966,0.034484466252869106,0.18672245304904828,0.059216936355134975,0,0.31495529186962135,0.1148622908206853,106.1,0,0.07346282372598163,0.15698346336845984,3.1
MAIN-067,Gemma-3-4B-it,Q3_K_M,190,0,0.7478986520516245,0.021660874649942704,0.38859616452928386,0.05069187657915447,0,0.5716598645010423,0.06070484474089364,108.7,0,0.4456140350877193,0.41569877371275604,1.0
MAIN-067,Gemma-3-4B-it,Q4_K_M,190,0,0.8233141023861734,0.027143795697998605,0.5506290075693449,0.06565415301003902,0,0.6495461757988865,0.0764738427732423,83.7,0,0.718421052631579,0.2624554348577374,1.65
MAIN-067,Gemma-3-4B-it,Q5_K_M,190,0,0.8242617302819302,0.02907570657295353,0.5518834912396686,0.07336477980615914,0,0.632285941950901,0.08442171105539942,84.9,0,0.6166666666666666,0.2559980066794824,1.55
MAIN-067,Gemma-3-4B-it,Q6_K,190,0,0.7406836145802548,0.03910633668805665,0.3772193998457383,0.07881789436812589,0,0.5363526054564944,0.08738230613386927,100.5,0,0.6447368421052632,0.2599321934588406,1.45
MAIN-067,Phi-4-mini-instruct,Q3_K_M,190,0,0.6926052567205931,0.046674102276699644,0.30647614828564046,0.09500739385406293,0,0.43899828852605277,0.12204935865988822,41.85,0,0.9017543859649123,0.20066722453897923,1.1
MAIN-067,Phi-4-mini-instruct,Q4_K_M,190,0,0.674181605326502,0.03492321666194489,0.27431708772563074,0.06619323171825531,0,0.4250098234991709,0.11931367292500207,47.3,0,0.8140350877192982,0.24829004617193978,1.2
MAIN-067,Phi-4-mini-instruct,Q5_K_M,190,0,0.6412278755715018,0.06935872987169768,0.2538146522568877,0.09265888865470674,0,0.40299957583904295,0.16371042468889682,48.7,0,0.95,0.1503963018795596,1.05
MAIN-067,Phi-4-mini-instruct,Q6_K,190,0,0.6833390057086944,0.03855843087171111,0.2858636233716459,0.07446317381532006,0,0.4767621530403747,0.1031635636042279,62.35,0,0.9017543859649123,0.20066722453897928,1.1
MAIN-067,Qwen-MediCare-BD,Q3_K_M,190,0,0.601846179522966,0.06720483456652437,0.189998702445852,0.07001136635890523,0,0.36296170078289275,0.14223175399759602,43.9,0,0.6105263157894737,0.4705373154862581,0.9
MAIN-067,Qwen-MediCare-BD,Q4_K_M,190,0,0.6036172816627904,0.03815986142671627,0.1700647364901823,0.04490417927079141,0,0.2849564792852255,0.11961714099336626,122.0,0,0.0772953216374269,0.20717257157099,2.2
MAIN-067,Qwen-MediCare-BD,Q5_K_M,190,0,0.6220387217245604,0.040734365692598494,0.1891179797827326,0.04884796996855888,0,0.3220862371253713,0.09764387027122924,77.1,0,0.08838345864661655,0.27218931484049647,1.8
MAIN-067,Qwen-MediCare-BD,Q6_K,190,0,0.6002686331146642,0.06287490849371194,0.16392009742136898,0.06656504124600508,0,0.24129441870612536,0.14711189799165775,69.2,0,0.17214912280701752,0.34394276514399263,1.55
MAIN-068,Gemma-3-4B-it,Q3_K_M,190,0,0.7574257135391236,0.01971174062653081,0.4548480812909726,0.04827762332715032,0,0.6904101010595932,0.06186827541965273,145.0,0,0.531578947368421,0.48963071234868083,0.5
MAIN-068,Gemma-3-4B-it,Q4_K_M,190,0,0.7550171569774026,0.030789077433724145,0.41347712557074606,0.07767957883520697,0,0.5953877728655171,0.08358253963690207,132.9,0,0.41842105263157897,0.4656765364407774,0.85
MAIN-068,Gemma-3-4B-it,Q5_K_M,190,0,0.775991372999392,0.02774998524054643,0.48741345451061724,0.08012455326424393,0,0.6105377103316945,0.07920945312250378,122.95,0,0.4,0.44005771627230184,0.9
MAIN-068,Gemma-3-4B-it,Q6_K,190,0,0.7783416064162003,0.021537852239326034,0.47744760441988265,0.05612797448363108,0,0.6605872794801154,0.0684242307722192,126.65,0,0.45789473684210524,0.48883382389065505,0.85
MAIN-068,Phi-4-mini-instruct,Q3_K_M,190,0,0.6192331602698878,0.038759228816455084,0.19155022303912383,0.05588174806586682,0,0.25434291373011225,0.1277066904471519,52.3,0,0.4763157894736842,0.4941103975171526,0.4
MAIN-068,Phi-4-mini-instruct,Q4_K_M,190,0,0.6468245380803158,0.040322347564923505,0.22703441857257886,0.05200088455113157,0,0.3494287477697722,0.1343540221578998,68.15,0,0.3175438596491228,0.4510577314904242,0.6
MAIN-068,Phi-4-mini-instruct,Q5_K_M,190,0,0.6255616599007656,0.03506793038226563,0.18799424120621516,0.04825546947923601,0,0.3229866080331683,0.11832124232583859,77.0,0,0.21578947368421053,0.36960795936720237,0.95
MAIN-068,Phi-4-mini-instruct,Q6_K,190,0,0.6357837184479362,0.031820804444257465,0.19846623495027893,0.03979782930855841,0,0.360332019872463,0.12241990152638042,91.5,0,0.22807017543859648,0.3665565263302045,1.1
MAIN-068,Qwen-MediCare-BD,Q3_K_M,190,0,0.5907813418852655,0.05996537736619999,0.18922523165515082,0.05771565119266825,0,0.22734821998548782,0.09988023767188291,44.85,0,0.12894736842105264,0.33006965333280675,0.7
MAIN-068,Qwen-MediCare-BD,Q4_K_M,190,0,0.6554169642297845,0.0501305727303961,0.22772765815175797,0.06300426294764871,0,0.3506030167426981,0.12763339520482717,70.55,0,0.42807017543859655,0.4895453934889708,0.55
MAIN-068,Qwen-MediCare-BD,Q5_K_M,190,0,0.6507549318828081,0.06277789547693695,0.21784779946787355,0.07453370688405468,0,0.3836592364584265,0.14402489527236292,68.65,0,0.19566416040100248,0.3010878186597221,2.0
MAIN-068,Qwen-MediCare-BD,Q6_K,190,0,0.6641915004504354,0.05272222793145967,0.23502001973858058,0.07355676869551354,0,0.36004568929509484,0.13074993697301843,66.55,0,0.13728070175438595,0.282718864002735,1.6
MAIN-069,Gemma-3-4B-it,Q3_K_M,190,0,0.7426096166435041,0.022335887083518954,0.40538220876156406,0.06684997609985482,0,0.5621492463631372,0.06614274375856133,126.75,0,0.34210526315789475,0.4681937856911462,0.6
MAIN-069,Gemma-3-4B-it,Q4_K_M,190,0,0.7628024126354017,0.027723538033439906,0.47394777030408214,0.07278025907666108,0,0.6581277308222323,0.07113548123597259,140.0,0,0.5631578947368421,0.4946384776931451,0.3
MAIN-069,Gemma-3-4B-it,Q5_K_M,190,0,0.7543444903273332,0.027703219746409137,0.42369992467686884,0.06857883612673918,0,0.6195858051535956,0.06792459742624138,131.05,0,0.40175438596491225,0.490350590748304,0.55
MAIN-069,Gemma-3-4B-it,Q6_K,190,0,0.7829357639739388,0.028618502088185994,0.5304739042347444,0.0580132246990019,0,0.6588502013642245,0.060504863979266924,128.3,0,0.7263157894736842,0.4440578937220762,0.25
MAIN-069,Phi-4-mini-instruct,Q3_K_M,190,0,0.620718674440133,0.04461847618326219,0.22411911691131492,0.05909008955447173,0,0.302301201448336,0.12485695571753426,70.15,0,0.28157894736842104,0.43755892311168026,0.8
MAIN-069,Phi-4-mini-instruct,Q4_K_M,190,0,0.6330358781312642,0.029359801553653725,0.22444533850023102,0.042388881641577426,0,0.3217160654360558,0.1097562710565096,75.4,0,0.8105263157894737,0.3929197945030012,0.1
MAIN-069,Phi-4-mini-instruct,Q5_K_M,190,0,0.6414864751853441,0.053977367980583245,0.2348128670973573,0.07166482826901838,0,0.3094546332591064,0.13007496327735144,74.45,0,0.5578947368421052,0.4979490098135241,0.3
MAIN-069,Phi-4-mini-instruct,Q6_K,190,0,0.6545027692066996,0.043831758445751545,0.28040475489500105,0.06563262225153875,0,0.37803751761706944,0.09804720141734766,65.95,0,0.48947368421052634,0.501209897884786,0.3
MAIN-069,Qwen-MediCare-BD,Q3_K_M,190,0,0.5037758960535652,0.12155747832301671,0.11886412085264926,0.11014375931327566,0,0.13890341461111883,0.1325090617169494,27.65,0,0.7157894736842105,0.452229231911747,0.25
MAIN-069,Qwen-MediCare-BD,Q4_K_M,190,0,0.7019033792771792,0.04468892616767069,0.34516869606178296,0.10019910695924057,0,0.3676647276603822,0.14143416496939934,45.05,0,0.9,0.30079260375911915,0.1
MAIN-069,Qwen-MediCare-BD,Q5_K_M,190,0,0.5722927816604313,0.0717556501159945,0.20037007130791812,0.09986509091969965,0,0.2008189404795507,0.12896651632377823,57.45,0,0.6347368421052632,0.48013852080892033,0.5
MAIN-069,Qwen-MediCare-BD,Q6_K,190,0,0.6750472696203934,0.12207612246625478,0.36704303045501957,0.1661093810906531,0,0.4413750317108793,0.2084654369482371,49.2,0,1.0,0.0,0.0
MAIN-070,Gemma-3-4B-it,Q3_K_M,190,0,0.8105138524582511,0.03783504055489509,0.5852584379279644,0.09003088163381842,0,0.705538144580483,0.06688844530857953,128.4,0,0.6526315789473685,0.47368317914014596,0.4
MAIN-070,Gemma-3-4B-it,Q4_K_M,190,0,0.7495295380291186,0.053006369744927076,0.41089409544927685,0.12491285521250638,0,0.5431245054315028,0.14395602543829616,132.6,0,0.26842105263157895,0.4026621704857961,1.5
MAIN-070,Gemma-3-4B-it,Q5_K_M,190,0,0.8154853369060315,0.02731440681232388,0.5820144888158029,0.07432142101315926,0,0.7314751498902713,0.050618709340311645,138.25,0,0.4368421052631579,0.4973054657452446,1.2
MAIN-070,Gemma-3-4B-it,Q6_K,190,0,0.8128753163312611,0.02907635481371318,0.5694426979090772,0.08068494436563306,0,0.6918577639475201,0.059308446602067515,146.95,0,0.7210526315789474,0.4496664811893448,0.3
MAIN-070,Phi-4-mini-instruct,Q3_K_M,190,0,0.6343606192814676,0.03968248119860713,0.2342364413759467,0.05540792033853155,0,0.32055185618193205,0.10521500549428581,64.95,0,0.631578947368421,0.4836508334066744,0.2
MAIN-070,Phi-4-mini-instruct,Q4_K_M,190,0,0.6733349191515069,0.025844750329264494,0.2641307925769731,0.045244676884575306,0,0.4067105413157481,0.08446804030797601,77.75,0,0.6368421052631579,0.48218037231442745,0.2
MAIN-070,Phi-4-mini-instruct,Q5_K_M,190,0,0.6666663954132481,0.029442360824500656,0.24831272916742356,0.06558144422593908,0,0.4208074877873649,0.08950720088277195,76.2,0,0.48947368421052634,0.4985637964114271,0.35
MAIN-070,Phi-4-mini-instruct,Q6_K,190,0,0.6753560420713927,0.043273692179993224,0.276344234172029,0.08024836786331803,0,0.3704223855705898,0.10088836182423781,83.65,0,0.5701754385964912,0.48980130548283285,0.35
MAIN-070,Qwen-MediCare-BD,Q3_K_M,190,0,0.5752093412374195,0.07784474462426637,0.14831380472001454,0.06463334828753842,0,0.21447362314790297,0.1282372685496759,51.2,0,0.41140350877192977,0.49264289330974753,0.65
MAIN-070,Qwen-MediCare-BD,Q4_K_M,190,0,0.6264845421439723,0.0771249992825848,0.21238130419352097,0.09822042746513435,0,0.4213355014164101,0.14662847660341202,90.6,0,0.2707894736842105,0.43341705486888804,0.95
MAIN-070,Qwen-MediCare-BD,Q5_K_M,190,0,0.6237208335023178,0.05348114692420198,0.2060040076911264,0.06851055685080351,0,0.36986054417666997,0.13530518130544825,102.45,0,0.0987719298245614,0.24537751338625377,1.75
MAIN-070,Qwen-MediCare-BD,Q6_K,190,0,0.6397042911303671,0.04450343137228971,0.21617437729400765,0.06334652614986906,0,0.39615527946064055,0.12168535638015646,113.45,0,0.03200918964076859,0.09934041685180997,2.65
MAIN-071,Gemma-3-4B-it,Q3_K_M,190,0,0.7759938390631425,0.027719445108939818,0.49079785204230847,0.0685795264122633,0,0.6654365393929869,0.06050368822542428,162.55,0,0.27861528822055137,0.22872472613542347,2.95
MAIN-071,Gemma-3-4B-it,Q4_K_M,190,0,0.7947418805799986,0.02935588996595807,0.5672266902210328,0.08461919415405074,0,0.7267461490793962,0.05736882160927353,170.1,0,0.47090852130325817,0.2790164327309048,3.55
MAIN-071,Gemma-3-4B-it,Q5_K_M,190,0,0.7837398453762657,0.027633527300960005,0.5288147368455475,0.07068177738280279,0,0.7037055920652374,0.06096121898764796,179.3,0,0.4357205513784461,0.24401000752915183,2.5
MAIN-071,Gemma-3-4B-it,Q6_K,190,0,0.8179656690672824,0.034032655480822696,0.6111514000890662,0.0914346756188337,0,0.7614907058287336,0.05777084969986927,180.4,0,0.6757894736842106,0.26376891097430516,4.8
MAIN-071,Phi-4-mini-instruct,Q3_K_M,190,0,0.6257771954724664,0.04606635243779458,0.21776567379577416,0.07737919924160652,0,0.32641365213598145,0.154227081248366,58.0,0,0.3070175438596491,0.45470354541333247,0.65
MAIN-071,Phi-4-mini-instruct,Q4_K_M,190,0,0.6386486928713949,0.02687074465378447,0.21099370245885699,0.04052148229792826,0,0.40016991285570797,0.12267427533357016,105.1,0,0.1524561403508772,0.31080832224204125,1.35
MAIN-071,Phi-4-mini-instruct,Q5_K_M,190,0,0.6312646357636703,0.02885583720641475,0.18375992465697952,0.04160929085535463,0,0.36204780713154544,0.11342920414249312,124.1,0,0.38438596491228066,0.2976323435255269,1.85
MAIN-071,Phi-4-mini-instruct,Q6_K,190,0,0.6486162420950438,0.0240645756347803,0.19335435884771807,0.0338489669138861,0,0.39290118543735203,0.0699632628041379,131.45,0,0.30224310776942354,0.257110682362627,2.4
MAIN-071,Qwen-MediCare-BD,Q3_K_M,171,19,0.5754415466074358,0.09851127395219787,0.14706235738308482,0.04598719001227975,19,0.22076321002075106,0.10405456924866809,52.421052631578945,19,0.4619883040935672,0.500017199566576,0.3157894736842105
MAIN-071,Qwen-MediCare-BD,Q4_K_M,190,0,0.6127201472458087,0.0433388613171811,0.1974669898922223,0.05787633345271492,0,0.32181524329604333,0.13082771401352575,108.2,0,0.3203780284043442,0.3098256143898904,2.15
MAIN-071,Qwen-MediCare-BD,Q5_K_M,190,0,0.6215485248126482,0.04546632338751144,0.19196003282523416,0.06312777485397335,0,0.32464792434468737,0.10353998738291022,98.6,0,0.17707393483709274,0.23995232490113075,2.25
MAIN-071,Qwen-MediCare-BD,Q6_K,190,0,0.6688593738957456,0.057173812974250324,0.27474925047227106,0.09398811328585867,0,0.3156372022697262,0.14147191756986763,83.55,0,0.24733918128654975,0.2399300045730288,2.75
MAIN-072,Gemma-3-4B-it,Q3_K_M,190,0,0.7300838147339068,0.03058331767887276,0.34111041023873734,0.07936120393669557,0,0.6407119411803246,0.06616486977681314,122.4,0,0.10983709273182957,0.14204833532744096,3.4
MAIN-072,Gemma-3-4B-it,Q4_K_M,190,0,0.7471788393823724,0.024260139713239717,0.4349506291193973,0.05664075298322954,0,0.6573956333575975,0.06183571882353329,136.35,0,0.48855889724310775,0.22169234112438793,4.4
MAIN-072,Gemma-3-4B-it,Q5_K_M,190,0,0.7436667527023114,0.024812194356409054,0.42590778454784656,0.05444767198849302,0,0.623783390878915,0.07158129952079825,135.55,0,0.34072681704260654,0.2529136440834478,3.05
MAIN-072,Gemma-3-4B-it,Q6_K,190,0,0.7485128957974283,0.022693930140012294,0.4395978077538265,0.05107782846113603,0,0.6527370228719475,0.06764731521533424,137.95,0,0.38008771929824564,0.31560854205457767,2.95
MAIN-072,Phi-4-mini-instruct,Q3_K_M,190,0,0.6305671578959415,0.03456780104925493,0.215413465570036,0.0527808591963291,0,0.49847363439545744,0.1124688679116012,58.85,0,0.4789473684210526,0.5008764248619176,0.3
MAIN-072,Phi-4-mini-instruct,Q4_K_M,190,0,0.6308399554930235,0.034914223076757324,0.21488072952046922,0.04899440912502274,0,0.48802958937567337,0.10721064776782943,59.8,0,0.4131578947368421,0.4923601795087766,0.4
MAIN-072,Phi-4-mini-instruct,Q5_K_M,190,0,0.6249592699502644,0.03469333503483118,0.194735834401607,0.04451210933833464,0,0.39631378492609537,0.11828080828250259,63.85,0,0.14210526315789473,0.34500587548152484,0.8
MAIN-072,Phi-4-mini-instruct,Q6_K,190,0,0.6415397016625656,0.02241758539586687,0.20131647912255188,0.030726093688732126,0,0.46004197826760573,0.09703676252025382,73.65,0,0.21052631578947367,0.4087595596566439,0.6
MAIN-072,Qwen-MediCare-BD,Q3_K_M,190,0,0.6057768771522923,0.080802862712935,0.16840873530822753,0.03718777263042506,0,0.30581159142350584,0.15770850652314192,56.1,0,0.631578947368421,0.4836508334066745,0.2
MAIN-072,Qwen-MediCare-BD,Q4_K_M,190,0,0.5898977066341199,0.052194405975838624,0.1732892147046455,0.047460497779044784,0,0.2907318094482683,0.10925241545747023,96.7,0,0.08482456140350877,0.2714828501034758,1.95
MAIN-072,Qwen-MediCare-BD,Q5_K_M,190,0,0.6465930650108739,0.0734673680587488,0.22997565907692064,0.058113918401191275,0,0.3586922837055518,0.13178385292707748,115.7,0,0.017126148705096073,0.0866177554381712,2.75
MAIN-072,Qwen-MediCare-BD,Q6_K,190,0,0.6171234952776056,0.04053151512998229,0.18121711970325563,0.051555682954382,0,0.3261257772593851,0.09932384012602717,103.3,0,0.04492481203007518,0.1399770257044247,2.25
MAIN-073,Gemma-3-4B-it,Q3_K_M,190,0,0.7223498291090915,0.02798526910674565,0.3323446960269014,0.06414582887762599,0,0.5799498154373586,0.07367698070311113,109.65,0,0.5844736842105264,0.29479142609737297,1.75
MAIN-073,Gemma-3-4B-it,Q4_K_M,190,0,0.719978951466711,0.025093451343978525,0.33731022705214053,0.07296049991468731,0,0.5374043480149181,0.09194418618826238,138.8,0,0.42436716791979956,0.40181518289631696,1.85
MAIN-073,Gemma-3-4B-it,Q5_K_M,190,0,0.7409803249334034,0.043490278411202135,0.3707131421334104,0.10065543571208346,0,0.5549352040929774,0.1098450090066527,103.35,0,0.6670175438596492,0.32124902246520937,2.6
MAIN-073,Gemma-3-4B-it,Q6_K,190,0,0.7620874997816588,0.03361878221439496,0.39976940732563876,0.08471671294207793,0,0.6121389528990828,0.10199019537760744,109.55,0,0.38422305764411024,0.3278267067017294,2.55
MAIN-073,Phi-4-mini-instruct,Q3_K_M,190,0,0.6358861521670692,0.055535114461955075,0.2564936744480764,0.09679146082381691,0,0.14598831610060098,0.10516952457071072,31.5,0,0.6473684210526316,0.3897293698369974,1.15
MAIN-073,Phi-4-mini-instruct,Q4_K_M,190,0,0.6371006416647058,0.042611709813990185,0.24284008464740728,0.08287359675077463,0,0.16301472868161768,0.12590059835805215,26.55,0,0.7657894736842106,0.3972633339516334,0.95
MAIN-073,Phi-4-mini-instruct,Q5_K_M,190,0,0.6143486018243589,0.05524405672414503,0.1974912134200365,0.07853736989293998,0,0.2060746697063104,0.15425740324010595,35.6,0,0.43859649122807015,0.4118701926602214,1.0
MAIN-073,Phi-4-mini-instruct,Q6_K,190,0,0.6038846975878666,0.05884439487067074,0.204207964439205,0.072991161805396,0,0.20239875626675286,0.13967972050110028,45.75,0,0.6149122807017544,0.379260812074759,1.15
MAIN-073,Qwen-MediCare-BD,Q3_K_M,190,0,0.5615478278774965,0.09699319728846216,0.10761071920350464,0.04859562968863726,0,0.11397763269350118,0.10447632020401301,46.95,0,0.2389097744360902,0.4256219284034371,1.15
MAIN-073,Qwen-MediCare-BD,Q4_K_M,190,0,0.6530064896533364,0.042393440158013274,0.22884208312624757,0.06021890863972206,0,0.2917597273897096,0.11669802682550937,62.5,0,0.14912280701754388,0.3555007267666887,1.1
MAIN-073,Qwen-MediCare-BD,Q5_K_M,190,0,0.5985818306082173,0.04835305056220646,0.1672834598713991,0.061526516838720104,0,0.2780491095795885,0.13306301481440705,102.25,0,0.057769423558897234,0.20300777664309047,1.6
MAIN-073,Qwen-MediCare-BD,Q6_K,190,0,0.6206787877961208,0.041264541608862955,0.18893057086843604,0.058007688871909886,0,0.261085130898233,0.14489920435282383,50.3,0,0.41140350877192977,0.49264289330974753,0.75
MAIN-074,Gemma-3-4B-it,Q3_K_M,190,0,0.7150856485492305,0.05173011207807336,0.3595598234896085,0.11522277948026996,0,0.550200366308605,0.12201879153385166,136.1,0,0.3482330827067669,0.43720786196087497,2.05
MAIN-074,Gemma-3-4B-it,Q4_K_M,190,0,0.7591634053932993,0.02825231442497233,0.39888687333580247,0.06530778142679408,0,0.6229607267326444,0.07338599864674172,98.4,0,0.6473684210526316,0.4748917125830197,0.5
MAIN-074,Gemma-3-4B-it,Q5_K_M,190,0,0.7510330827612626,0.04654673986125776,0.41476386038127716,0.10892837989955928,0,0.6059013124813728,0.107364690505384,115.85,0,0.3212531328320802,0.4189972601536631,1.9
MAIN-074,Gemma-3-4B-it,Q6_K,190,0,0.7512784628491652,0.046873727544943476,0.4020518735165421,0.10228704307628224,0,0.5632520985244345,0.11161761298685861,120.35,0,0.4454051796157059,0.36896224138386385,4.4
MAIN-074,Phi-4-mini-instruct,Q3_K_M,190,0,0.6148103306168005,0.04957634512824451,0.1844913042260232,0.06429736800998773,0,0.3046355564640634,0.15775550335745028,68.65,0,0.24035087719298245,0.4256721968939423,0.75
MAIN-074,Phi-4-mini-instruct,Q4_K_M,190,0,0.6181718172211396,0.04790649719649377,0.18631527770259357,0.047714265831577785,0,0.30692156041268676,0.1142690857224184,89.75,0,0.06114035087719299,0.19961791297171336,1.5
MAIN-074,Phi-4-mini-instruct,Q5_K_M,190,0,0.6380274320903577,0.03102711408208357,0.1971464625275367,0.056103470190072315,0,0.3499445270511163,0.12204248541424827,78.05,0,0.0807017543859649,0.22904622667357352,1.45
MAIN-074,Phi-4-mini-instruct,Q6_K,190,0,0.6432757110972154,0.03534144114183859,0.2080125260997492,0.04951136800525321,0,0.3613577535156399,0.11240257760432582,84.25,0,0.095,0.18595567227630966,1.8
MAIN-074,Qwen-MediCare-BD,Q3_K_M,190,0,0.48317473781736275,0.11300850652170577,0.07960633667482764,0.04088206111096979,0,0.09011446065520094,0.08116658832398697,21.9,0,0.34868421052631576,0.4767736091192004,1.0
MAIN-074,Qwen-MediCare-BD,Q4_K_M,190,0,0.6904364971738113,0.03872010713966952,0.26791090676599777,0.0640104978152289,0,0.3265166309853904,0.0937414907046673,57.1,0,0.305,0.45074877282388026,1.0
MAIN-074,Qwen-MediCare-BD,Q5_K_M,190,0,0.6316382061494025,0.05257593373938849,0.20314043696011608,0.06743528332314429,0,0.30685647692687074,0.09696768815847462,108.45,0,0.06751461988304093,0.23587871942930433,2.2
MAIN-074,Qwen-MediCare-BD,Q6_K,190,0,0.6694717093517906,0.03776450771850893,0.24504725376777678,0.06805437345790512,0,0.3497367866038651,0.10940106632895565,69.15,0,0.07002923976608186,0.23954778182387645,2.1
MAIN-075,Gemma-3-4B-it,Q3_K_M,190,0,0.7732770577857369,0.023056449515439715,0.4925471652384382,0.06231989814810951,0,0.6326049536346809,0.0664075582416959,136.2,0,0.4471574770258981,0.24710987445511837,3.6
MAIN-075,Gemma-3-4B-it,Q4_K_M,190,0,0.770038252127798,0.028407182341204602,0.4888843262607747,0.0800344325470728,0,0.6441880058471807,0.06926910958056415,130.3,0,0.4254720133667502,0.19191618812999786,5.05
MAIN-075,Gemma-3-4B-it,Q5_K_M,190,0,0.746459674835205,0.02803784697277139,0.4301255285671595,0.06380095876025946,0,0.6547782430917009,0.061206208434849224,147.35,0,0.21224728487886385,0.22191784553316835,3.35
MAIN-075,Gemma-3-4B-it,Q6_K,190,0,0.7514173702189797,0.029442379150298195,0.4507203206015222,0.07104332070155141,0,0.679676004698759,0.05627574066048537,154.45,0,0.4095619731146046,0.2473208892640784,3.75
MAIN-075,Phi-4-mini-instruct,Q3_K_M,190,0,0.643278433774647,0.038604476342494545,0.23836624995467517,0.06546620484911811,0,0.40544129567585296,0.1360424299825041,74.25,0,0.21403508771929827,0.3674459875002094,0.95
MAIN-075,Phi-4-mini-instruct,Q4_K_M,190,0,0.6148192195515884,0.043691124879089445,0.20079945555670378,0.055447851476915076,0,0.3527778504005509,0.14839627767032396,79.45,0,0.3131578947368421,0.4431555035584786,0.65
MAIN-075,Phi-4-mini-instruct,Q5_K_M,190,0,0.638288740735305,0.029254209868420186,0.21833163403157196,0.050410095303828534,0,0.40630810099195125,0.1086614659712634,96.9,0,0.3149122807017544,0.3127364355115594,1.85
MAIN-075,Phi-4-mini-instruct,Q6_K,190,0,0.6474815748239818,0.0294215620249564,0.2204890126213229,0.041505667580346614,0,0.41540313153391584,0.10748227535696235,92.75,0,0.33631578947368423,0.3013098872136083,1.9
MAIN-075,Qwen-MediCare-BD,Q3_K_M,190,0,0.5516362582382403,0.11318667454864705,0.12518520432220756,0.055424624771304734,0,0.23342947674993333,0.15222341148885957,52.7,0,0.06578947368421052,0.24454505410352098,1.25
MAIN-075,Qwen-MediCare-BD,Q4_K_M,190,0,0.6157239399458233,0.04421282444265207,0.2113007260012726,0.05452471078656309,0,0.36124836275747924,0.09603500312302939,103.0,0,0.05206190008821587,0.08150358537703581,4.5
MAIN-075,Qwen-MediCare-BD,Q5_K_M,190,0,0.6442286889804038,0.03604651643210434,0.2103790145419734,0.061118793665553735,0,0.37745563583068853,0.12550954940283238,97.35,0,0.06218481810587074,0.20898515021836667,2.85
MAIN-075,Qwen-MediCare-BD,Q6_K,190,0,0.6369777306130058,0.040249543379167196,0.21888387211451946,0.059290763385546716,0,0.3847654663474015,0.13540966995564319,103.35,0,0.03606971975393028,0.09149332228486017,3.85
MAIN-076,Gemma-3-4B-it,Q3_K_M,190,0,0.7427825510501862,0.02468496096747985,0.417864027481636,0.059867287921920524,0,0.6313156461170958,0.05692565940832054,160.8,0,0.3709502923976608,0.2299221839898683,2.9
MAIN-076,Gemma-3-4B-it,Q4_K_M,190,0,0.7358327514246891,0.03211625067726989,0.4067378446782762,0.07170567047626897,0,0.6004237035601895,0.0742312598854681,166.75,0,0.37743734335839607,0.18773435592670104,2.65
MAIN-076,Gemma-3-4B-it,Q5_K_M,190,0,0.7592817064962889,0.03154974296583815,0.4352814468046565,0.07424058881446981,0,0.6754934703715058,0.05973982782715788,172.1,0,0.4857894736842106,0.2794075829670244,2.15
MAIN-076,Gemma-3-4B-it,Q6_K,190,0,0.7742274864723808,0.03381863249848279,0.47353346816092434,0.07180568053624808,0,0.6540428011220275,0.06173614775351589,164.45,0,0.402092731829574,0.2159742976212781,2.85
MAIN-076,Phi-4-mini-instruct,Q3_K_M,190,0,0.6302169131605249,0.032740067158023134,0.21875683223755835,0.05398186021403638,0,0.4051370359096703,0.08310012342890195,79.25,0,0.49824561403508766,0.3806726439747493,1.25
MAIN-076,Phi-4-mini-instruct,Q4_K_M,190,0,0.6309719173531784,0.03491484540666391,0.20311307990008157,0.04847252497239046,0,0.41230957939215745,0.07713568069000987,93.1,0,0.39824561403508774,0.3534866534030679,1.35
MAIN-076,Phi-4-mini-instruct,Q5_K_M,190,0,0.6724487059994748,0.03758309707223302,0.26430555375639647,0.07426444602518142,0,0.4660790231503651,0.10868585698070897,102.7,0,0.6679824561403508,0.2628916433656457,1.5
MAIN-076,Phi-4-mini-instruct,Q6_K,190,0,0.6638553886037124,0.038896554782493264,0.2602770448713781,0.07599348432224817,0,0.48031086353022345,0.09187241829983851,88.9,0,0.7017543859649121,0.2610235548824505,1.4
MAIN-076,Qwen-MediCare-BD,Q3_K_M,190,0,0.5762029981926868,0.09726652739872986,0.20154539444894579,0.06933223120188356,0,0.3350770839206393,0.11911819167350064,66.65,0,0.5756015037593986,0.32895931906738246,1.85
MAIN-076,Qwen-MediCare-BD,Q4_K_M,190,0,0.6043877041653583,0.04292610240279275,0.2009967705364403,0.043467581636519974,0,0.32604535017703384,0.07955537648793753,130.8,0,0.15201887293992558,0.14776556317006667,3.05
MAIN-076,Qwen-MediCare-BD,Q5_K_M,190,0,0.6121664210369713,0.05238571478798174,0.17250522853547304,0.06144743360915454,0,0.22913025204279064,0.12398896227075054,115.65,0,0.07232456140350878,0.23087440165734172,2.2
MAIN-076,Qwen-MediCare-BD,Q6_K,190,0,0.6448347016384727,0.046562045054742415,0.22000007692673718,0.06527226139758416,0,0.3025832691029283,0.11162112514268217,84.0,0,0.42993772309561784,0.3043544431500697,2.4
MAIN-077,Gemma-3-4B-it,Q3_K_M,190,0,0.7314136881577341,0.03031983631736203,0.3465950739292189,0.06916263517224257,0,0.6578032758007044,0.05996644202442475,149.2,0,0.8105263157894737,0.39291979450300113,0.9
MAIN-077,Gemma-3-4B-it,Q4_K_M,190,0,0.7485715828443829,0.02172145417605727,0.4025568131118888,0.055587846280645115,0,0.6930945307620454,0.05293269766895002,175.8,0,0.7315789473684211,0.44430866764787996,0.15
MAIN-077,Gemma-3-4B-it,Q5_K_M,190,0,0.7319748966317428,0.045056780226330105,0.38751489655664056,0.11399915297105336,0,0.6959899231000563,0.06219671257033599,179.7,0,1.0,0.0,1.0
MAIN-077,Gemma-3-4B-it,Q6_K,190,0,0.7732109807039562,0.03333119793205927,0.5007271364020701,0.08541095997031312,0,0.7563726701495465,0.053047865442448945,184.3,0,0.9,0.30079260375911915,0.95
MAIN-077,Phi-4-mini-instruct,Q3_K_M,190,0,0.6606961532642966,0.03223005421721106,0.2599114916526255,0.06516543537534547,0,0.3621776805921157,0.19022991134023523,77.35,0,1.0,0.0,1.0
MAIN-077,Phi-4-mini-instruct,Q4_K_M,190,0,0.6490759225268113,0.034375377598195825,0.24412551941664126,0.056336146854211074,0,0.3624860087445738,0.14441955235059092,87.9,0,1.0,0.0,1.0
MAIN-077,Phi-4-mini-instruct,Q5_K_M,190,0,0.653327728258936,0.045163094494459696,0.24960091388408537,0.08380826095733795,0,0.3442455763248042,0.17954001943066936,73.9,0,1.0,0.0,1.0
MAIN-077,Phi-4-mini-instruct,Q6_K,190,0,0.6669632503860875,0.03507703215262864,0.24417866998101098,0.06065116053439658,0,0.39323974827000346,0.19145758473673327,88.55,0,1.0,0.0,1.0
MAIN-077,Qwen-MediCare-BD,Q3_K_M,190,0,0.5886090717817608,0.07339786087993751,0.21011993334228268,0.09543745452491052,0,0.3153125599132645,0.14531633361179325,46.4,0,1.0,0.0,1.0
MAIN-077,Qwen-MediCare-BD,Q4_K_M,190,0,0.5851362873064844,0.04709152168259284,0.16388928256869023,0.05610887118752399,0,0.31068699553111556,0.1581411404053352,100.25,0,0.3014912280701755,0.37022777469398815,1.6
MAIN-077,Qwen-MediCare-BD,Q5_K_M,190,0,0.6002885619276448,0.05757293502786382,0.18575029075446334,0.09265707212931829,0,0.26695371834384674,0.17464440129617972,91.25,0,0.4105263157894737,0.4932290074612092,0.6
MAIN-077,Qwen-MediCare-BD,Q6_K,190,0,0.5943445157063635,0.05294474002723106,0.17386176072858064,0.0634609386531121,0,0.2749602925091712,0.1830192720875524,94.55,0,0.3201754385964912,0.45648630391332384,0.75
MAIN-078,Gemma-3-4B-it,Q3_K_M,190,0,0.7574398749753048,0.019735534830364002,0.41404541828599406,0.04920221592572293,0,0.6546147934795677,0.06837464885609026,158.05,0,0.23587719298245613,0.3140558241402033,2.05
MAIN-078,Gemma-3-4B-it,Q4_K_M,190,0,0.7546055103603162,0.041737635377522446,0.39466207480912086,0.09055209400766297,0,0.5793583778041431,0.10212777351289731,132.1,0,0.2568170426065163,0.27633783145798924,2.25
MAIN-078,Gemma-3-4B-it,Q5_K_M,190,0,0.759776616723914,0.04675449416628016,0.39500388423614546,0.09428729926618194,0,0.5455109779629791,0.08822159037074576,125.9,0,0.17228070175438598,0.28474449417410674,1.5
MAIN-078,Gemma-3-4B-it,Q6_K,190,0,0.779252426875265,0.03050831190867029,0.4752626437926518,0.05541561270282098,0,0.6690700191648371,0.06144035683913136,144.45,0,0.2243233082706767,0.32629074310640266,1.8
MAIN-078,Phi-4-mini-instruct,Q3_K_M,190,0,0.6212755397746438,0.049889593408320505,0.2138195970443708,0.05079565927867378,0,0.39948447762850897,0.12153957577424725,79.4,0,0.22807017543859648,0.3910015415746905,0.85
MAIN-078,Phi-4-mini-instruct,Q4_K_M,190,0,0.626079385531576,0.0446137742263428,0.19619456382601302,0.057916420070957104,0,0.36495765764118465,0.13372933254213337,90.25,0,0.24736842105263157,0.3897293698369974,0.9
MAIN-078,Phi-4-mini-instruct,Q5_K_M,190,0,0.6427377057702918,0.03465830788821082,0.206921608392252,0.0466161914488851,0,0.40021528104387766,0.10210586298533596,112.45,0,0.1701754385964912,0.30378655538657345,1.2
MAIN-078,Phi-4-mini-instruct,Q6_K,190,0,0.6605865374991768,0.03655241041061515,0.2322292663582248,0.04725812630234095,0,0.44238526280050494,0.10160122186287135,93.6,0,0.32456140350877194,0.39086303238327824,1.3
MAIN-078,Qwen-MediCare-BD,Q3_K_M,190,0,0.5422406753427104,0.05751877836022783,0.13398184768065757,0.05408843985478166,0,0.22700791187543395,0.12334749348931028,55.05,0,0.0206140350877193,0.12906723489997526,2.4
MAIN-078,Qwen-MediCare-BD,Q4_K_M,190,0,0.6132441608529342,0.04468783693151667,0.19248015067760535,0.040281558345989864,0,0.38771042351585944,0.08810969703510947,91.95,0,0.07182323524428787,0.19615815742470516,2.45
MAIN-078,Qwen-MediCare-BD,Q5_K_M,190,0,0.6492056197241733,0.05119078016285366,0.20366851160139887,0.0777337858328096,0,0.3127610731124809,0.10400062548504375,106.35,0,0.0683358016252753,0.1639669978409985,2.95
MAIN-078,Qwen-MediCare-BD,Q6_K,190,0,0.6589003183339771,0.038783062701870194,0.2314848306613723,0.05344788098253327,0,0.3737306532416927,0.0718051604234751,101.45,0,0.03909805107173528,0.13026160410732848,3.15
MAIN-079,Gemma-3-4B-it,Q3_K_M,190,0,0.7438645733030219,0.02690240832563,0.4053890744318877,0.06642607181745368,0,0.5492017879987897,0.0764034893515049,111.75,0,1.0,0.0,0.0
MAIN-079,Gemma-3-4B-it,Q4_K_M,190,0,0.7338920938341241,0.03463964062850056,0.34270511549164745,0.0883524099256947,0,0.5578303075365806,0.09144969359389359,109.65,0,0.9,0.3007926037591192,0.05
MAIN-079,Gemma-3-4B-it,Q5_K_M,190,0,0.7507004562177156,0.026437965729498324,0.3796776226866565,0.07037854979955971,0,0.5443379339997662,0.07940380203693115,118.85,0,1.0,0.0,0.0
MAIN-079,Gemma-3-4B-it,Q6_K,190,0,0.7696721356166036,0.027265339344069894,0.40224687443956325,0.06908396200670977,0,0.607547800498132,0.07235042477520348,111.45,0,1.0,0.0,0.0
MAIN-079,Phi-4-mini-instruct,Q3_K_M,190,0,0.6260796851233432,0.038143369668250986,0.23272005529592404,0.061190784564474174,0,0.235531208174195,0.1339433978855946,41.05,0,1.0,0.0,0.0
MAIN-079,Phi-4-mini-instruct,Q4_K_M,190,0,0.6044776635734659,0.057150560202956585,0.20113523812552261,0.08706515895174573,0,0.25048358040953306,0.16446608962468504,50.35,0,0.8052631578947368,0.3970442170283925,0.1
MAIN-079,Phi-4-mini-instruct,Q5_K_M,171,19,0.6283194147355375,0.03907097359811592,0.21384682653745532,0.0569708100886685,19,0.2856584197956834,0.13647572690349694,54.78947368421053,19,0.7017543859649122,0.4588314677411235,0.15789473684210525
MAIN-079,Phi-4-mini-instruct,Q6_K,190,0,0.633448420700274,0.044883173306705965,0.22161493106401536,0.07218959437989367,0,0.3250234200307133,0.15486580406533154,55.8,0,0.6368421052631579,0.48218037231442745,0.2
MAIN-079,Qwen-MediCare-BD,Q3_K_M,190,0,0.5364863619992607,0.05867544304501899,0.13834903506956742,0.03473901217107391,0,0.1762876015185678,0.14047876929359707,48.0,0,0.4631578947368421,0.4999582271606272,0.35
MAIN-079,Qwen-MediCare-BD,Q4_K_M,190,0,0.5853659102791234,0.050790983134008295,0.1491194721200255,0.06435643789142924,0,0.17650522363953416,0.1214763730509416,97.3,0,0.4821616541353383,0.4984955361469347,0.9
MAIN-079,Qwen-MediCare-BD,Q5_K_M,190,0,0.6058433242534337,0.06974599642084761,0.1836751976186265,0.09938626823708091,0,0.25647075619237314,0.14113091523220672,95.25,0,0.3821929824561404,0.4678934971771252,1.45
MAIN-079,Qwen-MediCare-BD,Q6_K,190,0,0.6016411557009346,0.07168189793487573,0.19703845910875806,0.09850828407138175,0,0.2632941946370561,0.1585792523615398,72.7,0,0.3437719298245614,0.44117259380715435,1.45
MAIN-080,Gemma-3-4B-it,Q3_K_M,190,0,0.744559086310236,0.027889745474818994,0.4297386147865484,0.08268296932312065,0,0.6426583370391207,0.0766856614296817,181.2,0,0.7210526315789474,0.4496664811893448,0.15
MAIN-080,Gemma-3-4B-it,Q4_K_M,190,0,0.7900368383056239,0.02670932561778919,0.5200345397281293,0.08390407598317126,0,0.7038266387160987,0.07287370297819365,200.05,0,0.4421052631578947,0.47899342151615243,0.55
MAIN-080,Gemma-3-4B-it,Q5_K_M,190,0,0.7959026437056692,0.03376634566707593,0.5746809726538663,0.08124757822674866,0,0.7389199838683788,0.05698496241640597,193.5,0,0.6368421052631579,0.48218037231442745,0.2
MAIN-080,Gemma-3-4B-it,Q6_K,190,0,0.7786924929995286,0.03516828970727104,0.5286990613546321,0.08368707460651237,0,0.6829507375159332,0.07762082850766176,187.35,0,1.0,0.0,0.0
MAIN-080,Phi-4-mini-instruct,Q3_K_M,190,0,0.6674037974131735,0.06223220671393424,0.3275196934016198,0.12105886144832397,0,0.4839974586834715,0.17317995593521193,65.65,0,0.5052631578947369,0.4933136892383738,0.4
MAIN-080,Phi-4-mini-instruct,Q4_K_M,190,0,0.6811716669484189,0.03746036835322131,0.3176551342075787,0.06838971912403233,0,0.4987359472286809,0.15581577765892962,85.6,0,0.6631578947368421,0.4738791022072738,0.2
MAIN-080,Phi-4-mini-instruct,Q5_K_M,190,0,0.6676744978678854,0.032566078846925056,0.3057807732757408,0.0654394246577747,0,0.4805057851240642,0.09817279884703625,90.55,0,0.5763157894736842,0.49142607001364497,0.3
MAIN-080,Phi-4-mini-instruct,Q6_K,190,0,0.666498423250098,0.03959076033742717,0.30824234542110235,0.058002316171221605,0,0.47034062089218986,0.12962125553007423,79.1,0,0.48947368421052634,0.501209897884786,0.35
MAIN-080,Qwen-MediCare-BD,Q3_K_M,190,0,0.5564427841650812,0.09475370997730803,0.16806106633811924,0.09359798927926986,0,0.2494382551868187,0.1625941802221856,41.35,0,0.6473684210526316,0.4790515553135042,0.2
MAIN-080,Qwen-MediCare-BD,Q4_K_M,190,0,0.609382029269871,0.05474884334813592,0.19880594576827956,0.054739685660412665,0,0.32007632476818365,0.10204214568525263,113.1,0,0.15061403508771928,0.3432235190754504,1.1
MAIN-080,Qwen-MediCare-BD,Q5_K_M,190,0,0.6350204925788077,0.04314295672119214,0.21222667385458144,0.05531496745625071,0,0.31173180813006585,0.137644363732997,145.1,0,0.12357142857142857,0.2534790202297323,1.95
MAIN-080,Qwen-MediCare-BD,Q6_K,190,0,0.6038587397650669,0.052976003336739075,0.19035298322408198,0.06193334339502217,0,0.29572960765350953,0.1349823990412456,137.65,0,0.15771929824561404,0.2687289143944204,1.75
MAIN-081,Gemma-3-4B-it,Q3_K_M,190,0,0.7526758877854598,0.029118908565915855,0.48011220830965395,0.06916338077028183,0,0.6522919192488763,0.06700673721439415,134.15,0,0.6615789473684212,0.20170603466968093,2.95
MAIN-081,Gemma-3-4B-it,Q4_K_M,190,0,0.7492958071984743,0.024417766455355306,0.4452926114950897,0.05891541106820972,0,0.6584464882701349,0.06913417654148475,179.0,0,0.6922431077694237,0.1950278445582273,3.85
MAIN-081,Gemma-3-4B-it,Q5_K_M,190,0,0.7296501313385211,0.032758086653803184,0.38892216504972127,0.07893799292784191,0,0.6435924650036606,0.07958876145893692,154.7,0,0.3833208020050126,0.2316793018072929,2.6
MAIN-081,Gemma-3-4B-it,Q6_K,190,0,0.7705483417761954,0.02271070740323282,0.5044122086065566,0.06460242559850801,0,0.6916683461251268,0.06760338380521062,149.1,0,0.7065789473684211,0.17695491914890818,3.8
MAIN-081,Phi-4-mini-instruct,Q3_K_M,190,0,0.6401942497805545,0.040944816249112746,0.2688163156390626,0.06936892303807621,0,0.49030767629823596,0.10965595356462288,66.15,0,0.5914035087719298,0.34248772733320937,1.45
MAIN-081,Phi-4-mini-instruct,Q4_K_M,190,0,0.6395974949786537,0.031660253751795514,0.21436054308946853,0.05477346232244889,0,0.501779204322037,0.11432978956013137,91.95,0,0.33368421052631575,0.3840934794863632,1.2
MAIN-081,Phi-4-mini-instruct,Q5_K_M,190,0,0.646090325870012,0.022141230496383876,0.21087789907410773,0.0339082729584427,0,0.5473261366001898,0.0796239200113059,113.15,0,0.21491228070175436,0.34674919045753266,1.05
MAIN-081,Phi-4-mini-instruct,Q6_K,190,0,0.645536777533983,0.03580732753688103,0.22364550732068383,0.054277469243293276,0,0.5280916769084097,0.08732349167164231,80.4,0,0.3605263157894737,0.46889461010814704,0.65
MAIN-081,Qwen-MediCare-BD,Q3_K_M,190,0,0.5485751098708103,0.08247609142375098,0.1695989362457288,0.07315609279545243,0,0.1821147033299492,0.1609811474523876,24.0,0,0.4263157894736842,0.4958474177144974,0.45
MAIN-081,Qwen-MediCare-BD,Q4_K_M,190,0,0.6321524406734266,0.0496739527345677,0.19377698567123547,0.06499498060993257,0,0.3110221864926086,0.15038540703046713,66.35,0,0.18111528822055137,0.2913971513303218,1.55
MAIN-081,Qwen-MediCare-BD,Q5_K_M,190,0,0.6710984970393934,0.05406805444638542,0.2631096183231281,0.09440716055796226,0,0.3421365590025143,0.1533308987287321,59.35,0,0.16052631578947368,0.3400431607247335,1.1
MAIN-081,Qwen-MediCare-BD,Q6_K,190,0,0.6809424914811787,0.05588672534060592,0.28040914382445276,0.10791130715225285,0,0.42949477038312744,0.18514325141525756,51.35,0,0.3030701754385965,0.4555467682588734,0.85
MAIN-082,Gemma-3-4B-it,Q3_K_M,190,0,0.7305338972493222,0.023976535074235937,0.3730377982438304,0.05591028222042427,0,0.5649202557783768,0.06779571927377093,123.4,0,0.3110272914220283,0.19156856956077134,4.85
MAIN-082,Gemma-3-4B-it,Q4_K_M,190,0,0.7490306226830733,0.02518211800043295,0.4211180214366061,0.06268936130426626,0,0.6796178187467116,0.052972955369126495,133.2,0,0.38795739348370933,0.21359370833638544,4.3
MAIN-082,Gemma-3-4B-it,Q5_K_M,190,0,0.763255837089137,0.0258470018545412,0.46638013025879094,0.06080784500183605,0,0.684052621272407,0.06396597877606242,133.4,0,0.6609649122807015,0.17920354189338158,4.15
MAIN-082,Gemma-3-4B-it,Q6_K,190,0,0.7790723022661711,0.02626887276098227,0.5090626921154867,0.06855640819199511,0,0.7208312565512137,0.07093556744164929,137.95,0,0.6786340852130327,0.2178111269321948,4.05
MAIN-082,Phi-4-mini-instruct,Q3_K_M,190,0,0.6597018539905548,0.03988137611066712,0.27514401604737987,0.06557470527950207,0,0.4178861791359287,0.15178972704967064,53.4,0,0.4789473684210526,0.5008764248619176,0.3
MAIN-082,Phi-4-mini-instruct,Q4_K_M,190,0,0.6077203201620203,0.09552682969635934,0.17922151838441472,0.06740287585738823,0,0.43575485667063163,0.17292022280589767,86.15,0,0.41578947368421054,0.4941597088776345,0.4
MAIN-082,Phi-4-mini-instruct,Q5_K_M,190,0,0.6149540982748333,0.058850666488112706,0.17860095020139868,0.055346572721132574,0,0.3674405824855533,0.15709353283120692,78.35,0,0.48859649122807014,0.49869178155624205,0.5
MAIN-082,Phi-4-mini-instruct,Q6_K,190,0,0.6423493849603753,0.02937482341671572,0.20283099161729737,0.04159218880082506,0,0.45558788957502355,0.10667764515063714,86.9,0,0.1964912280701754,0.3969156121344161,0.7
MAIN-082,Qwen-MediCare-BD,Q3_K_M,190,0,0.5667277996477328,0.09348784614779011,0.17038865394071395,0.08332822507313867,0,0.28706550761646477,0.1751338857316116,36.75,0,0.15603592314118628,0.35996540278010625,1.7
MAIN-082,Qwen-MediCare-BD,Q4_K_M,190,0,0.64617170032702,0.03993237422519633,0.23820514231064255,0.04840481869028776,0,0.28445095870793424,0.09492972658263858,133.3,0,0.030234107997265895,0.1051335079862935,2.65
MAIN-082,Qwen-MediCare-BD,Q5_K_M,190,0,0.6064357715217691,0.06517008288701125,0.18227143411060454,0.10607845017946689,0,0.24499878232843428,0.16055192517077885,92.8,0,0.06384920634920635,0.22780540584685127,2.85
MAIN-082,Qwen-MediCare-BD,Q6_K,190,0,0.621837693923398,0.04412910068223639,0.17431522857473997,0.05036079084015289,0,0.24749663017650553,0.1120489013703342,116.85,0,0.022655424211151763,0.08655216544613453,3.8
MAIN-083,Gemma-3-4B-it,Q3_K_M,190,0,0.7756072163581849,0.02560760049221397,0.4955903363193006,0.06592628712341757,0,0.7022055311249218,0.06125465743034576,145.0,0,0.4936842105263157,0.3572189838108777,2.75
MAIN-083,Gemma-3-4B-it,Q4_K_M,190,0,0.7981727308348605,0.02578278069910915,0.5531206094003603,0.06255486959573622,0,0.7289384802671941,0.05879118871786049,160.55,0,0.5918421052631578,0.23234699233938869,3.45
MAIN-083,Gemma-3-4B-it,Q5_K_M,190,0,0.8351702501899317,0.03180614190491329,0.6493172891254623,0.07988982839154468,0,0.7692847567530231,0.07010331866484304,172.0,0,0.7535087719298244,0.22161152510426094,3.85
MAIN-083,Gemma-3-4B-it,Q6_K,190,0,0.7715368945347635,0.03212801128306261,0.4830338059364318,0.06897012620938592,0,0.692213245127263,0.06626918006626854,171.4,0,0.770263157894737,0.2015743175947384,3.6
MAIN-083,Phi-4-mini-instruct,Q3_K_M,190,0,0.6621217649233969,0.038932583139206306,0.27180057034385796,0.07316265907633007,0,0.40529222419053795,0.12747479681657317,51.45,0,0.22631578947368422,0.40018792577968876,0.8
MAIN-083,Phi-4-mini-instruct,Q4_K_M,190,0,0.6427943245360725,0.05702020752229581,0.23888263575577282,0.10280117529521744,0,0.37413887986337857,0.15636465196106306,70.1,0,0.4114035087719298,0.47432778733767117,0.6
MAIN-083,Phi-4-mini-instruct,Q5_K_M,190,0,0.63067372629517,0.03384558788860001,0.21003077672455753,0.04280931672719538,0,0.4173969657733458,0.1328263663865558,72.15,0,0.21017543859649124,0.37389299459873077,0.95
MAIN-083,Phi-4-mini-instruct,Q6_K,190,0,0.6541883167467619,0.03258660357388094,0.24827151202933337,0.04709992524401189,0,0.512313315389797,0.08742902505129632,82.95,0,0.19122807017543858,0.3860199702508538,0.95
MAIN-083,Qwen-MediCare-BD,Q3_K_M,190,0,0.527513619002543,0.05992044364893897,0.1274707417300914,0.050703216479631635,0,0.20061576138807266,0.1295567322500827,40.95,0,0.631578947368421,0.4836508334066745,0.5
MAIN-083,Qwen-MediCare-BD,Q4_K_M,190,0,0.6059053778648377,0.0615458308299402,0.18419660268609814,0.05948045300268396,0,0.3000195046065794,0.12768905844579168,78.1,0,0.0754281537176274,0.24367509830323997,2.05
MAIN-083,Qwen-MediCare-BD,Q5_K_M,190,0,0.6687801690478073,0.035609269373915696,0.2728816121209545,0.08221406231710003,0,0.38445799234312583,0.10179616876514781,90.3,0,0.06310693176792248,0.16980026358658803,2.9
MAIN-083,Qwen-MediCare-BD,Q6_K,190,0,0.7011482539929842,0.04386100374336451,0.31976237052625506,0.08729320979414427,0,0.4784173789239934,0.10123456981782455,74.1,0,0.04662109820004556,0.15267316064564376,2.15
MAIN-084,Gemma-3-4B-it,Q3_K_M,190,0,0.7577416692909441,0.022314404145910783,0.42618189570235404,0.06163239595354007,0,0.6625688651430119,0.07173679777979702,152.35,0,0.48525898078529656,0.21535602875906462,4.05
MAIN-084,Gemma-3-4B-it,Q4_K_M,190,0,0.7835283480192485,0.02576633267461669,0.4349399528782786,0.08011562344073557,0,0.6773989174434342,0.060949872237770084,110.05,0,0.23473057644110273,0.2104785401996403,3.1
MAIN-084,Gemma-3-4B-it,Q5_K_M,190,0,0.8015908780850862,0.0427566711336082,0.5450013629653008,0.11131971291466425,0,0.7272326001105974,0.07981203208569443,151.7,0,0.4294862155388472,0.23072238904934073,3.55
MAIN-084,Gemma-3-4B-it,Q6_K,190,0,0.7879625226321973,0.0323319370268447,0.5159567341901473,0.08331248380512775,0,0.70656993348716,0.06066013383813626,154.8,0,0.4669402673350042,0.25397541988384487,4.25
MAIN-084,Phi-4-mini-instruct,Q3_K_M,190,0,0.6535354357016714,0.04179764056382615,0.27166743340387495,0.06932274968591651,0,0.5029969842987035,0.08778059373911161,72.25,0,0.6392105263157895,0.28455585844068254,1.5
MAIN-084,Phi-4-mini-instruct,Q4_K_M,190,0,0.6808775390449323,0.035074836785274184,0.31650236818010696,0.07154455442049404,0,0.5632901221972744,0.07583352657205998,78.85,0,0.4712280701754386,0.2823896735373585,1.6
MAIN-084,Phi-4-mini-instruct,Q5_K_M,190,0,0.6582198527298475,0.05648068427345986,0.2642799658786163,0.07057381123930329,0,0.4754843248620317,0.15112084421872538,79.65,0,0.6236842105263157,0.2572760002677034,1.45
MAIN-084,Phi-4-mini-instruct,Q6_K,190,0,0.6787384660620438,0.04232074029916751,0.295118746746605,0.08344949846956899,0,0.5600139927564127,0.08968305836058958,72.85,0,0.6973684210526315,0.26575921204325825,1.35
MAIN-084,Qwen-MediCare-BD,Q3_K_M,190,0,0.5749834917093578,0.06724699874861644,0.19393809528644457,0.05183758114145213,0,0.37314303090496115,0.116049140407545,58.85,0,0.40478715728715725,0.2903800737771365,2.55
MAIN-084,Qwen-MediCare-BD,Q4_K_M,190,0,0.6326046140570389,0.049427725714279204,0.22882619103906054,0.06638826670392407,0,0.3536329857113046,0.10353111484224203,78.8,0,0.19336822534190956,0.22256221574318266,3.5
MAIN-084,Qwen-MediCare-BD,Q5_K_M,190,0,0.6524992359311957,0.03727058544060012,0.22565665923575423,0.05341972932506108,0,0.3547514852873541,0.09757265261374462,99.7,0,0.06706734785682154,0.1386374053870254,4.0
MAIN-084,Qwen-MediCare-BD,Q6_K,190,0,0.6946397696670733,0.08279804898333958,0.3724495026770274,0.13235652544244655,0,0.450631662321491,0.16528404941595917,51.1,0,0.4325155546208178,0.34349184522814413,2.2
MAIN-085,Gemma-3-4B-it,Q3_K_M,190,0,0.7241366835016954,0.026033997379407255,0.34181711755527067,0.05792364208152455,0,0.5932849550926399,0.07151023151206538,150.05,0,1.0,0.0,0.0
MAIN-085,Gemma-3-4B-it,Q4_K_M,190,0,0.7696880503704674,0.02020671937660003,0.4451373163770998,0.05490463063885809,0,0.650792670018741,0.06570329901179867,154.3,0,0.8052631578947368,0.39704421702839243,0.1
MAIN-085,Gemma-3-4B-it,Q5_K_M,190,0,0.755193366188752,0.02478229050482871,0.4472987500286102,0.05106179520612486,0,0.601121649503601,0.06864167894002556,151.0,0,0.7157894736842105,0.4522292319117471,0.15
MAIN-085,Gemma-3-4B-it,Q6_K,190,0,0.7928703301831296,0.02249154612999317,0.5261388227361393,0.05216337702554457,0,0.679150256163923,0.05983497540981327,161.2,0,0.9,0.3007926037591192,0.05
MAIN-085,Phi-4-mini-instruct,Q3_K_M,190,0,0.6282153553084323,0.0343735679872775,0.20784988232516322,0.0351763475758893,0,0.38317831527109786,0.09675137516381392,72.3,0,1.0,0.0,0.0
MAIN-085,Phi-4-mini-instruct,Q4_K_M,190,0,0.6449788964108417,0.04942798636483495,0.21240256542243363,0.06030414560760642,0,0.3871328609026058,0.14292250760639585,70.0,0,0.9,0.30079260375911915,0.05
MAIN-085,Phi-4-mini-instruct,Q5_K_M,190,0,0.6349154153936788,0.04708133693895042,0.19565208731560443,0.052787635691504305,0,0.32610033136006716,0.1342478411357991,70.1,0,0.8052631578947368,0.39704421702839243,0.1
MAIN-085,Phi-4-mini-instruct,Q6_K,190,0,0.6447854829461951,0.03635315038479291,0.20780551969604982,0.049876151046171935,0,0.3788264012613077,0.10681677240768228,79.15,0,0.7210526315789474,0.4496664811893449,0.15
MAIN-085,Qwen-MediCare-BD,Q3_K_M,190,0,0.5621489970307602,0.07711916609359866,0.1859272856380418,0.07861809973525086,0,0.37640289601799687,0.12979473492247837,45.5,0,0.7157894736842105,0.4522292319117471,0.15
MAIN-085,Qwen-MediCare-BD,Q4_K_M,190,0,0.658532894912519,0.051947234931961454,0.2450225011195785,0.061998966055294646,0,0.3625836798260404,0.11679197920415012,58.65,0,0.8052631578947368,0.39704421702839243,0.2
MAIN-085,Qwen-MediCare-BD,Q5_K_M,190,0,0.6283905838665209,0.050589486429743175,0.20124377796375512,0.07076434778392243,0,0.2628728760671435,0.1132867959067473,87.7,0,0.16228070175438594,0.3119104482487309,1.55
MAIN-085,Qwen-MediCare-BD,Q6_K,190,0,0.6250994211749027,0.0558296817401526,0.18942930129113883,0.058197104004393936,0,0.26353813126800085,0.09455468266922774,77.05,0,0.04583333333333334,0.19371319414872493,1.55
MAIN-086,Gemma-3-4B-it,Q3_K_M,190,0,0.7947139457652443,0.03301667272642659,0.5271281015155327,0.07632955724937626,0,0.729766240914008,0.07228694199878732,136.2,0,0.5919423558897244,0.20182291958710658,3.9
MAIN-086,Gemma-3-4B-it,Q4_K_M,190,0,0.7977050931830155,0.034723557531233906,0.5001242583244067,0.0893984980933143,0,0.7005399419470608,0.08423365604188249,128.0,0,0.4691228070175439,0.3011322904512155,2.65
MAIN-086,Gemma-3-4B-it,Q5_K_M,190,0,0.7622358149603794,0.03585505110975547,0.4320033016982713,0.0917668367131894,0,0.6144525493064021,0.07025162705860258,152.5,0,0.4205012531328321,0.22546715571457304,3.35
MAIN-086,Gemma-3-4B-it,Q6_K,190,0,0.7608781105593632,0.03578441411238368,0.4077154213713678,0.08774610830393126,0,0.6547827605307659,0.07338080852256179,155.35,0,0.4151127819548872,0.2255316858967281,3.5
MAIN-086,Phi-4-mini-instruct,Q3_K_M,190,0,0.6564533945761228,0.030231135913889224,0.2748739307985938,0.059147754097658295,0,0.5664019211897521,0.07805398803075907,85.65,0,0.5264035087719299,0.24865940570670622,1.85
MAIN-086,Phi-4-mini-instruct,Q4_K_M,190,0,0.6719869685800453,0.034455584425397597,0.2859987374700551,0.06490932878657489,0,0.569619089558538,0.07023745473018563,79.25,0,0.6187719298245614,0.27175742746843756,1.7
MAIN-086,Phi-4-mini-instruct,Q5_K_M,190,0,0.6836892382094735,0.028992625589210588,0.2964496486671349,0.05464994503311569,0,0.5458435887153527,0.0875672934230084,86.65,0,0.5982456140350877,0.25958377668987564,1.6
MAIN-086,Phi-4-mini-instruct,Q6_K,190,0,0.6723409091171465,0.040440898709012116,0.2772413998879844,0.061479927136466134,0,0.5480999836371416,0.1102909191666158,101.75,0,0.5605263157894737,0.24620640399090227,1.65
MAIN-086,Qwen-MediCare-BD,Q3_K_M,190,0,0.588875307378016,0.05474716636020863,0.17222750786595778,0.0441970393372103,0,0.3554193702818099,0.11144350678825185,73.8,0,0.47023847497531707,0.3519232774122896,2.4
MAIN-086,Qwen-MediCare-BD,Q4_K_M,190,0,0.6327888705228505,0.045016652886944425,0.23083202116485046,0.04093908467275813,0,0.4847558501526052,0.1007040579529453,93.2,0,0.4157748538011696,0.2559036986405439,2.25
MAIN-086,Qwen-MediCare-BD,Q5_K_M,190,0,0.615595693807853,0.06019034355132818,0.18116138281464733,0.08194202228189933,0,0.2762231047220804,0.13850718024044698,98.15,0,0.1354722032353611,0.3295178278608656,2.05
MAIN-086,Qwen-MediCare-BD,Q6_K,190,0,0.6020677019106714,0.06219101279825696,0.16770559538929874,0.0732736908392811,0,0.27847266305364604,0.1445032208085073,83.95,0,0.09960336447178551,0.20911934056398132,2.85
MAIN-087,Gemma-3-4B-it,Q3_K_M,190,0,0.7446571550871196,0.029920232264090175,0.4130520111834459,0.07810010319589734,0,0.6108330069392628,0.08124735912988067,135.0,0,0.4862280701754386,0.22998117533145637,2.95
MAIN-087,Gemma-3-4B-it,Q4_K_M,190,0,0.7513352155685424,0.07902803467920007,0.45416785811940574,0.15683320515808896,0,0.5445711681027618,0.14536838636052957,120.65,0,0.39644110275689226,0.21626694574169908,3.4
MAIN-087,Gemma-3-4B-it,Q5_K_M,190,0,0.7496287361571663,0.02629198482279499,0.4598882639733709,0.065241080271338,0,0.6522479168220598,0.0710762812782922,174.7,0,0.5603508771929824,0.3421469626874393,2.1
MAIN-087,Gemma-3-4B-it,Q6_K,190,0,0.764334950321599,0.036824693482051266,0.49635055047138976,0.09030801392990352,0,0.6910246322570246,0.05624056835280027,163.8,0,0.5185964912280702,0.27728912742389633,2.0
MAIN-087,Phi-4-mini-instruct,Q3_K_M,190,0,0.6797636919899991,0.04125771509055574,0.32945999536039994,0.07207926472623588,0,0.49872076773748836,0.13245692729409156,63.8,0,0.524561403508772,0.2442380334062623,1.8
MAIN-087,Phi-4-mini-instruct,Q4_K_M,190,0,0.661790260515715,0.03313711150943662,0.25192173838637394,0.0669542595731113,0,0.44033342635729045,0.10418638627665569,77.15,0,0.20877192982456144,0.37784268120700704,0.9
MAIN-087,Phi-4-mini-instruct,Q5_K_M,190,0,0.666617026454524,0.0375494558858562,0.2405427734780949,0.058242794969912186,0,0.4375431175978158,0.09489584590919911,74.6,0,0.2153508771929825,0.27805228708382895,1.6
MAIN-087,Phi-4-mini-instruct,Q6_K,190,0,0.680602126372488,0.026266135629364185,0.2432453897114876,0.05259996588005808,0,0.45224040711112146,0.08985463870053305,75.05,0,0.13771929824561402,0.2893790157118632,1.35
MAIN-087,Qwen-MediCare-BD,Q3_K_M,190,0,0.5921163102513866,0.07781087200126455,0.1700800300528119,0.04233376715320917,0,0.27817462263791076,0.0909834852017379,55.5,0,0.4977151211361737,0.28104979829680815,1.95
MAIN-087,Qwen-MediCare-BD,Q4_K_M,190,0,0.6289532656732358,0.04804012310545571,0.20911087465664233,0.06753389036466045,0,0.29534721548637294,0.11543384871583653,89.05,0,0.22531155978524398,0.15248257826973943,3.7
MAIN-087,Qwen-MediCare-BD,Q5_K_M,190,0,0.6067425014157044,0.055787294874669095,0.17964505036770093,0.07961325553542675,0,0.23848413617707184,0.11152207112411984,72.75,0,0.1100298239771924,0.15272293752266777,4.1
MAIN-087,Qwen-MediCare-BD,Q6_K,190,0,0.6533546344230049,0.0516966783147713,0.24262666763766053,0.08613374777676515,0,0.3067971155007394,0.12501581279319635,65.6,0,0.3049508824508825,0.20346476111196155,3.2
MAIN-088,Gemma-3-4B-it,Q3_K_M,190,0,0.771195136559637,0.034853669396789355,0.49289976882928616,0.08580127192500421,0,0.6480904614216634,0.08833565506376485,117.3,0,0.795187969924812,0.19620341553345605,4.55
MAIN-088,Gemma-3-4B-it,Q4_K_M,190,0,0.7702760185066022,0.03069826142751867,0.44789827919172526,0.0898713002141718,0,0.6323455644071134,0.075850225948143,107.6,0,0.6123538011695906,0.4123049526282705,4.05
MAIN-088,Gemma-3-4B-it,Q5_K_M,190,0,0.7904765232613212,0.03839254956110785,0.4828475334283872,0.11882940895095391,0,0.6965922129845736,0.08120962779393714,96.95,0,0.7164035087719298,0.1987384083183021,4.15
MAIN-088,Gemma-3-4B-it,Q6_K,190,0,0.814668681747035,0.023626696980705634,0.5820970018906986,0.06301505494883747,0,0.745118396162142,0.062414036079704194,104.05,0,0.8866666666666667,0.16379537283530782,4.1
MAIN-088,Phi-4-mini-instruct,Q3_K_M,190,0,0.6252015650272369,0.051456446558880486,0.2534005886915049,0.08525138455232317,0,0.4680831448767773,0.10781804582693137,67.85,0,0.46754385964912276,0.22857800355653649,1.9
MAIN-088,Phi-4-mini-instruct,Q4_K_M,190,0,0.6509052154264952,0.03657375764589141,0.2494929144488139,0.062212647367373176,0,0.5170187967402601,0.09929548725380932,85.1,0,0.5085964912280702,0.19729003466257222,2.7
MAIN-088,Phi-4-mini-instruct,Q5_K_M,190,0,0.6451395094394684,0.02944910108008696,0.2249262611540332,0.04314020564965846,0,0.5148308062661561,0.08511467813814828,78.85,0,0.3882894736842106,0.2141136165061066,2.4
MAIN-088,Phi-4-mini-instruct,Q6_K,190,0,0.6552717142983486,0.035265680079139654,0.22657971328354748,0.04772039143484266,0,0.5166556797565129,0.0941292831643263,90.4,0,0.383734335839599,0.2047606311173391,2.65
MAIN-088,Qwen-MediCare-BD,Q3_K_M,190,0,0.6027017304771825,0.10121210785083723,0.23612997551491885,0.07973573411167811,0,0.4728889227128154,0.1132571586219443,50.2,0,0.5484210526315789,0.27531793052785053,1.75
MAIN-088,Qwen-MediCare-BD,Q4_K_M,190,0,0.6263697501860167,0.058468626609847744,0.20411218806604506,0.09550860764743134,0,0.43566744125092677,0.13335471675381408,74.6,0,0.22511069340016704,0.22272587583199083,2.75
MAIN-088,Qwen-MediCare-BD,Q5_K_M,190,0,0.6394092173952806,0.04712664338639729,0.24230195843177435,0.08623281556099868,0,0.40262083472415827,0.12412525722211594,54.55,0,0.2992063492063492,0.29596951124246224,2.45
MAIN-088,Qwen-MediCare-BD,Q6_K,190,0,0.6390049487352372,0.05613820064404544,0.22154598247108384,0.08608070928892418,0,0.3910017086100184,0.1265075553836828,54.85,0,0.08719298245614035,0.2627909784661413,1.55
MAIN-089,Gemma-3-4B-it,Q3_K_M,190,0,0.7641149602438274,0.018237518277444794,0.4295273895321492,0.04970088525372475,0,0.6513412293345164,0.06334090309877288,127.65,0,0.36491228070175435,0.4550938018847073,1.05
MAIN-089,Gemma-3-4B-it,Q4_K_M,190,0,0.7831557283276006,0.02304802106315717,0.48001814278056826,0.06938056192546069,0,0.6442501633773444,0.07109658125857445,159.25,0,0.33715538847117793,0.3180481799490271,2.65
MAIN-089,Gemma-3-4B-it,Q5_K_M,171,19,0.7750281789149457,0.024016681408837937,0.4586913924794077,0.061104248858539545,19,0.6415925127712633,0.056887020151828206,156.26315789473685,19,0.26949317738791423,0.3851111414813228,1.1578947368421053
MAIN-089,Gemma-3-4B-it,Q6_K,190,0,0.7864304843701815,0.02164546591539968,0.4835811325552935,0.05668531028025022,0,0.6763642644777134,0.04895278675608824,152.2,0,0.3323684210526316,0.41379497737508203,1.95
MAIN-089,Phi-4-mini-instruct,Q3_K_M,190,0,0.6247818015123668,0.030922014199286113,0.18645591552709087,0.053555058092020755,0,0.26604579079288376,0.11408530257663325,64.7,0,0.42894736842105263,0.49489878968338086,0.4
MAIN-089,Phi-4-mini-instruct,Q4_K_M,190,0,0.6361174147380025,0.03474361942546942,0.19783647085965672,0.05279980452530483,0,0.3115468467398812,0.12520786268810716,73.05,0,0.4394736842105263,0.4936311165212288,0.4
MAIN-089,Phi-4-mini-instruct,Q5_K_M,190,0,0.6301414439552708,0.0316117951903274,0.18205247093304885,0.047259702225770264,0,0.3290037136433013,0.10880457123311973,72.1,0,0.15789473684210525,0.3413872011036513,1.0
MAIN-089,Phi-4-mini-instruct,Q6_K,190,0,0.6577082542996657,0.037501592982328386,0.20720258767302258,0.04621047134776815,0,0.38347300665077816,0.08672398884485491,71.85,0,0.5684210526315789,0.4966050154331745,0.25
MAIN-089,Qwen-MediCare-BD,Q3_K_M,190,0,0.5396691218802804,0.08187287398138181,0.12928018803236857,0.042383729210237045,0,0.23423023623736855,0.10267484123394253,45.85,0,0.21052631578947367,0.3956038005741133,0.85
MAIN-089,Qwen-MediCare-BD,Q4_K_M,190,0,0.631110734061191,0.037711339042848464,0.20503647306921832,0.05791446057219717,0,0.2990850867871203,0.1337055315610252,95.25,0,0.08429824561403508,0.2551537074004569,1.3
MAIN-089,Qwen-MediCare-BD,Q5_K_M,190,0,0.6303509988282856,0.059851044816406275,0.19481640308013323,0.07625761093551327,0,0.29410654502957667,0.1441014272250072,89.55,0,0.029561403508771927,0.1109739127885256,2.15
MAIN-089,Qwen-MediCare-BD,Q6_K,190,0,0.600653350823804,0.0587385380320276,0.1546107291754359,0.06985702490587188,0,0.24034508542942512,0.14805754247292058,85.55,0,0.21234335839598997,0.38891071763098173,1.75
MAIN-090,Gemma-3-4B-it,Q3_K_M,190,0,0.7430909677555687,0.03261417444342321,0.3679484645260782,0.0870295668317323,0,0.6133977667889629,0.07972344974368786,108.5,0,1.0,0.0,0.0
MAIN-090,Gemma-3-4B-it,Q4_K_M,190,0,0.8185911413870359,0.04182052939633415,0.5242773548229346,0.10519465537811859,0,0.7063799416826076,0.10969225258773065,80.95,0,1.0,0.0,0.0
MAIN-090,Gemma-3-4B-it,Q5_K_M,190,0,0.7900299015798067,0.026242319779355927,0.45259465131666904,0.06825472812603683,0,0.6545843626300403,0.08651744382871296,74.3,0,1.0,0.0,0.0
MAIN-090,Gemma-3-4B-it,Q6_K,190,0,0.7887295208479229,0.044444972150615526,0.4286491463754418,0.11825869594176369,0,0.6316673346616873,0.10208574898712386,90.0,0,1.0,0.0,0.0
MAIN-090,Phi-4-mini-instruct,Q3_K_M,190,0,0.6575991194499167,0.041690334349449416,0.26314570910449797,0.06062270301515871,0,0.3950498554971722,0.11211967059374169,47.4,0,1.0,0.0,0.0
MAIN-090,Phi-4-mini-instruct,Q4_K_M,190,0,0.6536366494078385,0.05338147837428388,0.2713658946524536,0.0662743384843048,0,0.45264663064637795,0.11854693136431793,53.95,0,1.0,0.0,0.0
MAIN-090,Phi-4-mini-instruct,Q5_K_M,190,0,0.6737460848532225,0.039046983945496154,0.28555688151839104,0.06195184829350179,0,0.434709289182819,0.10094346712968551,57.55,0,0.9,0.30079260375911915,0.05
MAIN-090,Phi-4-mini-instruct,Q6_K,190,0,0.6871300603214063,0.04510577846704962,0.3080356482136899,0.0761371016736456,0,0.43822609514425187,0.10416648542498082,49.3,0,0.9,0.30079260375911915,0.05
MAIN-090,Qwen-MediCare-BD,Q3_K_M,190,0,0.6958024217894203,0.17617712570766242,0.4624017826413764,0.3337455252553633,0,0.5952551196972643,0.2823080280548858,29.35,0,1.0,0.0,0.0
MAIN-090,Qwen-MediCare-BD,Q4_K_M,190,0,0.6631268623628115,0.04120731479554575,0.28566424383508493,0.0704162077052295,0,0.40604420485910186,0.10512242369006874,61.8,0,0.487719298245614,0.4988181831226002,0.55
MAIN-090,Qwen-MediCare-BD,Q5_K_M,190,0,0.6414814908253519,0.03457210363635062,0.21536152438124329,0.05108229580566789,0,0.28802384467298053,0.09485281434102251,100.35,0,0.12739766081871343,0.2671469900509414,2.05
MAIN-090,Qwen-MediCare-BD,Q6_K,190,0,0.6410390828785143,0.04241709583300705,0.22418339255531303,0.0696594964994198,0,0.33373426511213566,0.09208125066575772,74.6,0,0.3510526315789474,0.47559369454885064,1.0
MAIN-091,Gemma-3-4B-it,Q3_K_M,190,0,0.7678258174344113,0.027844410899657515,0.48464452031749045,0.06145999300393109,0,0.6725828991732292,0.07125591132701475,149.5,0,0.7518546365914787,0.20223192798412748,4.65
MAIN-091,Gemma-3-4B-it,Q4_K_M,190,0,0.7526934871548101,0.021148862302312173,0.4323688877247577,0.0561063489344618,0,0.6403134017148097,0.055536911106179816,145.8,0,0.3978696741854636,0.17617246361324854,3.6
MAIN-091,Gemma-3-4B-it,Q5_K_M,190,0,0.7500275806376808,0.025567665008859687,0.44141789581017576,0.06372643056807913,0,0.609764565646676,0.06613499644978094,155.15,0,0.3444235588972432,0.2868573738114288,2.2
MAIN-091,Gemma-3-4B-it,Q6_K,190,0,0.7660865664482117,0.024079997796028214,0.4859279670668166,0.06457713364787811,0,0.6467280749122069,0.054390913813937174,146.55,0,0.594561403508772,0.21639777243704525,3.8
MAIN-091,Phi-4-mini-instruct,Q3_K_M,190,0,0.6258442815981413,0.042629124081763316,0.23646983777125077,0.06394696245418173,0,0.45077905680079783,0.14209434801934281,79.35,0,0.5299999999999999,0.24877241227663352,1.65
MAIN-091,Phi-4-mini-instruct,Q4_K_M,190,0,0.6455049659076489,0.0409797903124719,0.2363196498845203,0.07271139953700215,0,0.4345973078487487,0.14126456309130986,98.95,0,0.4362280701754386,0.27674216586633504,1.75
MAIN-091,Phi-4-mini-instruct,Q5_K_M,190,0,0.6493417482627065,0.031282267135527154,0.2423252539725081,0.05189802245324806,0,0.4963772158686135,0.11963496719354307,94.4,0,0.3625438596491228,0.20749256690471876,2.25
MAIN-091,Phi-4-mini-instruct,Q6_K,190,0,0.6439899847695701,0.04184364097677261,0.2392622085670653,0.05832852094763805,0,0.5025478637298864,0.1183450662008293,90.65,0,0.5165789473684211,0.2499059045050154,1.85
MAIN-091,Qwen-MediCare-BD,Q3_K_M,190,0,0.5632861573445169,0.07676441091379402,0.1433264447586073,0.04828678311751609,0,0.29626321264637634,0.1498436243063372,51.8,0,0.2214035087719298,0.3759343692165281,1.1
MAIN-091,Qwen-MediCare-BD,Q4_K_M,190,0,0.6115326255559921,0.07455815626107164,0.20344640360372943,0.09777983456688331,0,0.4052682974876232,0.18005551797846372,68.4,0,0.10146616541353383,0.24012191439891062,2.0
MAIN-091,Qwen-MediCare-BD,Q5_K_M,171,19,0.6929033900562086,0.03927517173117157,0.3065442397264351,0.0769761870564763,19,0.4487417576321338,0.12157870735700287,62.0,19,0.13796802612592085,0.17131006147010494,3.210526315789474
MAIN-091,Qwen-MediCare-BD,Q6_K,190,0,0.6698528201956498,0.060723605969844274,0.28178384398468964,0.08036336843341729,0,0.41165426441518693,0.11942161463456237,59.7,0,0.0869393750113157,0.19698832936874278,2.55
MAIN-092,Gemma-3-4B-it,Q3_K_M,190,0,0.6967859964621694,0.017460218565085096,0.3036378629876562,0.036376869664751836,0,0.5596443850075813,0.1102407017478252,148.15,0,0.8105263157894737,0.3929197945030012,0.1
MAIN-092,Gemma-3-4B-it,Q4_K_M,190,0,0.7143367196384229,0.02720364808551764,0.3508447095286277,0.05936085609643632,0,0.6918673312045936,0.063685426823116,163.75,0,0.7315789473684211,0.44430866764787996,0.15
MAIN-092,Gemma-3-4B-it,Q5_K_M,190,0,0.7202103219534222,0.017987229194424678,0.3566911779371588,0.047577393918647994,0,0.6303483386347827,0.10395795063610391,157.45,0,0.9,0.30079260375911915,0.05
MAIN-092,Gemma-3-4B-it,Q6_K,190,0,0.7186299057383286,0.022335303902400953,0.3435468223608397,0.05260167292200225,0,0.5866456149463563,0.08484396626538866,140.7,0,0.9,0.30079260375911915,0.05
MAIN-092,Phi-4-mini-instruct,Q3_K_M,190,0,0.621484375470563,0.05379712321571516,0.20589089282970824,0.09035213299581803,0,0.29032062870606695,0.13174698136493102,41.0,0,1.0,0.0,0.0
MAIN-092,Phi-4-mini-instruct,Q4_K_M,190,0,0.6226621005095934,0.05200480942462666,0.20887282315586977,0.07191494608283502,0,0.3605049422283122,0.1563231871408655,62.85,0,0.7210526315789474,0.4496664811893448,0.15
MAIN-092,Phi-4-mini-instruct,Q5_K_M,190,0,0.6194764083937595,0.032704408313701534,0.19168032897526782,0.044447279035982834,0,0.3523972469800812,0.12644725424858672,69.5,0,0.9,0.30079260375911915,0.05
MAIN-092,Phi-4-mini-instruct,Q6_K,190,0,0.6332017123699188,0.025163257577074754,0.19923045234002024,0.03768470751883416,0,0.34152645123563735,0.13427621750878813,72.0,0,0.6368421052631579,0.48218037231442745,0.2
MAIN-092,Qwen-MediCare-BD,Q3_K_M,190,0,0.5617152154445648,0.09268064095180233,0.12461344958655882,0.05478682212562275,0,0.22139978755609663,0.10835295806741332,39.65,0,0.7157894736842105,0.4522292319117471,0.4
MAIN-092,Qwen-MediCare-BD,Q4_K_M,190,0,0.5820336483026806,0.048247091491726256,0.14988177601381372,0.04360575188829623,0,0.21613225804482017,0.09095269159591356,108.8,0,0.038552631578947366,0.1779001608568611,2.55
MAIN-092,Qwen-MediCare-BD,Q5_K_M,190,0,0.5856464062866412,0.04037630353151602,0.15869108130234466,0.03713632764396056,0,0.31653593475980896,0.1289505658338061,140.0,0,0.1836714747241063,0.20352851735586514,3.1
MAIN-092,Qwen-MediCare-BD,Q6_K,190,0,0.599259509852058,0.04465123183968133,0.17214415322979515,0.04860029652789284,0,0.2724261767427545,0.1416893945447203,132.05,0,0.22620091896407685,0.2903719557273998,2.2
MAIN-093,Gemma-3-4B-it,Q3_K_M,190,0,0.7502554783695623,0.01716931727752848,0.3977392923227524,0.0474865774345706,0,0.6420744413857503,0.05473336829757661,131.5,0,0.4800000000000001,0.25012166351767007,1.9
MAIN-093,Gemma-3-4B-it,Q4_K_M,190,0,0.7542232322065454,0.030860814531429213,0.4457394694815115,0.08481222733592701,0,0.6606577231369235,0.07932898479124305,112.25,0,0.35140350877192983,0.32853390643465974,1.9
MAIN-093,Gemma-3-4B-it,Q5_K_M,190,0,0.7350872221745943,0.04331613457688029,0.3827956775920635,0.10130351839230568,0,0.598220708938894,0.11148787085528261,101.65,0,0.6159649122807017,0.26829217743333583,1.7
MAIN-093,Gemma-3-4B-it,Q6_K,190,0,0.7380220927690205,0.025410355077637753,0.3822843573820936,0.06592238007387795,0,0.6372141837226033,0.07070319344315905,123.6,0,0.44815789473684214,0.22021140151476362,2.5
MAIN-093,Phi-4-mini-instruct,Q3_K_M,190,0,0.6492837513747968,0.04860758814451633,0.2394491238462759,0.08170654170388807,0,0.4012469126213531,0.11935232010296391,34.05,0,0.45789473684210524,0.4995403066435886,0.65
MAIN-093,Phi-4-mini-instruct,Q4_K_M,190,0,0.6351303809567501,0.03338997958996031,0.2040536997099912,0.05102143526345247,0,0.366531043218105,0.09799056337742136,55.85,0,0.38333333333333336,0.3867856959650584,1.15
MAIN-093,Phi-4-mini-instruct,Q5_K_M,190,0,0.645429297497398,0.04005042649091335,0.22251898583960325,0.057018117761134336,0,0.3497627990242898,0.10075360750528099,56.4,0,0.8260526315789473,0.2810200777619369,1.25
MAIN-093,Phi-4-mini-instruct,Q6_K,190,0,0.6476941491428174,0.024209444702401425,0.220896439442114,0.03663562114477577,0,0.40027894011551834,0.09013597678562521,69.0,0,0.6199122807017544,0.3450621588919597,1.45
MAIN-093,Qwen-MediCare-BD,Q3_K_M,0,190,,,,,190,,,,190,,,0.0
MAIN-093,Qwen-MediCare-BD,Q4_K_M,190,0,0.5560647001391963,0.1964882862357384,0.20491042858417258,0.29704823905992006,0,0.24592607703696276,0.3191519341021821,38.5,0,0.26885964912280697,0.3899300320991662,1.15
MAIN-093,Qwen-MediCare-BD,Q5_K_M,190,0,0.9350310767951765,0.19542204495795076,0.9006896551724138,0.29871817200905626,0,0.9,0.30079260375911915,4.85,0,0.9,0.30079260375911915,0.2
MAIN-093,Qwen-MediCare-BD,Q6_K,190,0,1.0,0.0,1.0,0.0,0,1.0,0.0,0.0,0,1.0,0.0,0.0
MAIN-094,Gemma-3-4B-it,Q3_K_M,190,0,0.7729781593147077,0.024639904385901308,0.4676051217254177,0.0527031239667146,0,0.6579502197116696,0.06448639450593506,128.55,0,0.9666666666666668,0.10026420125303974,2.95
MAIN-094,Gemma-3-4B-it,Q4_K_M,190,0,0.7946462753571962,0.05321798909961929,0.5318244083016496,0.1073892421696292,0,0.6742211713002758,0.10522108600394023,101.4,0,0.47798245614035084,0.2821388239415536,2.3
MAIN-094,Gemma-3-4B-it,Q5_K_M,190,0,0.7797983935004786,0.0377667621353016,0.5074796743654643,0.08508278989579912,0,0.6549092934734365,0.08138538897477161,141.8,0,0.806140350877193,0.20908316744480737,2.75
MAIN-094,Gemma-3-4B-it,Q6_K,190,0,0.7991728967741916,0.02793447247164132,0.5423396283415721,0.05993344705482354,0,0.6705039768332882,0.07416080522374208,140.2,0,0.8417543859649123,0.16862820462347253,2.9
MAIN-094,Phi-4-mini-instruct,Q3_K_M,190,0,0.6754572385235836,0.03330681623557844,0.2910498237972227,0.05151362388017433,0,0.46403462795593003,0.12558831532546022,83.55,0,0.38048872180451127,0.2646380312503089,2.25
MAIN-094,Phi-4-mini-instruct,Q4_K_M,190,0,0.678698080778122,0.02643773528988391,0.2746506969762483,0.0468768996703421,0,0.4436738247959771,0.10098987800577038,91.6,0,0.3685087719298246,0.21216209759183785,2.2
MAIN-094,Phi-4-mini-instruct,Q5_K_M,190,0,0.6713682444472062,0.03601202890046813,0.270531330658734,0.06293860475791314,0,0.5049165831639143,0.11680943651575876,98.6,0,0.387280701754386,0.26562943700416536,2.1
MAIN-094,Phi-4-mini-instruct,Q6_K,190,0,0.6926808181561922,0.02820158044280634,0.28328150497128707,0.053313058106389206,0,0.4856761102902709,0.10379382816587959,90.8,0,0.26587719298245616,0.2720428457826459,1.95
MAIN-094,Qwen-MediCare-BD,Q3_K_M,190,0,0.6060990939014836,0.07334829336679202,0.18754303073374365,0.04019024511964569,0,0.39321538757173935,0.11057977387263321,63.55,0,0.5240201465201466,0.3395092927339751,2.15
MAIN-094,Qwen-MediCare-BD,Q4_K_M,190,0,0.6269573341859015,0.10078904154259513,0.23206099923797266,0.12274658574155696,0,0.36307722891879296,0.1757742468894228,74.1,0,0.11452172096908939,0.2140586495825868,2.65
MAIN-094,Qwen-MediCare-BD,Q5_K_M,190,0,0.6463681147286766,0.07046294104780594,0.26267975257932036,0.109265241815051,0,0.38437655025185763,0.12907498629879638,64.4,0,0.38062656641604004,0.2650753165753988,2.6
MAIN-094,Qwen-MediCare-BD,Q6_K,190,0,0.675264500003112,0.08680273376247542,0.28952013330548165,0.1216228931710341,0,0.3375920279909445,0.17203382216026977,47.95,0,0.3310025062656642,0.3149853169795389,2.2
MAIN-095,Gemma-3-4B-it,Q3_K_M,190,0,0.7475340080888648,0.03263418504947354,0.4239044257569761,0.07681807980647512,0,0.6129719064128338,0.0805521131769868,126.6,0,0.7763157894736844,0.20672239885965563,2.25
MAIN-095,Gemma-3-4B-it,Q4_K_M,190,0,0.7501897909139332,0.026715041011680554,0.4541287767551192,0.06746359288966586,0,0.6677281140593175,0.05869666520238132,156.6,0,0.6721929824561403,0.23882462075795688,2.9
MAIN-095,Gemma-3-4B-it,Q5_K_M,190,0,0.8096812913292333,0.02825795465912117,0.5400520176395712,0.07900253010796585,0,0.7227140399795455,0.06850978522660785,102.35,0,1.0,0.0,2.0
MAIN-095,Gemma-3-4B-it,Q6_K,190,0,0.7529880664850536,0.047769572392359495,0.4302303477063342,0.08667120206531032,0,0.6212948023482419,0.0962952989566979,114.9,0,0.6596491228070175,0.25921101910271976,1.65
MAIN-095,Phi-4-mini-instruct,Q3_K_M,190,0,0.663271879522424,0.029962787800709177,0.28808355288286047,0.05317468515296326,0,0.5805386279462524,0.0749272341939755,72.95,0,0.693859649122807,0.26614314386276317,1.35
MAIN-095,Phi-4-mini-instruct,Q4_K_M,190,0,0.6488347615066328,0.037358986138204126,0.2593488270105488,0.06451458376363152,0,0.567008763830432,0.0988923533189588,80.45,0,0.5763157894736842,0.2530423808111733,1.55
MAIN-095,Phi-4-mini-instruct,Q5_K_M,190,0,0.6421684854908993,0.04297067571898941,0.24815571383097595,0.06409483262556456,0,0.5975116671256835,0.09384096050817316,78.5,0,0.5400877192982456,0.24859923484636764,1.65
MAIN-095,Phi-4-mini-instruct,Q6_K,190,0,0.6546893863301528,0.03755756691529054,0.26843100925308155,0.059403940652512865,0,0.5864010912107291,0.09942497461309764,77.2,0,0.5359649122807018,0.23402914380426446,1.65
MAIN-095,Qwen-MediCare-BD,Q3_K_M,190,0,0.5867577748863321,0.08025788301632597,0.23619932950591438,0.13345890421328452,0,0.5633070287993285,0.16342056124372517,56.85,0,0.556601337259232,0.39007052931453884,2.5
MAIN-095,Qwen-MediCare-BD,Q4_K_M,190,0,0.5747796977821149,0.05104940550384878,0.1336228241745882,0.05760707479630033,0,0.20814927116682425,0.1303411857563781,87.5,0,0.08180659983291562,0.1961767236627177,2.7
MAIN-095,Qwen-MediCare-BD,Q5_K_M,190,0,0.6558192664071133,0.037168251385996,0.24494481473095966,0.07072268620457099,0,0.4238632599809135,0.1155271380281717,61.25,0,0.22505012531328322,0.2353513737013082,2.4
MAIN-095,Qwen-MediCare-BD,Q6_K,190,0,0.6419371319444556,0.03520911425277084,0.23772904803171452,0.06541030741888858,0,0.3656012990999311,0.1250381452651674,74.55,0,0.2592731829573935,0.2501493509864038,2.4
MAIN-096,Gemma-3-4B-it,Q3_K_M,190,0,0.7374300749678361,0.026763380963375553,0.3594879944521605,0.06267187398995318,0,0.6303161295135629,0.06144608700502815,141.2,0,0.12324561403508773,0.29864822517441264,1.05
MAIN-096,Gemma-3-4B-it,Q4_K_M,190,0,0.7997505385624735,0.024084212289045247,0.5315402487265528,0.057949736431554155,0,0.6175436883319065,0.06870392270021512,130.7,0,0.18157894736842106,0.3813476958930095,0.7
MAIN-096,Gemma-3-4B-it,Q5_K_M,190,0,0.7743623623722478,0.019578095329481775,0.480097807869358,0.04229546058678594,0,0.6542955118262402,0.055376529003639666,140.25,0,0.48947368421052634,0.498563796411427,0.4
MAIN-096,Gemma-3-4B-it,Q6_K,190,0,0.7788264566346219,0.019471198126541727,0.46675162996920977,0.05454686991946417,0,0.6305953681386659,0.057945590995840394,146.05,0,0.21228070175438593,0.40203926475843155,0.7
MAIN-096,Phi-4-mini-instruct,Q3_K_M,190,0,0.6360050044561687,0.034194212853690634,0.1966236045735423,0.050041297520955284,0,0.3671954090151924,0.1428691899940442,79.2,0,0.42105263157894735,0.4950324102140691,0.35
MAIN-096,Phi-4-mini-instruct,Q4_K_M,190,0,0.6482838586757057,0.028698447346085794,0.19844699280060615,0.03852322752428042,0,0.4002719793755619,0.11132351507291229,88.55,0,0.8052631578947368,0.3970442170283925,0.1
MAIN-096,Phi-4-mini-instruct,Q5_K_M,190,0,0.6557179745874907,0.022219997672621127,0.20382022853774276,0.03458075667918013,0,0.43846715529549624,0.10054691587758113,96.7,0,0.8052631578947368,0.39704421702839243,0.1
MAIN-096,Phi-4-mini-instruct,Q6_K,190,0,0.6538999290842759,0.025253381866087596,0.2109588376279762,0.03273458541922493,0,0.43164467194574846,0.08990496211295394,87.9,0,0.6447368421052632,0.47570463937876717,0.25
MAIN-096,Qwen-MediCare-BD,Q3_K_M,190,0,0.5769229692848106,0.07986744267088955,0.1363096031969617,0.028889962666718078,0,0.27831811150531904,0.10850033609047843,75.7,0,0.043266499582289064,0.15845962976324127,2.5
MAIN-096,Qwen-MediCare-BD,Q4_K_M,190,0,0.6530928643126237,0.043783925743344505,0.22336250627511092,0.06297817942873378,0,0.3989275872655745,0.1261801632181588,75.15,0,0.11228070175438595,0.2837372422014526,1.15
MAIN-096,Qwen-MediCare-BD,Q5_K_M,190,0,0.6439877899069535,0.03413492212593945,0.20509740925351286,0.05524415566189435,0,0.35113203590866293,0.08367315050594135,114.25,0,0.025962823725981625,0.07917318737439416,2.7
MAIN-096,Qwen-MediCare-BD,Q6_K,190,0,0.6418900778419093,0.03949077593602689,0.19301599950491583,0.04911155511869779,0,0.36238509957434606,0.11716123375596536,81.45,0,0.058909774436090225,0.1969817152861131,1.65
MAIN-097,Gemma-3-4B-it,Q3_K_M,190,0,0.7466194134009512,0.019559429937681033,0.38463173725170335,0.05823586799636938,0,0.6512206992892698,0.05961304583196438,146.15,0,0.5792982456140351,0.2676867151741731,3.25
MAIN-097,Gemma-3-4B-it,Q4_K_M,190,0,0.7496012775521529,0.027286433846732214,0.41933264435831613,0.06985671171542852,0,0.638380440535802,0.06685876588065111,136.8,0,0.8156140350877195,0.20534896706207564,3.1
MAIN-097,Gemma-3-4B-it,Q5_K_M,190,0,0.7452346243356404,0.02554072555591535,0.41673117796569215,0.06247039875508873,0,0.6744184280455918,0.06286851719934243,152.25,0,0.9052631578947369,0.15364019516461783,2.15
MAIN-097,Gemma-3-4B-it,Q6_K,190,0,0.7451813186469831,0.028598131178220514,0.3916151473514442,0.07429045101056106,0,0.6449505027134258,0.058961678589625574,148.2,0,0.5976315789473684,0.26298484285015805,2.6
MAIN-097,Phi-4-mini-instruct,Q3_K_M,190,0,0.6471518767507453,0.03781056123284339,0.2616847169270305,0.062177835838159994,0,0.5692055545464965,0.107362391841172,71.8,0,0.18333333333333332,0.3742717796994117,0.8
MAIN-097,Phi-4-mini-instruct,Q4_K_M,190,0,0.5968214893027356,0.08910781874833335,0.19380196433979738,0.07704746451782939,0,0.4808876192843003,0.193870454570084,84.15,0,0.7175438596491227,0.450079151841229,0.25
MAIN-097,Phi-4-mini-instruct,Q5_K_M,190,0,0.6154900227722369,0.03626397497042261,0.20175855954723546,0.05083155792972664,0,0.5634122758866253,0.1393745858004119,87.85,0,0.48157894736842105,0.49965875294615975,0.35
MAIN-097,Phi-4-mini-instruct,Q6_K,190,0,0.6372539852794848,0.03391678122157195,0.2180407969666602,0.06591296064815792,0,0.5984552082883544,0.1004620783063257,89.85,0,0.5526315789473685,0.4985358680134323,0.25
MAIN-097,Qwen-MediCare-BD,Q3_K_M,190,0,0.5750803715304325,0.08724393351688003,0.15947273753498004,0.06004962011885762,0,0.40761362891463176,0.1596262492011263,59.35,0,0.13392439431913117,0.29669479324606574,1.65
MAIN-097,Qwen-MediCare-BD,Q4_K_M,190,0,0.6006192127340718,0.05229730211751585,0.17739688078735277,0.06334635574830914,0,0.457143834405985,0.15540683186833357,110.1,0,0.07796157059314954,0.17659905012074023,2.65
MAIN-097,Qwen-MediCare-BD,Q5_K_M,190,0,0.6319871797373421,0.05070978697854867,0.21572276267825577,0.06245245422657798,0,0.44231272191269994,0.12996836273003157,108.55,0,0.09671888053467,0.24479143285076993,2.4
MAIN-097,Qwen-MediCare-BD,Q6_K,190,0,0.6022542567629563,0.047402377637197526,0.17670226481183443,0.04882464812947563,0,0.4299703219115177,0.14366550338946119,108.1,0,0.08293859649122808,0.18488833826698428,2.0
MAIN-098,Gemma-3-4B-it,Q3_K_M,190,0,0.7699094866451465,0.02431213659050729,0.4191648393872416,0.056657102723851833,0,0.6118721657142994,0.08839440113716994,140.9,0,0.1393859649122807,0.30973320645163516,1.25
MAIN-098,Gemma-3-4B-it,Q4_K_M,190,0,0.7823769719977128,0.025476180757924183,0.4419599776969097,0.06675710217056231,0,0.6511386123231477,0.09850539742890099,116.7,0,0.3083333333333333,0.4531999687116181,0.75
MAIN-098,Gemma-3-4B-it,Q5_K_M,190,0,0.7704762201560171,0.0401846322200681,0.4378273867167042,0.09495147867688128,0,0.6761676593979568,0.09151519844358917,144.2,0,0.18008771929824563,0.2492428119947367,1.8
MAIN-098,Gemma-3-4B-it,Q6_K,190,0,0.8043713651205364,0.025470613499112355,0.522631174791301,0.06414484268871035,0,0.7446382904252159,0.06351296020458885,152.95,0,0.6710526315789473,0.3258526600520502,1.55
MAIN-098,Phi-4-mini-instruct,Q3_K_M,190,0,0.6499551487596411,0.03585136267450623,0.2519741382932332,0.06503598237896224,0,0.39576646016558176,0.1047824757090244,83.0,0,0.5543859649122808,0.49716545463130524,0.35
MAIN-098,Phi-4-mini-instruct,Q4_K_M,190,0,0.6564381244935488,0.023390053508032378,0.22513389603346556,0.04140732945880687,0,0.4507973813079556,0.1020317683377054,105.75,0,0.7210526315789474,0.4496664811893449,0.15
MAIN-098,Phi-4-mini-instruct,Q5_K_M,190,0,0.6655819924254166,0.022168159111239916,0.23942617987143755,0.03881067599493934,0,0.43739646569636675,0.08974087527394788,106.65,0,0.24210526315789474,0.41059485750455965,0.85
MAIN-098,Phi-4-mini-instruct,Q6_K,190,0,0.662176231334084,0.019922362760012226,0.2357870311500273,0.03307113731906238,0,0.4243476997325032,0.0838345547285403,112.8,0,0.2333333333333333,0.40673344928273614,0.75
MAIN-098,Qwen-MediCare-BD,Q3_K_M,190,0,0.5869521315160551,0.08320678675202227,0.11534880738166954,0.047118289279898536,0,0.1774381034847965,0.12769517327920218,51.45,0,0.24122807017543857,0.42525948854789664,0.95
MAIN-098,Qwen-MediCare-BD,Q4_K_M,190,0,0.6259189495914861,0.0456017095661014,0.19123748288441175,0.04672113932161054,0,0.31136496755462656,0.1236614260288043,93.15,0,0.13651629072681706,0.31934004820359946,1.65
MAIN-098,Qwen-MediCare-BD,Q5_K_M,190,0,0.6105031509148447,0.0481211213220538,0.1848326404831498,0.05471445014600824,0,0.3206693180591787,0.11852463107742756,109.75,0,0.08385964912280702,0.2711424718566898,1.9
MAIN-098,Qwen-MediCare-BD,Q6_K,190,0,0.6234571340836976,0.03851266501129515,0.20561580562136866,0.046833438732623085,0,0.32156527044219024,0.11802613832778566,85.35,0,0.1594047619047619,0.35466219930827664,2.25
MAIN-099,Gemma-3-4B-it,Q3_K_M,190,0,0.7504948176835713,0.023243781140748748,0.3828644964018046,0.06087608438220166,0,0.5668223728746171,0.10171507267835563,137.85,0,1.0,0.0,1.0
MAIN-099,Gemma-3-4B-it,Q4_K_M,190,0,0.752605926049383,0.02354984200729956,0.4072369143776538,0.055268177637870265,0,0.5840882904305875,0.08180019538049747,127.1,0,1.0,0.0,1.0
MAIN-099,Gemma-3-4B-it,Q5_K_M,190,0,0.7741960911374343,0.023535464825819204,0.4588921039401811,0.05389645475600377,0,0.7115728965497978,0.049429759338563264,143.55,0,1.0,0.0,1.0
MAIN-099,Gemma-3-4B-it,Q6_K,190,0,0.7791430372940866,0.018364224042499055,0.4630572843373119,0.04633552169979955,0,0.6828212547076054,0.07086845588310846,156.95,0,1.0,0.0,1.0
MAIN-099,Phi-4-mini-instruct,Q3_K_M,190,0,0.6521930973780783,0.03905333063255195,0.25767090948347676,0.07681274039285,0,0.4009400250728018,0.12061522269859966,52.1,0,1.0,0.0,1.0
MAIN-099,Phi-4-mini-instruct,Q4_K_M,190,0,0.6592008393061789,0.04267861441256354,0.2841594729831429,0.06978222382812826,0,0.41716454707307754,0.09818138521667145,58.55,0,1.0,0.0,1.0
MAIN-099,Phi-4-mini-instruct,Q5_K_M,190,0,0.5778243991889451,0.09756591729145062,0.2431922647487517,0.08175368895839957,0,0.34291030461756333,0.21489053688174717,73.55,0,0.8526315789473684,0.3201659970455333,1.0
MAIN-099,Phi-4-mini-instruct,Q6_K,171,19,0.636310506982413,0.0491594632751026,0.2607733904819405,0.046193915081484446,19,0.40642700843505497,0.1084363922009838,65.42105263157895,19,0.9473684210526315,0.15389675281277312,1.0526315789473684
MAIN-099,Qwen-MediCare-BD,Q3_K_M,190,0,0.5784852212981174,0.07310964602473088,0.15372839649543896,0.03945977693429464,0,0.22343065442093818,0.14156292910790302,61.9,0,0.6029824561403507,0.409495459245486,1.35
MAIN-099,Qwen-MediCare-BD,Q4_K_M,190,0,0.5855777367165215,0.04938678638009132,0.16665125715494192,0.056300821916041834,0,0.23869121436274712,0.13572552422648365,106.3,0,0.18730196703880914,0.3760116191199975,1.7
MAIN-099,Qwen-MediCare-BD,Q5_K_M,190,0,0.6232821483361094,0.046278113600503816,0.19980861173655634,0.049430460183923976,0,0.2850370515627234,0.10996263860985409,126.95,0,0.14956140350877192,0.2971916080288833,1.95
MAIN-099,Qwen-MediCare-BD,Q6_K,190,0,0.6044766546864259,0.0444709203822389,0.17041416026068146,0.05732636251019707,0,0.22992263957972148,0.11521739794093065,83.0,0,0.14771929824561403,0.29341800251413913,1.65
MAIN-100,Gemma-3-4B-it,Q3_K_M,190,0,0.756817342733082,0.02816721491355804,0.4012600773921918,0.07501231874110574,0,0.616841158534918,0.06030475706035475,135.55,0,0.26090643274853803,0.3255200149205344,2.45
MAIN-100,Gemma-3-4B-it,Q4_K_M,190,0,0.7681521522371393,0.026766233984474794,0.43625226035177156,0.07199939189350131,0,0.6457912684868922,0.07130776374708321,158.2,0,0.24022556390977443,0.3205598824215536,2.85
MAIN-100,Gemma-3-4B-it,Q5_K_M,190,0,0.7750673843057532,0.026500013603221146,0.4274016543810984,0.07005961349931877,0,0.6379764178662927,0.058368334355540154,142.65,0,0.26982456140350874,0.4231283422142299,1.5
MAIN-100,Gemma-3-4B-it,Q6_K,190,0,0.7882285118103027,0.025926676837129327,0.5003673673823377,0.07348752193770666,0,0.6514300410978023,0.06726331275053249,153.75,0,0.31359649122807015,0.44121604017615756,1.1
MAIN-100,Phi-4-mini-instruct,Q3_K_M,190,0,0.623501906740038,0.04742749048716876,0.2001316067743824,0.05652013651805527,0,0.4772286297879055,0.13286649610336324,45.9,0,0.27192982456140347,0.41894623804224757,0.85
MAIN-100,Phi-4-mini-instruct,Q4_K_M,190,0,0.6431927928799077,0.03443683540759279,0.19080977794880702,0.05376709877946804,0,0.4399737613564252,0.09861432281374774,85.7,0,0.1232456140350877,0.2881283097747493,1.05
MAIN-100,Phi-4-mini-instruct,Q5_K_M,190,0,0.6392875078477358,0.05345143714147185,0.20578369420073953,0.08023901122307074,0,0.44618316201105307,0.11276700556359667,68.65,0,0.10219298245614036,0.2726557139318308,1.1
MAIN-100,Phi-4-mini-instruct,Q6_K,190,0,0.642519559044587,0.03596999756120711,0.1948751354192944,0.050146135492654995,0,0.45384601734225977,0.09872113058268167,84.2,0,0.2,0.3932858010917608,0.7
MAIN-100,Qwen-MediCare-BD,Q3_K_M,190,0,0.5343556821346283,0.0714242695420628,0.11733402822576289,0.05828404103295961,0,0.3392753000046506,0.14588872195630687,58.9,0,0.05526315789473684,0.22619157542713159,1.15
MAIN-100,Qwen-MediCare-BD,Q4_K_M,190,0,0.6085969887281719,0.04265676368143078,0.1764708049902048,0.04414606618646716,0,0.3438605117433211,0.10400365383477511,100.7,0,0.031198830409356722,0.10964081035356514,2.25
MAIN-100,Qwen-MediCare-BD,Q5_K_M,190,0,0.6243019238898628,0.03996953090475869,0.20182566470489233,0.05510555242862394,0,0.3197312701808928,0.11221423324681705,119.8,0,0.09276315789473684,0.2025892831417891,2.35
MAIN-100,Qwen-MediCare-BD,Q6_K,190,0,0.601702889956926,0.058583231180655865,0.1599552145821265,0.0808656423330044,0,0.29567313348770685,0.13011758800710427,88.1,0,0.05119047619047619,0.20432590676093754,1.85
